22:53:12 rearm-backend-6d79d5dcc8-rj9w4         169m   4513Mi   
22:53:12 rearm-keycloak-0                       2m     723Mi    
22:53:12 rearm-keycloak-postgres-0              1m     33Mi     
22:53:12 rearm-oci-artifact-5c8686f45c-mmxzz    1m     42Mi     
22:53:12 rearm-postgresql-0                     171m   359Mi    
22:53:12 rearm-rebom-backend-768fd58455-46nwc   0m     125Mi    
22:53:12 rearm-rebom-backend-768fd58455-dp9ps   1m     93Mi     
22:53:12 rearm-rebom-backend-768fd58455-tmqdc   0m     59Mi     
22:53:12 rearm-rebom-backend-768fd58455-vkfb5   1m     133Mi    
22:53:12 rearm-rebom-postgres-0                 12m    154Mi    
22:53:12 rearm-ui-5c9b8ddf9d-krkqk              1m     3Mi      
22:53:12 testreg-66bb8f476c-wt2mf               1m     1139Mi   
22:53:12 zottest-ff7cfd65c-xbgvk                8m     72Mi     
22:53:43 rearm-backend-6d79d5dcc8-rj9w4         194m   4515Mi   
22:53:43 rearm-keycloak-0                       2m     723Mi    
22:53:43 rearm-keycloak-postgres-0              1m     33Mi     
22:53:43 rearm-oci-artifact-5c8686f45c-mmxzz    159m   64Mi     
22:53:43 rearm-postgresql-0                     134m   290Mi    
22:53:43 rearm-rebom-backend-768fd58455-46nwc   13m    122Mi    
22:53:43 rearm-rebom-backend-768fd58455-dp9ps   35m    74Mi     
22:53:43 rearm-rebom-backend-768fd58455-tmqdc   29m    70Mi     
22:53:43 rearm-rebom-backend-768fd58455-vkfb5   67m    114Mi    
22:53:43 rearm-rebom-postgres-0                 153m   163Mi    
22:53:43 rearm-ui-5c9b8ddf9d-krkqk              7m     3Mi      
22:53:43 testreg-66bb8f476c-wt2mf               1m     1139Mi   
22:53:43 zottest-ff7cfd65c-xbgvk                990m   87Mi     
22:54:14 rearm-backend-6d79d5dcc8-rj9w4         206m    4521Mi   
22:54:14 rearm-keycloak-0                       2m      723Mi    
22:54:14 rearm-keycloak-postgres-0              1m      33Mi     
22:54:14 rearm-oci-artifact-5c8686f45c-mmxzz    249m    47Mi     
22:54:14 rearm-postgresql-0                     239m    302Mi    
22:54:14 rearm-rebom-backend-768fd58455-46nwc   61m     110Mi    
22:54:14 rearm-rebom-backend-768fd58455-dp9ps   27m     92Mi     
22:54:14 rearm-rebom-backend-768fd58455-tmqdc   26m     86Mi     
22:54:14 rearm-rebom-backend-768fd58455-vkfb5   42m     113Mi    
22:54:14 rearm-rebom-postgres-0                 299m    175Mi    
22:54:14 rearm-ui-5c9b8ddf9d-krkqk              7m      3Mi      
22:54:14 testreg-66bb8f476c-wt2mf               1m      1139Mi   
22:54:14 zottest-ff7cfd65c-xbgvk                1902m   90Mi     
22:54:44 rearm-backend-6d79d5dcc8-rj9w4         295m    4525Mi   
22:54:44 rearm-keycloak-0                       2m      723Mi    
22:54:44 rearm-keycloak-postgres-0              1m      33Mi     
22:54:44 rearm-oci-artifact-5c8686f45c-mmxzz    248m    64Mi     
22:54:44 rearm-postgresql-0                     400m    312Mi    
22:54:44 rearm-rebom-backend-768fd58455-46nwc   54m     122Mi    
22:54:44 rearm-rebom-backend-768fd58455-dp9ps   48m     90Mi     
22:54:44 rearm-rebom-backend-768fd58455-tmqdc   35m     89Mi     
22:54:44 rearm-rebom-backend-768fd58455-vkfb5   40m     131Mi    
22:54:44 rearm-rebom-postgres-0                 329m    173Mi    
22:54:44 rearm-ui-5c9b8ddf9d-krkqk              7m      3Mi      
22:54:44 testreg-66bb8f476c-wt2mf               1m      1139Mi   
22:54:44 zottest-ff7cfd65c-xbgvk                2961m   117Mi    
22:55:15 rearm-backend-6d79d5dcc8-rj9w4         271m    4530Mi   
22:55:15 rearm-keycloak-0                       2m      723Mi    
22:55:15 rearm-keycloak-postgres-0              1m      33Mi     
22:55:15 rearm-oci-artifact-5c8686f45c-mmxzz    255m    68Mi     
22:55:15 rearm-postgresql-0                     390m    335Mi    
22:55:15 rearm-rebom-backend-768fd58455-46nwc   47m     127Mi    
22:55:15 rearm-rebom-backend-768fd58455-dp9ps   43m     118Mi    
22:55:15 rearm-rebom-backend-768fd58455-tmqdc   35m     116Mi    
22:55:15 rearm-rebom-backend-768fd58455-vkfb5   35m     135Mi    
22:55:15 rearm-rebom-postgres-0                 306m    175Mi    
22:55:15 rearm-ui-5c9b8ddf9d-krkqk              7m      3Mi      
22:55:15 testreg-66bb8f476c-wt2mf               1m      1139Mi   
22:55:15 zottest-ff7cfd65c-xbgvk                3114m   128Mi    
22:55:46 rearm-backend-6d79d5dcc8-rj9w4         203m    4446Mi   
22:55:46 rearm-keycloak-0                       2m      723Mi    
22:55:46 rearm-keycloak-postgres-0              1m      33Mi     
22:55:46 rearm-oci-artifact-5c8686f45c-mmxzz    243m    65Mi     
22:55:46 rearm-postgresql-0                     346m    333Mi    
22:55:46 rearm-rebom-backend-768fd58455-46nwc   42m     126Mi    
22:55:46 rearm-rebom-backend-768fd58455-dp9ps   35m     119Mi    
22:55:46 rearm-rebom-backend-768fd58455-tmqdc   31m     117Mi    
22:55:46 rearm-rebom-backend-768fd58455-vkfb5   34m     131Mi    
22:55:46 rearm-rebom-postgres-0                 269m    173Mi    
22:55:46 rearm-ui-5c9b8ddf9d-krkqk              7m      3Mi      
22:55:46 testreg-66bb8f476c-wt2mf               1m      1139Mi   
22:55:46 zottest-ff7cfd65c-xbgvk                3381m   112Mi    
22:56:17 rearm-backend-6d79d5dcc8-rj9w4         140m    4269Mi   
22:56:17 rearm-keycloak-0                       2m      723Mi    
22:56:17 rearm-keycloak-postgres-0              1m      33Mi     
22:56:17 rearm-oci-artifact-5c8686f45c-mmxzz    227m    58Mi     
22:56:17 rearm-postgresql-0                     264m    333Mi    
22:56:17 rearm-rebom-backend-768fd58455-46nwc   32m     131Mi    
22:56:17 rearm-rebom-backend-768fd58455-dp9ps   31m     122Mi    
22:56:17 rearm-rebom-backend-768fd58455-tmqdc   25m     117Mi    
22:56:17 rearm-rebom-backend-768fd58455-vkfb5   31m     134Mi    
22:56:17 rearm-rebom-postgres-0                 234m    175Mi    
22:56:17 rearm-ui-5c9b8ddf9d-krkqk              6m      3Mi      
22:56:17 testreg-66bb8f476c-wt2mf               1m      1139Mi   
22:56:17 zottest-ff7cfd65c-xbgvk                3393m   111Mi    
22:56:48 rearm-backend-6d79d5dcc8-rj9w4         127m    4092Mi   
22:56:48 rearm-keycloak-0                       2m      723Mi    
22:56:48 rearm-keycloak-postgres-0              1m      33Mi     
22:56:48 rearm-oci-artifact-5c8686f45c-mmxzz    201m    68Mi     
22:56:48 rearm-postgresql-0                     264m    333Mi    
22:56:48 rearm-rebom-backend-768fd58455-46nwc   39m     127Mi    
22:56:48 rearm-rebom-backend-768fd58455-dp9ps   31m     118Mi    
22:56:48 rearm-rebom-backend-768fd58455-tmqdc   23m     115Mi    
22:56:48 rearm-rebom-backend-768fd58455-vkfb5   28m     135Mi    
22:56:48 rearm-rebom-postgres-0                 227m    173Mi    
22:56:48 rearm-ui-5c9b8ddf9d-krkqk              6m      3Mi      
22:56:48 testreg-66bb8f476c-wt2mf               1m      1139Mi   
22:56:48 zottest-ff7cfd65c-xbgvk                3456m   127Mi    
22:57:18 rearm-backend-6d79d5dcc8-rj9w4         133m    3916Mi   
22:57:18 rearm-keycloak-0                       2m      723Mi    
22:57:18 rearm-keycloak-postgres-0              1m      33Mi     
22:57:18 rearm-oci-artifact-5c8686f45c-mmxzz    191m    67Mi     
22:57:18 rearm-postgresql-0                     254m    332Mi    
22:57:18 rearm-rebom-backend-768fd58455-46nwc   32m     129Mi    
22:57:18 rearm-rebom-backend-768fd58455-dp9ps   27m     118Mi    
22:57:18 rearm-rebom-backend-768fd58455-tmqdc   23m     118Mi    
22:57:18 rearm-rebom-backend-768fd58455-vkfb5   26m     132Mi    
22:57:18 rearm-rebom-postgres-0                 208m    173Mi    
22:57:18 rearm-ui-5c9b8ddf9d-krkqk              5m      3Mi      
22:57:18 testreg-66bb8f476c-wt2mf               1m      1139Mi   
22:57:18 zottest-ff7cfd65c-xbgvk                3523m   123Mi    
22:57:49 rearm-backend-6d79d5dcc8-rj9w4         148m    3829Mi   
22:57:49 rearm-keycloak-0                       2m      723Mi    
22:57:49 rearm-keycloak-postgres-0              1m      33Mi     
22:57:49 rearm-oci-artifact-5c8686f45c-mmxzz    184m    67Mi     
22:57:49 rearm-postgresql-0                     269m    329Mi    
22:57:49 rearm-rebom-backend-768fd58455-46nwc   29m     126Mi    
22:57:49 rearm-rebom-backend-768fd58455-dp9ps   24m     120Mi    
22:57:49 rearm-rebom-backend-768fd58455-tmqdc   22m     115Mi    
22:57:49 rearm-rebom-backend-768fd58455-vkfb5   26m     132Mi    
22:57:49 rearm-rebom-postgres-0                 197m    173Mi    
22:57:49 rearm-ui-5c9b8ddf9d-krkqk              5m      3Mi      
22:57:49 testreg-66bb8f476c-wt2mf               1m      1139Mi   
22:57:49 zottest-ff7cfd65c-xbgvk                3573m   124Mi    
22:58:20 rearm-backend-6d79d5dcc8-rj9w4         109m    3561Mi   
22:58:20 rearm-keycloak-0                       2m      723Mi    
22:58:20 rearm-keycloak-postgres-0              1m      33Mi     
22:58:20 rearm-oci-artifact-5c8686f45c-mmxzz    174m    57Mi     
22:58:20 rearm-postgresql-0                     273m    330Mi    
22:58:20 rearm-rebom-backend-768fd58455-46nwc   30m     125Mi    
22:58:20 rearm-rebom-backend-768fd58455-dp9ps   26m     120Mi    
22:58:20 rearm-rebom-backend-768fd58455-tmqdc   16m     116Mi    
22:58:20 rearm-rebom-backend-768fd58455-vkfb5   24m     131Mi    
22:58:20 rearm-rebom-postgres-0                 192m    173Mi    
22:58:20 rearm-ui-5c9b8ddf9d-krkqk              5m      3Mi      
22:58:20 testreg-66bb8f476c-wt2mf               1m      1139Mi   
22:58:20 zottest-ff7cfd65c-xbgvk                3638m   129Mi    
22:58:51 rearm-backend-6d79d5dcc8-rj9w4         99m     3383Mi   
22:58:51 rearm-keycloak-0                       2m      723Mi    
22:58:51 rearm-keycloak-postgres-0              1m      33Mi     
22:58:51 rearm-oci-artifact-5c8686f45c-mmxzz    157m    59Mi     
22:58:51 rearm-postgresql-0                     259m    333Mi    
22:58:51 rearm-rebom-backend-768fd58455-46nwc   25m     128Mi    
22:58:51 rearm-rebom-backend-768fd58455-dp9ps   21m     126Mi    
22:58:51 rearm-rebom-backend-768fd58455-tmqdc   24m     115Mi    
22:58:51 rearm-rebom-backend-768fd58455-vkfb5   16m     137Mi    
22:58:51 rearm-rebom-postgres-0                 173m    173Mi    
22:58:51 rearm-ui-5c9b8ddf9d-krkqk              5m      3Mi      
22:58:51 testreg-66bb8f476c-wt2mf               1m      1139Mi   
22:58:51 zottest-ff7cfd65c-xbgvk                3594m   139Mi    
22:59:22 rearm-backend-6d79d5dcc8-rj9w4         101m    3205Mi   
22:59:22 rearm-keycloak-0                       2m      723Mi    
22:59:22 rearm-keycloak-postgres-0              1m      33Mi     
22:59:22 rearm-oci-artifact-5c8686f45c-mmxzz    160m    68Mi     
22:59:22 rearm-postgresql-0                     254m    334Mi    
22:59:22 rearm-rebom-backend-768fd58455-46nwc   22m     126Mi    
22:59:22 rearm-rebom-backend-768fd58455-dp9ps   26m     123Mi    
22:59:22 rearm-rebom-backend-768fd58455-tmqdc   29m     117Mi    
22:59:22 rearm-rebom-backend-768fd58455-vkfb5   17m     133Mi    
22:59:22 rearm-rebom-postgres-0                 174m    173Mi    
22:59:22 rearm-ui-5c9b8ddf9d-krkqk              5m      3Mi      
22:59:22 testreg-66bb8f476c-wt2mf               1m      1139Mi   
22:59:22 zottest-ff7cfd65c-xbgvk                3650m   123Mi    
22:59:52 rearm-backend-6d79d5dcc8-rj9w4         91m     3208Mi   
22:59:52 rearm-keycloak-0                       2m      723Mi    
22:59:52 rearm-keycloak-postgres-0              1m      33Mi     
22:59:52 rearm-oci-artifact-5c8686f45c-mmxzz    146m    58Mi     
22:59:52 rearm-postgresql-0                     255m    336Mi    
22:59:52 rearm-rebom-backend-768fd58455-46nwc   26m     128Mi    
22:59:52 rearm-rebom-backend-768fd58455-dp9ps   15m     121Mi    
22:59:52 rearm-rebom-backend-768fd58455-tmqdc   25m     113Mi    
22:59:52 rearm-rebom-backend-768fd58455-vkfb5   22m     133Mi    
22:59:52 rearm-rebom-postgres-0                 164m    173Mi    
22:59:52 rearm-ui-5c9b8ddf9d-krkqk              4m      3Mi      
22:59:52 testreg-66bb8f476c-wt2mf               1m      1139Mi   
22:59:52 zottest-ff7cfd65c-xbgvk                3654m   151Mi    
23:00:23 rearm-backend-6d79d5dcc8-rj9w4         115m    3210Mi   
23:00:23 rearm-keycloak-0                       2m      723Mi    
23:00:23 rearm-keycloak-postgres-0              1m      33Mi     
23:00:23 rearm-oci-artifact-5c8686f45c-mmxzz    141m    66Mi     
23:00:23 rearm-postgresql-0                     274m    337Mi    
23:00:23 rearm-rebom-backend-768fd58455-46nwc   24m     126Mi    
23:00:23 rearm-rebom-backend-768fd58455-dp9ps   14m     121Mi    
23:00:23 rearm-rebom-backend-768fd58455-tmqdc   21m     119Mi    
23:00:23 rearm-rebom-backend-768fd58455-vkfb5   19m     136Mi    
23:00:23 rearm-rebom-postgres-0                 167m    173Mi    
23:00:23 rearm-ui-5c9b8ddf9d-krkqk              4m      3Mi      
23:00:23 testreg-66bb8f476c-wt2mf               1m      1139Mi   
23:00:23 zottest-ff7cfd65c-xbgvk                3675m   144Mi    
23:00:54 rearm-backend-6d79d5dcc8-rj9w4         86m     3212Mi   
23:00:54 rearm-keycloak-0                       2m      723Mi    
23:00:54 rearm-keycloak-postgres-0              1m      33Mi     
23:00:54 rearm-oci-artifact-5c8686f45c-mmxzz    136m    62Mi     
23:00:54 rearm-postgresql-0                     284m    337Mi    
23:00:54 rearm-rebom-backend-768fd58455-46nwc   27m     124Mi    
23:00:54 rearm-rebom-backend-768fd58455-dp9ps   13m     120Mi    
23:00:54 rearm-rebom-backend-768fd58455-tmqdc   22m     115Mi    
23:00:54 rearm-rebom-backend-768fd58455-vkfb5   20m     133Mi    
23:00:54 rearm-rebom-postgres-0                 153m    173Mi    
23:00:54 rearm-ui-5c9b8ddf9d-krkqk              4m      3Mi      
23:00:54 testreg-66bb8f476c-wt2mf               1m      1139Mi   
23:00:54 zottest-ff7cfd65c-xbgvk                3641m   147Mi    
23:01:25 rearm-backend-6d79d5dcc8-rj9w4         87m     3208Mi   
23:01:25 rearm-keycloak-0                       3m      723Mi    
23:01:25 rearm-keycloak-postgres-0              1m      33Mi     
23:01:25 rearm-oci-artifact-5c8686f45c-mmxzz    128m    61Mi     
23:01:25 rearm-postgresql-0                     274m    340Mi    
23:01:25 rearm-rebom-backend-768fd58455-46nwc   26m     126Mi    
23:01:25 rearm-rebom-backend-768fd58455-dp9ps   15m     117Mi    
23:01:25 rearm-rebom-backend-768fd58455-tmqdc   22m     113Mi    
23:01:25 rearm-rebom-backend-768fd58455-vkfb5   18m     136Mi    
23:01:25 rearm-rebom-postgres-0                 144m    173Mi    
23:01:25 rearm-ui-5c9b8ddf9d-krkqk              4m      3Mi      
23:01:25 testreg-66bb8f476c-wt2mf               1m      1139Mi   
23:01:25 zottest-ff7cfd65c-xbgvk                3720m   149Mi    
23:01:56 rearm-backend-6d79d5dcc8-rj9w4         78m     3210Mi   
23:01:56 rearm-keycloak-0                       2m      723Mi    
23:01:56 rearm-keycloak-postgres-0              1m      33Mi     
23:01:56 rearm-oci-artifact-5c8686f45c-mmxzz    124m    56Mi     
23:01:56 rearm-postgresql-0                     111m    337Mi    
23:01:56 rearm-rebom-backend-768fd58455-46nwc   23m     123Mi    
23:01:56 rearm-rebom-backend-768fd58455-dp9ps   17m     117Mi    
23:01:56 rearm-rebom-backend-768fd58455-tmqdc   23m     116Mi    
23:01:56 rearm-rebom-backend-768fd58455-vkfb5   19m     135Mi    
23:01:56 rearm-rebom-postgres-0                 141m    173Mi    
23:01:56 rearm-ui-5c9b8ddf9d-krkqk              4m      3Mi      
23:01:56 testreg-66bb8f476c-wt2mf               1m      1139Mi   
23:01:56 zottest-ff7cfd65c-xbgvk                3831m   157Mi    
23:02:26 rearm-backend-6d79d5dcc8-rj9w4         102m    3210Mi   
23:02:26 rearm-keycloak-0                       2m      723Mi    
23:02:26 rearm-keycloak-postgres-0              1m      33Mi     
23:02:26 rearm-oci-artifact-5c8686f45c-mmxzz    120m    63Mi     
23:02:26 rearm-postgresql-0                     209m    338Mi    
23:02:26 rearm-rebom-backend-768fd58455-46nwc   24m     127Mi    
23:02:26 rearm-rebom-backend-768fd58455-dp9ps   13m     120Mi    
23:02:26 rearm-rebom-backend-768fd58455-tmqdc   20m     113Mi    
23:02:26 rearm-rebom-backend-768fd58455-vkfb5   18m     136Mi    
23:02:26 rearm-rebom-postgres-0                 141m    173Mi    
23:02:26 rearm-ui-5c9b8ddf9d-krkqk              4m      3Mi      
23:02:26 testreg-66bb8f476c-wt2mf               1m      1139Mi   
23:02:26 zottest-ff7cfd65c-xbgvk                3732m   154Mi    
23:02:57 rearm-backend-6d79d5dcc8-rj9w4         74m     3211Mi   
23:02:57 rearm-keycloak-0                       2m      723Mi    
23:02:57 rearm-keycloak-postgres-0              1m      33Mi     
23:02:57 rearm-oci-artifact-5c8686f45c-mmxzz    127m    62Mi     
23:02:57 rearm-postgresql-0                     88m     333Mi    
23:02:57 rearm-rebom-backend-768fd58455-46nwc   20m     127Mi    
23:02:57 rearm-rebom-backend-768fd58455-dp9ps   12m     120Mi    
23:02:57 rearm-rebom-backend-768fd58455-tmqdc   20m     115Mi    
23:02:57 rearm-rebom-backend-768fd58455-vkfb5   18m     133Mi    
23:02:57 rearm-rebom-postgres-0                 135m    173Mi    
23:02:57 rearm-ui-5c9b8ddf9d-krkqk              3m      3Mi      
23:02:57 testreg-66bb8f476c-wt2mf               1m      1139Mi   
23:02:57 zottest-ff7cfd65c-xbgvk                3742m   152Mi    
23:03:28 rearm-backend-6d79d5dcc8-rj9w4         97m     3212Mi   
23:03:28 rearm-keycloak-0                       2m      723Mi    
23:03:28 rearm-keycloak-postgres-0              1m      33Mi     
23:03:28 rearm-oci-artifact-5c8686f45c-mmxzz    119m    68Mi     
23:03:28 rearm-postgresql-0                     111m    333Mi    
23:03:28 rearm-rebom-backend-768fd58455-46nwc   23m     123Mi    
23:03:28 rearm-rebom-backend-768fd58455-dp9ps   11m     122Mi    
23:03:28 rearm-rebom-backend-768fd58455-tmqdc   14m     117Mi    
23:03:28 rearm-rebom-backend-768fd58455-vkfb5   16m     136Mi    
23:03:28 rearm-rebom-postgres-0                 129m    173Mi    
23:03:28 rearm-ui-5c9b8ddf9d-krkqk              4m      3Mi      
23:03:28 testreg-66bb8f476c-wt2mf               1m      1139Mi   
23:03:28 zottest-ff7cfd65c-xbgvk                3786m   157Mi    
23:03:59 rearm-backend-6d79d5dcc8-rj9w4         75m     3214Mi   
23:03:59 rearm-keycloak-0                       2m      723Mi    
23:03:59 rearm-keycloak-postgres-0              1m      33Mi     
23:03:59 rearm-oci-artifact-5c8686f45c-mmxzz    123m    63Mi     
23:03:59 rearm-postgresql-0                     88m     327Mi    
23:03:59 rearm-rebom-backend-768fd58455-46nwc   15m     123Mi    
23:03:59 rearm-rebom-backend-768fd58455-dp9ps   30m     117Mi    
23:03:59 rearm-rebom-backend-768fd58455-tmqdc   8m      116Mi    
23:03:59 rearm-rebom-backend-768fd58455-vkfb5   14m     80Mi     
23:03:59 rearm-rebom-postgres-0                 128m    173Mi    
23:03:59 rearm-ui-5c9b8ddf9d-krkqk              3m      3Mi      
23:03:59 testreg-66bb8f476c-wt2mf               1m      1139Mi   
23:03:59 zottest-ff7cfd65c-xbgvk                3782m   202Mi    
23:04:29 rearm-backend-6d79d5dcc8-rj9w4         70m     3216Mi   
23:04:29 rearm-keycloak-0                       2m      723Mi    
23:04:29 rearm-keycloak-postgres-0              1m      33Mi     
23:04:29 rearm-oci-artifact-5c8686f45c-mmxzz    123m    70Mi     
23:04:29 rearm-postgresql-0                     107m    324Mi    
23:04:29 rearm-rebom-backend-768fd58455-46nwc   17m     124Mi    
23:04:29 rearm-rebom-backend-768fd58455-dp9ps   27m     116Mi    
23:04:29 rearm-rebom-backend-768fd58455-tmqdc   12m     116Mi    
23:04:29 rearm-rebom-backend-768fd58455-vkfb5   16m     96Mi     
23:04:29 rearm-rebom-postgres-0                 128m    173Mi    
23:04:29 rearm-ui-5c9b8ddf9d-krkqk              3m      3Mi      
23:04:29 testreg-66bb8f476c-wt2mf               1m      1139Mi   
23:04:29 zottest-ff7cfd65c-xbgvk                3854m   171Mi    
23:05:00 rearm-backend-6d79d5dcc8-rj9w4         67m     3125Mi   
23:05:00 rearm-keycloak-0                       2m      723Mi    
23:05:00 rearm-keycloak-postgres-0              1m      33Mi     
23:05:00 rearm-oci-artifact-5c8686f45c-mmxzz    121m    64Mi     
23:05:00 rearm-postgresql-0                     99m     325Mi    
23:05:00 rearm-rebom-backend-768fd58455-46nwc   10m     128Mi    
23:05:00 rearm-rebom-backend-768fd58455-dp9ps   22m     121Mi    
23:05:00 rearm-rebom-backend-768fd58455-tmqdc   8m      118Mi    
23:05:00 rearm-rebom-backend-768fd58455-vkfb5   20m     108Mi    
23:05:00 rearm-rebom-postgres-0                 131m    171Mi    
23:05:00 rearm-ui-5c9b8ddf9d-krkqk              3m      3Mi      
23:05:00 testreg-66bb8f476c-wt2mf               1m      1139Mi   
23:05:00 zottest-ff7cfd65c-xbgvk                3853m   179Mi    
23:05:31 rearm-backend-6d79d5dcc8-rj9w4         81m     2946Mi   
23:05:31 rearm-keycloak-0                       2m      723Mi    
23:05:31 rearm-keycloak-postgres-0              1m      33Mi     
23:05:31 rearm-oci-artifact-5c8686f45c-mmxzz    119m    68Mi     
23:05:31 rearm-postgresql-0                     106m    324Mi    
23:05:31 rearm-rebom-backend-768fd58455-46nwc   10m     128Mi    
23:05:31 rearm-rebom-backend-768fd58455-dp9ps   23m     121Mi    
23:05:31 rearm-rebom-backend-768fd58455-tmqdc   8m      115Mi    
23:05:31 rearm-rebom-backend-768fd58455-vkfb5   21m     134Mi    
23:05:31 rearm-rebom-postgres-0                 126m    174Mi    
23:05:31 rearm-ui-5c9b8ddf9d-krkqk              3m      3Mi      
23:05:31 testreg-66bb8f476c-wt2mf               1m      1139Mi   
23:05:31 zottest-ff7cfd65c-xbgvk                3856m   181Mi    
23:06:02 rearm-backend-6d79d5dcc8-rj9w4         90m     2854Mi   
23:06:02 rearm-keycloak-0                       2m      723Mi    
23:06:02 rearm-keycloak-postgres-0              1m      33Mi     
23:06:02 rearm-oci-artifact-5c8686f45c-mmxzz    114m    66Mi     
23:06:02 rearm-postgresql-0                     104m    327Mi    
23:06:02 rearm-rebom-backend-768fd58455-46nwc   10m     126Mi    
23:06:02 rearm-rebom-backend-768fd58455-dp9ps   24m     118Mi    
23:06:02 rearm-rebom-backend-768fd58455-tmqdc   12m     112Mi    
23:06:02 rearm-rebom-backend-768fd58455-vkfb5   17m     136Mi    
23:06:02 rearm-rebom-postgres-0                 120m    173Mi    
23:06:02 rearm-ui-5c9b8ddf9d-krkqk              3m      3Mi      
23:06:02 testreg-66bb8f476c-wt2mf               1m      1139Mi   
23:06:02 zottest-ff7cfd65c-xbgvk                3862m   174Mi    
23:06:33 rearm-backend-6d79d5dcc8-rj9w4         73m     2766Mi   
23:06:33 rearm-keycloak-0                       2m      723Mi    
23:06:33 rearm-keycloak-postgres-0              1m      33Mi     
23:06:33 rearm-oci-artifact-5c8686f45c-mmxzz    109m    65Mi     
23:06:33 rearm-postgresql-0                     109m    321Mi    
23:06:33 rearm-rebom-backend-768fd58455-46nwc   16m     124Mi    
23:06:33 rearm-rebom-backend-768fd58455-dp9ps   23m     122Mi    
23:06:33 rearm-rebom-backend-768fd58455-tmqdc   7m      115Mi    
23:06:33 rearm-rebom-backend-768fd58455-vkfb5   16m     135Mi    
23:06:33 rearm-rebom-postgres-0                 119m    173Mi    
23:06:33 rearm-ui-5c9b8ddf9d-krkqk              3m      3Mi      
23:06:33 testreg-66bb8f476c-wt2mf               1m      1139Mi   
23:06:33 zottest-ff7cfd65c-xbgvk                3887m   174Mi    
23:07:03 rearm-backend-6d79d5dcc8-rj9w4         66m     2677Mi   
23:07:03 rearm-keycloak-0                       2m      723Mi    
23:07:03 rearm-keycloak-postgres-0              1m      33Mi     
23:07:03 rearm-oci-artifact-5c8686f45c-mmxzz    107m    71Mi     
23:07:03 rearm-postgresql-0                     113m    324Mi    
23:07:03 rearm-rebom-backend-768fd58455-46nwc   9m      129Mi    
23:07:03 rearm-rebom-backend-768fd58455-dp9ps   22m     118Mi    
23:07:03 rearm-rebom-backend-768fd58455-tmqdc   9m      115Mi    
23:07:03 rearm-rebom-backend-768fd58455-vkfb5   16m     137Mi    
23:07:03 rearm-rebom-postgres-0                 120m    173Mi    
23:07:03 rearm-ui-5c9b8ddf9d-krkqk              3m      3Mi      
23:07:03 testreg-66bb8f476c-wt2mf               1m      1139Mi   
23:07:03 zottest-ff7cfd65c-xbgvk                3889m   205Mi    
23:07:34 rearm-backend-6d79d5dcc8-rj9w4         97m     2585Mi   
23:07:34 rearm-keycloak-0                       2m      723Mi    
23:07:34 rearm-keycloak-postgres-0              1m      33Mi     
23:07:34 rearm-oci-artifact-5c8686f45c-mmxzz    106m    62Mi     
23:07:34 rearm-postgresql-0                     118m    325Mi    
23:07:34 rearm-rebom-backend-768fd58455-46nwc   13m     122Mi    
23:07:34 rearm-rebom-backend-768fd58455-dp9ps   18m     122Mi    
23:07:34 rearm-rebom-backend-768fd58455-tmqdc   7m      116Mi    
23:07:34 rearm-rebom-backend-768fd58455-vkfb5   19m     132Mi    
23:07:34 rearm-rebom-postgres-0                 118m    173Mi    
23:07:34 rearm-ui-5c9b8ddf9d-krkqk              3m      3Mi      
23:07:34 testreg-66bb8f476c-wt2mf               1m      1139Mi   
23:07:34 zottest-ff7cfd65c-xbgvk                3989m   189Mi    
23:08:05 rearm-backend-6d79d5dcc8-rj9w4         76m     2504Mi   
23:08:05 rearm-keycloak-0                       3m      723Mi    
23:08:05 rearm-keycloak-postgres-0              1m      33Mi     
23:08:05 rearm-oci-artifact-5c8686f45c-mmxzz    100m    68Mi     
23:08:05 rearm-postgresql-0                     94m     327Mi    
23:08:05 rearm-rebom-backend-768fd58455-46nwc   9m      127Mi    
23:08:05 rearm-rebom-backend-768fd58455-dp9ps   22m     122Mi    
23:08:05 rearm-rebom-backend-768fd58455-tmqdc   7m      115Mi    
23:08:05 rearm-rebom-backend-768fd58455-vkfb5   14m     135Mi    
23:08:05 rearm-rebom-postgres-0                 115m    171Mi    
23:08:05 rearm-ui-5c9b8ddf9d-krkqk              13m     3Mi      
23:08:05 testreg-66bb8f476c-wt2mf               1m      1139Mi   
23:08:05 zottest-ff7cfd65c-xbgvk                3903m   209Mi    
23:08:36 rearm-backend-6d79d5dcc8-rj9w4         71m     2502Mi   
23:08:36 rearm-keycloak-0                       2m      723Mi    
23:08:36 rearm-keycloak-postgres-0              1m      33Mi     
23:08:36 rearm-oci-artifact-5c8686f45c-mmxzz    97m     72Mi     
23:08:36 rearm-postgresql-0                     107m    329Mi    
23:08:36 rearm-rebom-backend-768fd58455-46nwc   10m     126Mi    
23:08:36 rearm-rebom-backend-768fd58455-dp9ps   18m     117Mi    
23:08:36 rearm-rebom-backend-768fd58455-tmqdc   9m      114Mi    
23:08:36 rearm-rebom-backend-768fd58455-vkfb5   17m     137Mi    
23:08:36 rearm-rebom-postgres-0                 111m    173Mi    
23:08:36 rearm-ui-5c9b8ddf9d-krkqk              3m      4Mi      
23:08:36 testreg-66bb8f476c-wt2mf               1m      1139Mi   
23:08:36 zottest-ff7cfd65c-xbgvk                3898m   183Mi    
23:09:07 rearm-backend-6d79d5dcc8-rj9w4         62m     2503Mi   
23:09:07 rearm-keycloak-0                       2m      723Mi    
23:09:07 rearm-keycloak-postgres-0              1m      33Mi     
23:09:07 rearm-oci-artifact-5c8686f45c-mmxzz    101m    66Mi     
23:09:07 rearm-postgresql-0                     73m     331Mi    
23:09:07 rearm-rebom-backend-768fd58455-46nwc   12m     74Mi     
23:09:07 rearm-rebom-backend-768fd58455-dp9ps   9m      122Mi    
23:09:07 rearm-rebom-backend-768fd58455-tmqdc   16m     115Mi    
23:09:07 rearm-rebom-backend-768fd58455-vkfb5   23m     133Mi    
23:09:07 rearm-rebom-postgres-0                 103m    173Mi    
23:09:07 rearm-ui-5c9b8ddf9d-krkqk              3m      3Mi      
23:09:07 testreg-66bb8f476c-wt2mf               1m      1139Mi   
23:09:07 zottest-ff7cfd65c-xbgvk                3881m   174Mi    
23:09:37 rearm-backend-6d79d5dcc8-rj9w4         59m     2504Mi   
23:09:37 rearm-keycloak-0                       2m      723Mi    
23:09:37 rearm-keycloak-postgres-0              1m      33Mi     
23:09:37 rearm-oci-artifact-5c8686f45c-mmxzz    100m    71Mi     
23:09:37 rearm-postgresql-0                     74m     331Mi    
23:09:37 rearm-rebom-backend-768fd58455-46nwc   15m     84Mi     
23:09:37 rearm-rebom-backend-768fd58455-dp9ps   10m     117Mi    
23:09:37 rearm-rebom-backend-768fd58455-tmqdc   12m     116Mi    
23:09:37 rearm-rebom-backend-768fd58455-vkfb5   22m     134Mi    
23:09:37 rearm-rebom-postgres-0                 102m    171Mi    
23:09:37 rearm-ui-5c9b8ddf9d-krkqk              3m      3Mi      
23:09:37 testreg-66bb8f476c-wt2mf               1m      1139Mi   
23:09:37 zottest-ff7cfd65c-xbgvk                3952m   212Mi    
23:10:08 rearm-backend-6d79d5dcc8-rj9w4         58m     2500Mi   
23:10:08 rearm-keycloak-0                       2m      723Mi    
23:10:08 rearm-keycloak-postgres-0              1m      33Mi     
23:10:08 rearm-oci-artifact-5c8686f45c-mmxzz    83m     66Mi     
23:10:08 rearm-postgresql-0                     97m     335Mi    
23:10:08 rearm-rebom-backend-768fd58455-46nwc   11m     99Mi     
23:10:08 rearm-rebom-backend-768fd58455-dp9ps   11m     81Mi     
23:10:08 rearm-rebom-backend-768fd58455-tmqdc   10m     117Mi    
23:10:08 rearm-rebom-backend-768fd58455-vkfb5   17m     135Mi    
23:10:08 rearm-rebom-postgres-0                 104m    166Mi    
23:10:08 rearm-ui-5c9b8ddf9d-krkqk              3m      3Mi      
23:10:08 testreg-66bb8f476c-wt2mf               1m      1139Mi   
23:10:08 zottest-ff7cfd65c-xbgvk                3478m   190Mi    
23:10:39 rearm-backend-6d79d5dcc8-rj9w4         59m     2501Mi   
23:10:39 rearm-keycloak-0                       2m      723Mi    
23:10:39 rearm-keycloak-postgres-0              1m      33Mi     
23:10:39 rearm-oci-artifact-5c8686f45c-mmxzz    98m     68Mi     
23:10:39 rearm-postgresql-0                     91m     334Mi    
23:10:39 rearm-rebom-backend-768fd58455-46nwc   15m     99Mi     
23:10:39 rearm-rebom-backend-768fd58455-dp9ps   18m     81Mi     
23:10:39 rearm-rebom-backend-768fd58455-tmqdc   9m      116Mi    
23:10:39 rearm-rebom-backend-768fd58455-vkfb5   13m     137Mi    
23:10:39 rearm-rebom-postgres-0                 110m    173Mi    
23:10:39 rearm-ui-5c9b8ddf9d-krkqk              3m      3Mi      
23:10:39 testreg-66bb8f476c-wt2mf               1m      1139Mi   
23:10:39 zottest-ff7cfd65c-xbgvk                3948m   204Mi    
23:11:10 rearm-backend-6d79d5dcc8-rj9w4         75m     2498Mi   
23:11:10 rearm-keycloak-0                       2m      723Mi    
23:11:10 rearm-keycloak-postgres-0              1m      33Mi     
23:11:10 rearm-oci-artifact-5c8686f45c-mmxzz    89m     67Mi     
23:11:10 rearm-postgresql-0                     92m     414Mi    
23:11:10 rearm-rebom-backend-768fd58455-46nwc   11m     102Mi    
23:11:10 rearm-rebom-backend-768fd58455-dp9ps   15m     97Mi     
23:11:10 rearm-rebom-backend-768fd58455-tmqdc   13m     115Mi    
23:11:10 rearm-rebom-backend-768fd58455-vkfb5   13m     138Mi    
23:11:10 rearm-rebom-postgres-0                 105m    171Mi    
23:11:10 rearm-ui-5c9b8ddf9d-krkqk              3m      3Mi      
23:11:10 testreg-66bb8f476c-wt2mf               1m      1139Mi   
23:11:10 zottest-ff7cfd65c-xbgvk                3948m   194Mi    
23:11:40 rearm-backend-6d79d5dcc8-rj9w4         58m     2499Mi   
23:11:40 rearm-keycloak-0                       2m      723Mi    
23:11:40 rearm-keycloak-postgres-0              1m      33Mi     
23:11:40 rearm-oci-artifact-5c8686f45c-mmxzz    89m     70Mi     
23:11:40 rearm-postgresql-0                     99m     330Mi    
23:11:40 rearm-rebom-backend-768fd58455-46nwc   16m     123Mi    
23:11:40 rearm-rebom-backend-768fd58455-dp9ps   16m     71Mi     
23:11:40 rearm-rebom-backend-768fd58455-tmqdc   12m     117Mi    
23:11:40 rearm-rebom-backend-768fd58455-vkfb5   20m     132Mi    
23:11:40 rearm-rebom-postgres-0                 109m    173Mi    
23:11:40 rearm-ui-5c9b8ddf9d-krkqk              3m      3Mi      
23:11:40 testreg-66bb8f476c-wt2mf               1m      1139Mi   
23:11:40 zottest-ff7cfd65c-xbgvk                3909m   191Mi    
23:12:11 rearm-backend-6d79d5dcc8-rj9w4         54m     2501Mi   
23:12:11 rearm-keycloak-0                       2m      723Mi    
23:12:11 rearm-keycloak-postgres-0              1m      33Mi     
23:12:11 rearm-oci-artifact-5c8686f45c-mmxzz    91m     66Mi     
23:12:11 rearm-postgresql-0                     93m     328Mi    
23:12:11 rearm-rebom-backend-768fd58455-46nwc   10m     128Mi    
23:12:11 rearm-rebom-backend-768fd58455-dp9ps   14m     88Mi     
23:12:11 rearm-rebom-backend-768fd58455-tmqdc   9m      117Mi    
23:12:11 rearm-rebom-backend-768fd58455-vkfb5   14m     138Mi    
23:12:11 rearm-rebom-postgres-0                 97m     173Mi    
23:12:11 rearm-ui-5c9b8ddf9d-krkqk              3m      3Mi      
23:12:11 testreg-66bb8f476c-wt2mf               1m      1139Mi   
23:12:11 zottest-ff7cfd65c-xbgvk                4021m   196Mi    
23:12:42 rearm-backend-6d79d5dcc8-rj9w4         53m     2502Mi   
23:12:42 rearm-keycloak-0                       2m      723Mi    
23:12:42 rearm-keycloak-postgres-0              1m      33Mi     
23:12:42 rearm-oci-artifact-5c8686f45c-mmxzz    88m     70Mi     
23:12:42 rearm-postgresql-0                     73m     328Mi    
23:12:42 rearm-rebom-backend-768fd58455-46nwc   12m     127Mi    
23:12:42 rearm-rebom-backend-768fd58455-dp9ps   10m     91Mi     
23:12:42 rearm-rebom-backend-768fd58455-tmqdc   8m      116Mi    
23:12:42 rearm-rebom-backend-768fd58455-vkfb5   12m     138Mi    
23:12:42 rearm-rebom-postgres-0                 93m     173Mi    
23:12:42 rearm-ui-5c9b8ddf9d-krkqk              3m      3Mi      
23:12:42 testreg-66bb8f476c-wt2mf               1m      1139Mi   
23:12:42 zottest-ff7cfd65c-xbgvk                3951m   190Mi    
23:13:13 rearm-backend-6d79d5dcc8-rj9w4         54m     2410Mi   
23:13:13 rearm-keycloak-0                       3m      723Mi    
23:13:13 rearm-keycloak-postgres-0              1m      33Mi     
23:13:13 rearm-oci-artifact-5c8686f45c-mmxzz    88m     70Mi     
23:13:13 rearm-postgresql-0                     97m     329Mi    
23:13:13 rearm-rebom-backend-768fd58455-46nwc   14m     124Mi    
23:13:13 rearm-rebom-backend-768fd58455-dp9ps   14m     88Mi     
23:13:13 rearm-rebom-backend-768fd58455-tmqdc   8m      115Mi    
23:13:13 rearm-rebom-backend-768fd58455-vkfb5   13m     138Mi    
23:13:13 rearm-rebom-postgres-0                 99m     171Mi    
23:13:13 rearm-ui-5c9b8ddf9d-krkqk              3m      3Mi      
23:13:13 testreg-66bb8f476c-wt2mf               1m      1139Mi   
23:13:13 zottest-ff7cfd65c-xbgvk                3970m   206Mi    
23:13:44 rearm-backend-6d79d5dcc8-rj9w4         57m     2411Mi   
23:13:44 rearm-keycloak-0                       2m      723Mi    
23:13:44 rearm-keycloak-postgres-0              1m      33Mi     
23:13:44 rearm-oci-artifact-5c8686f45c-mmxzz    87m     67Mi     
23:13:44 rearm-postgresql-0                     95m     329Mi    
23:13:44 rearm-rebom-backend-768fd58455-46nwc   11m     128Mi    
23:13:44 rearm-rebom-backend-768fd58455-dp9ps   11m     113Mi    
23:13:44 rearm-rebom-backend-768fd58455-tmqdc   13m     115Mi    
23:13:44 rearm-rebom-backend-768fd58455-vkfb5   12m     137Mi    
23:13:44 rearm-rebom-postgres-0                 96m     171Mi    
23:13:44 rearm-ui-5c9b8ddf9d-krkqk              3m      3Mi      
23:13:44 testreg-66bb8f476c-wt2mf               1m      1139Mi   
23:13:44 zottest-ff7cfd65c-xbgvk                3949m   193Mi    
23:14:14 rearm-backend-6d79d5dcc8-rj9w4         58m     2322Mi   
23:14:14 rearm-keycloak-0                       2m      723Mi    
23:14:14 rearm-keycloak-postgres-0              1m      33Mi     
23:14:14 rearm-oci-artifact-5c8686f45c-mmxzz    94m     62Mi     
23:14:14 rearm-postgresql-0                     107m    327Mi    
23:14:14 rearm-rebom-backend-768fd58455-46nwc   7m      127Mi    
23:14:14 rearm-rebom-backend-768fd58455-dp9ps   19m     114Mi    
23:14:14 rearm-rebom-backend-768fd58455-tmqdc   14m     115Mi    
23:14:14 rearm-rebom-backend-768fd58455-vkfb5   9m      137Mi    
23:14:14 rearm-rebom-postgres-0                 101m    171Mi    
23:14:14 rearm-ui-5c9b8ddf9d-krkqk              3m      3Mi      
23:14:14 testreg-66bb8f476c-wt2mf               1m      1139Mi   
23:14:14 zottest-ff7cfd65c-xbgvk                4022m   211Mi    
23:14:45 rearm-backend-6d79d5dcc8-rj9w4         77m     2319Mi   
23:14:45 rearm-keycloak-0                       2m      723Mi    
23:14:45 rearm-keycloak-postgres-0              1m      33Mi     
23:14:45 rearm-oci-artifact-5c8686f45c-mmxzz    85m     66Mi     
23:14:45 rearm-postgresql-0                     95m     326Mi    
23:14:45 rearm-rebom-backend-768fd58455-46nwc   8m      128Mi    
23:14:45 rearm-rebom-backend-768fd58455-dp9ps   24m     114Mi    
23:14:45 rearm-rebom-backend-768fd58455-tmqdc   9m      118Mi    
23:14:45 rearm-rebom-backend-768fd58455-vkfb5   8m      136Mi    
23:14:45 rearm-rebom-postgres-0                 96m     174Mi    
23:14:45 rearm-ui-5c9b8ddf9d-krkqk              3m      3Mi      
23:14:45 testreg-66bb8f476c-wt2mf               1m      1139Mi   
23:14:45 zottest-ff7cfd65c-xbgvk                3950m   214Mi    
23:15:16 rearm-backend-6d79d5dcc8-rj9w4         55m     2231Mi   
23:15:16 rearm-keycloak-0                       2m      723Mi    
23:15:16 rearm-keycloak-postgres-0              1m      33Mi     
23:15:16 rearm-oci-artifact-5c8686f45c-mmxzz    86m     68Mi     
23:15:16 rearm-postgresql-0                     88m     323Mi    
23:15:16 rearm-rebom-backend-768fd58455-46nwc   5m      125Mi    
23:15:16 rearm-rebom-backend-768fd58455-dp9ps   17m     116Mi    
23:15:16 rearm-rebom-backend-768fd58455-tmqdc   11m     115Mi    
23:15:16 rearm-rebom-backend-768fd58455-vkfb5   12m     135Mi    
23:15:16 rearm-rebom-postgres-0                 101m    171Mi    
23:15:16 rearm-ui-5c9b8ddf9d-krkqk              2m      3Mi      
23:15:16 testreg-66bb8f476c-wt2mf               1m      1139Mi   
23:15:16 zottest-ff7cfd65c-xbgvk                3961m   227Mi    
23:15:47 rearm-backend-6d79d5dcc8-rj9w4         52m     2232Mi   
23:15:47 rearm-keycloak-0                       2m      723Mi    
23:15:47 rearm-keycloak-postgres-0              1m      33Mi     
23:15:47 rearm-oci-artifact-5c8686f45c-mmxzz    86m     66Mi     
23:15:47 rearm-postgresql-0                     108m    324Mi    
23:15:47 rearm-rebom-backend-768fd58455-46nwc   6m      126Mi    
23:15:47 rearm-rebom-backend-768fd58455-dp9ps   24m     93Mi     
23:15:47 rearm-rebom-backend-768fd58455-tmqdc   7m      119Mi    
23:15:47 rearm-rebom-backend-768fd58455-vkfb5   8m      136Mi    
23:15:47 rearm-rebom-postgres-0                 95m     171Mi    
23:15:47 rearm-ui-5c9b8ddf9d-krkqk              2m      3Mi      
23:15:47 testreg-66bb8f476c-wt2mf               1m      1139Mi   
23:15:47 zottest-ff7cfd65c-xbgvk                3945m   195Mi    
23:16:17 rearm-backend-6d79d5dcc8-rj9w4         51m     2227Mi   
23:16:17 rearm-keycloak-0                       2m      723Mi    
23:16:17 rearm-keycloak-postgres-0              1m      33Mi     
23:16:17 rearm-oci-artifact-5c8686f45c-mmxzz    82m     68Mi     
23:16:17 rearm-postgresql-0                     93m     324Mi    
23:16:17 rearm-rebom-backend-768fd58455-46nwc   9m      123Mi    
23:16:17 rearm-rebom-backend-768fd58455-dp9ps   23m     108Mi    
23:16:17 rearm-rebom-backend-768fd58455-tmqdc   8m      116Mi    
23:16:17 rearm-rebom-backend-768fd58455-vkfb5   8m      133Mi    
23:16:17 rearm-rebom-postgres-0                 94m     173Mi    
23:16:17 rearm-ui-5c9b8ddf9d-krkqk              2m      3Mi      
23:16:17 testreg-66bb8f476c-wt2mf               1m      1139Mi   
23:16:17 zottest-ff7cfd65c-xbgvk                3946m   229Mi    
23:16:48 rearm-backend-6d79d5dcc8-rj9w4         56m     2229Mi   
23:16:48 rearm-keycloak-0                       6m      723Mi    
23:16:48 rearm-keycloak-postgres-0              1m      33Mi     
23:16:48 rearm-oci-artifact-5c8686f45c-mmxzz    84m     70Mi     
23:16:48 rearm-postgresql-0                     99m     326Mi    
23:16:48 rearm-rebom-backend-768fd58455-46nwc   11m     71Mi     
23:16:48 rearm-rebom-backend-768fd58455-dp9ps   22m     120Mi    
23:16:48 rearm-rebom-backend-768fd58455-tmqdc   7m      115Mi    
23:16:48 rearm-rebom-backend-768fd58455-vkfb5   8m      136Mi    
23:16:48 rearm-rebom-postgres-0                 89m     173Mi    
23:16:48 rearm-ui-5c9b8ddf9d-krkqk              3m      3Mi      
23:16:48 testreg-66bb8f476c-wt2mf               1m      1139Mi   
23:16:48 zottest-ff7cfd65c-xbgvk                3986m   214Mi    
23:17:19 rearm-backend-6d79d5dcc8-rj9w4         52m     2229Mi   
23:17:19 rearm-keycloak-0                       2m      723Mi    
23:17:19 rearm-keycloak-postgres-0              1m      33Mi     
23:17:19 rearm-oci-artifact-5c8686f45c-mmxzz    82m     66Mi     
23:17:19 rearm-postgresql-0                     98m     328Mi    
23:17:19 rearm-rebom-backend-768fd58455-46nwc   6m      74Mi     
23:17:19 rearm-rebom-backend-768fd58455-dp9ps   20m     123Mi    
23:17:19 rearm-rebom-backend-768fd58455-tmqdc   11m     114Mi    
23:17:19 rearm-rebom-backend-768fd58455-vkfb5   8m      134Mi    
23:17:19 rearm-rebom-postgres-0                 91m     173Mi    
23:17:19 rearm-ui-5c9b8ddf9d-krkqk              3m      3Mi      
23:17:19 testreg-66bb8f476c-wt2mf               1m      1139Mi   
23:17:19 zottest-ff7cfd65c-xbgvk                3916m   241Mi    
23:17:50 rearm-backend-6d79d5dcc8-rj9w4         56m     2227Mi   
23:17:50 rearm-keycloak-0                       2m      723Mi    
23:17:50 rearm-keycloak-postgres-0              1m      33Mi     
23:17:50 rearm-oci-artifact-5c8686f45c-mmxzz    84m     65Mi     
23:17:50 rearm-postgresql-0                     111m    329Mi    
23:17:50 rearm-rebom-backend-768fd58455-46nwc   7m      74Mi     
23:17:50 rearm-rebom-backend-768fd58455-dp9ps   22m     120Mi    
23:17:50 rearm-rebom-backend-768fd58455-tmqdc   7m      118Mi    
23:17:50 rearm-rebom-backend-768fd58455-vkfb5   12m     131Mi    
23:17:50 rearm-rebom-postgres-0                 89m     171Mi    
23:17:50 rearm-ui-5c9b8ddf9d-krkqk              3m      3Mi      
23:17:50 testreg-66bb8f476c-wt2mf               1m      1139Mi   
23:17:50 zottest-ff7cfd65c-xbgvk                3967m   235Mi    
23:18:21 rearm-backend-6d79d5dcc8-rj9w4         47m     2229Mi   
23:18:21 rearm-keycloak-0                       2m      723Mi    
23:18:21 rearm-keycloak-postgres-0              1m      33Mi     
23:18:21 rearm-oci-artifact-5c8686f45c-mmxzz    78m     69Mi     
23:18:21 rearm-postgresql-0                     99m     338Mi    
23:18:21 rearm-rebom-backend-768fd58455-46nwc   8m      72Mi     
23:18:21 rearm-rebom-backend-768fd58455-dp9ps   21m     119Mi    
23:18:21 rearm-rebom-backend-768fd58455-tmqdc   8m      119Mi    
23:18:21 rearm-rebom-backend-768fd58455-vkfb5   8m      95Mi     
23:18:21 rearm-rebom-postgres-0                 89m     173Mi    
23:18:21 rearm-ui-5c9b8ddf9d-krkqk              3m      3Mi      
23:18:21 testreg-66bb8f476c-wt2mf               1m      1139Mi   
23:18:21 zottest-ff7cfd65c-xbgvk                4006m   225Mi    
23:18:51 rearm-backend-6d79d5dcc8-rj9w4         67m     2226Mi   
23:18:51 rearm-keycloak-0                       2m      723Mi    
23:18:51 rearm-keycloak-postgres-0              1m      33Mi     
23:18:51 rearm-oci-artifact-5c8686f45c-mmxzz    79m     66Mi     
23:18:51 rearm-postgresql-0                     91m     335Mi    
23:18:51 rearm-rebom-backend-768fd58455-46nwc   15m     77Mi     
23:18:51 rearm-rebom-backend-768fd58455-dp9ps   25m     120Mi    
23:18:51 rearm-rebom-backend-768fd58455-tmqdc   6m      116Mi    
23:18:51 rearm-rebom-backend-768fd58455-vkfb5   5m      99Mi     
23:18:51 rearm-rebom-postgres-0                 84m     171Mi    
23:18:51 rearm-ui-5c9b8ddf9d-krkqk              2m      3Mi      
23:18:51 testreg-66bb8f476c-wt2mf               1m      1139Mi   
23:18:51 zottest-ff7cfd65c-xbgvk                3929m   221Mi    
23:19:22 rearm-backend-6d79d5dcc8-rj9w4         49m     2227Mi   
23:19:22 rearm-keycloak-0                       2m      723Mi    
23:19:22 rearm-keycloak-postgres-0              1m      33Mi     
23:19:22 rearm-oci-artifact-5c8686f45c-mmxzz    82m     58Mi     
23:19:22 rearm-postgresql-0                     80m     332Mi    
23:19:22 rearm-rebom-backend-768fd58455-46nwc   6m      83Mi     
23:19:22 rearm-rebom-backend-768fd58455-dp9ps   25m     120Mi    
23:19:22 rearm-rebom-backend-768fd58455-tmqdc   5m      71Mi     
23:19:22 rearm-rebom-backend-768fd58455-vkfb5   9m      100Mi    
23:19:22 rearm-rebom-postgres-0                 85m     167Mi    
23:19:22 rearm-ui-5c9b8ddf9d-krkqk              3m      3Mi      
23:19:22 testreg-66bb8f476c-wt2mf               1m      1139Mi   
23:19:22 zottest-ff7cfd65c-xbgvk                3990m   239Mi    
23:19:53 rearm-backend-6d79d5dcc8-rj9w4         48m     2228Mi   
23:19:53 rearm-keycloak-0                       2m      723Mi    
23:19:53 rearm-keycloak-postgres-0              1m      33Mi     
23:19:53 rearm-oci-artifact-5c8686f45c-mmxzz    78m     73Mi     
23:19:53 rearm-postgresql-0                     61m     334Mi    
23:19:53 rearm-rebom-backend-768fd58455-46nwc   13m     96Mi     
23:19:53 rearm-rebom-backend-768fd58455-dp9ps   26m     79Mi     
23:19:53 rearm-rebom-backend-768fd58455-tmqdc   6m      62Mi     
23:19:53 rearm-rebom-backend-768fd58455-vkfb5   6m      100Mi    
23:19:53 rearm-rebom-postgres-0                 87m     173Mi    
23:19:53 rearm-ui-5c9b8ddf9d-krkqk              3m      3Mi      
23:19:53 testreg-66bb8f476c-wt2mf               1m      1139Mi   
23:19:53 zottest-ff7cfd65c-xbgvk                3894m   240Mi    
23:20:24 rearm-backend-6d79d5dcc8-rj9w4         46m     2230Mi   
23:20:24 rearm-keycloak-0                       2m      723Mi    
23:20:24 rearm-keycloak-postgres-0              1m      33Mi     
23:20:24 rearm-oci-artifact-5c8686f45c-mmxzz    79m     74Mi     
23:20:24 rearm-postgresql-0                     82m     335Mi    
23:20:24 rearm-rebom-backend-768fd58455-46nwc   15m     76Mi     
23:20:24 rearm-rebom-backend-768fd58455-dp9ps   21m     95Mi     
23:20:24 rearm-rebom-backend-768fd58455-tmqdc   6m      64Mi     
23:20:24 rearm-rebom-backend-768fd58455-vkfb5   8m      79Mi     
23:20:24 rearm-rebom-postgres-0                 92m     167Mi    
23:20:24 rearm-ui-5c9b8ddf9d-krkqk              3m      3Mi      
23:20:24 testreg-66bb8f476c-wt2mf               1m      1139Mi   
23:20:24 zottest-ff7cfd65c-xbgvk                3938m   235Mi    
23:20:55 rearm-backend-6d79d5dcc8-rj9w4         46m     2223Mi   
23:20:55 rearm-keycloak-0                       2m      723Mi    
23:20:55 rearm-keycloak-postgres-0              1m      33Mi     
23:20:55 rearm-oci-artifact-5c8686f45c-mmxzz    81m     69Mi     
23:20:55 rearm-postgresql-0                     81m     333Mi    
23:20:55 rearm-rebom-backend-768fd58455-46nwc   15m     89Mi     
23:20:55 rearm-rebom-backend-768fd58455-dp9ps   19m     123Mi    
23:20:55 rearm-rebom-backend-768fd58455-tmqdc   11m     63Mi     
23:20:55 rearm-rebom-backend-768fd58455-vkfb5   10m     80Mi     
23:20:55 rearm-rebom-postgres-0                 91m     171Mi    
23:20:55 rearm-ui-5c9b8ddf9d-krkqk              2m      3Mi      
23:20:55 testreg-66bb8f476c-wt2mf               1m      1139Mi   
23:20:55 zottest-ff7cfd65c-xbgvk                4010m   218Mi    
23:21:25 rearm-backend-6d79d5dcc8-rj9w4         47m     2134Mi   
23:21:25 rearm-keycloak-0                       2m      723Mi    
23:21:25 rearm-keycloak-postgres-0              1m      33Mi     
23:21:25 rearm-oci-artifact-5c8686f45c-mmxzz    78m     69Mi     
23:21:25 rearm-postgresql-0                     65m     331Mi    
23:21:25 rearm-rebom-backend-768fd58455-46nwc   10m     106Mi    
23:21:25 rearm-rebom-backend-768fd58455-dp9ps   20m     122Mi    
23:21:25 rearm-rebom-backend-768fd58455-tmqdc   6m      64Mi     
23:21:25 rearm-rebom-backend-768fd58455-vkfb5   7m      84Mi     
23:21:25 rearm-rebom-postgres-0                 83m     171Mi    
23:21:25 rearm-ui-5c9b8ddf9d-krkqk              3m      3Mi      
23:21:25 testreg-66bb8f476c-wt2mf               1m      1139Mi   
23:21:25 zottest-ff7cfd65c-xbgvk                3980m   242Mi    
23:21:56 rearm-backend-6d79d5dcc8-rj9w4         42m     2135Mi   
23:21:56 rearm-keycloak-0                       2m      723Mi    
23:21:56 rearm-keycloak-postgres-0              1m      33Mi     
23:21:56 rearm-oci-artifact-5c8686f45c-mmxzz    73m     68Mi     
23:21:56 rearm-postgresql-0                     57m     332Mi    
23:21:56 rearm-rebom-backend-768fd58455-46nwc   10m     102Mi    
23:21:56 rearm-rebom-backend-768fd58455-dp9ps   19m     122Mi    
23:21:56 rearm-rebom-backend-768fd58455-tmqdc   6m      64Mi     
23:21:56 rearm-rebom-backend-768fd58455-vkfb5   5m      82Mi     
23:21:56 rearm-rebom-postgres-0                 82m     173Mi    
23:21:56 rearm-ui-5c9b8ddf9d-krkqk              3m      3Mi      
23:21:56 testreg-66bb8f476c-wt2mf               1m      1139Mi   
23:21:56 zottest-ff7cfd65c-xbgvk                4057m   249Mi    
23:22:27 rearm-backend-6d79d5dcc8-rj9w4         76m     2132Mi   
23:22:27 rearm-keycloak-0                       2m      723Mi    
23:22:27 rearm-keycloak-postgres-0              1m      33Mi     
23:22:27 rearm-oci-artifact-5c8686f45c-mmxzz    76m     66Mi     
23:22:27 rearm-postgresql-0                     74m     328Mi    
23:22:27 rearm-rebom-backend-768fd58455-46nwc   8m      106Mi    
23:22:27 rearm-rebom-backend-768fd58455-dp9ps   21m     119Mi    
23:22:27 rearm-rebom-backend-768fd58455-tmqdc   8m      62Mi     
23:22:27 rearm-rebom-backend-768fd58455-vkfb5   11m     81Mi     
23:22:27 rearm-rebom-postgres-0                 84m     171Mi    
23:22:27 rearm-ui-5c9b8ddf9d-krkqk              2m      3Mi      
23:22:27 testreg-66bb8f476c-wt2mf               1m      1139Mi   
23:22:27 zottest-ff7cfd65c-xbgvk                3970m   230Mi    
23:22:58 rearm-backend-6d79d5dcc8-rj9w4         45m     2133Mi   
23:22:58 rearm-keycloak-0                       2m      723Mi    
23:22:58 rearm-keycloak-postgres-0              1m      33Mi     
23:22:58 rearm-oci-artifact-5c8686f45c-mmxzz    74m     59Mi     
23:22:58 rearm-postgresql-0                     83m     331Mi    
23:22:58 rearm-rebom-backend-768fd58455-46nwc   10m     113Mi    
23:22:58 rearm-rebom-backend-768fd58455-dp9ps   20m     120Mi    
23:22:58 rearm-rebom-backend-768fd58455-tmqdc   8m      61Mi     
23:22:58 rearm-rebom-backend-768fd58455-vkfb5   6m      84Mi     
23:22:58 rearm-rebom-postgres-0                 81m     167Mi    
23:22:58 rearm-ui-5c9b8ddf9d-krkqk              2m      3Mi      
23:22:58 testreg-66bb8f476c-wt2mf               1m      1139Mi   
23:22:58 zottest-ff7cfd65c-xbgvk                4040m   230Mi    
23:23:29 rearm-backend-6d79d5dcc8-rj9w4         46m     2135Mi   
23:23:29 rearm-keycloak-0                       3m      723Mi    
23:23:29 rearm-keycloak-postgres-0              1m      33Mi     
23:23:29 rearm-oci-artifact-5c8686f45c-mmxzz    75m     58Mi     
23:23:29 rearm-postgresql-0                     244m    393Mi    
23:23:29 rearm-rebom-backend-768fd58455-46nwc   12m     121Mi    
23:23:29 rearm-rebom-backend-768fd58455-dp9ps   20m     119Mi    
23:23:29 rearm-rebom-backend-768fd58455-tmqdc   6m      65Mi     
23:23:29 rearm-rebom-backend-768fd58455-vkfb5   5m      82Mi     
23:23:29 rearm-rebom-postgres-0                 77m     171Mi    
23:23:29 rearm-ui-5c9b8ddf9d-krkqk              2m      3Mi      
23:23:29 testreg-66bb8f476c-wt2mf               1m      1139Mi   
23:23:29 zottest-ff7cfd65c-xbgvk                3982m   237Mi    
23:23:59 rearm-backend-6d79d5dcc8-rj9w4         44m     2085Mi   
23:23:59 rearm-keycloak-0                       2m      723Mi    
23:23:59 rearm-keycloak-postgres-0              1m      33Mi     
23:23:59 rearm-oci-artifact-5c8686f45c-mmxzz    70m     68Mi     
23:23:59 rearm-postgresql-0                     86m     319Mi    
23:23:59 rearm-rebom-backend-768fd58455-46nwc   8m      126Mi    
23:23:59 rearm-rebom-backend-768fd58455-dp9ps   17m     119Mi    
23:23:59 rearm-rebom-backend-768fd58455-tmqdc   10m     63Mi     
23:23:59 rearm-rebom-backend-768fd58455-vkfb5   12m     85Mi     
23:23:59 rearm-rebom-postgres-0                 79m     171Mi    
23:23:59 rearm-ui-5c9b8ddf9d-krkqk              2m      3Mi      
23:23:59 testreg-66bb8f476c-wt2mf               1m      1139Mi   
23:23:59 zottest-ff7cfd65c-xbgvk                4029m   244Mi    
23:24:30 rearm-backend-6d79d5dcc8-rj9w4         66m     2087Mi   
23:24:30 rearm-keycloak-0                       2m      723Mi    
23:24:30 rearm-keycloak-postgres-0              1m      33Mi     
23:24:30 rearm-oci-artifact-5c8686f45c-mmxzz    73m     71Mi     
23:24:30 rearm-postgresql-0                     77m     321Mi    
23:24:30 rearm-rebom-backend-768fd58455-46nwc   12m     124Mi    
23:24:30 rearm-rebom-backend-768fd58455-dp9ps   13m     122Mi    
23:24:30 rearm-rebom-backend-768fd58455-tmqdc   3m      63Mi     
23:24:30 rearm-rebom-backend-768fd58455-vkfb5   16m     95Mi     
23:24:30 rearm-rebom-postgres-0                 86m     174Mi    
23:24:30 rearm-ui-5c9b8ddf9d-krkqk              2m      3Mi      
23:24:30 testreg-66bb8f476c-wt2mf               1m      1139Mi   
23:24:30 zottest-ff7cfd65c-xbgvk                4025m   237Mi    
23:25:01 rearm-backend-6d79d5dcc8-rj9w4         46m     2088Mi   
23:25:01 rearm-keycloak-0                       2m      723Mi    
23:25:01 rearm-keycloak-postgres-0              1m      33Mi     
23:25:01 rearm-oci-artifact-5c8686f45c-mmxzz    73m     75Mi     
23:25:01 rearm-postgresql-0                     94m     323Mi    
23:25:01 rearm-rebom-backend-768fd58455-46nwc   5m      125Mi    
23:25:01 rearm-rebom-backend-768fd58455-dp9ps   12m     120Mi    
23:25:01 rearm-rebom-backend-768fd58455-tmqdc   9m      62Mi     
23:25:01 rearm-rebom-backend-768fd58455-vkfb5   16m     107Mi    
23:25:01 rearm-rebom-postgres-0                 77m     173Mi    
23:25:01 rearm-ui-5c9b8ddf9d-krkqk              2m      3Mi      
23:25:01 testreg-66bb8f476c-wt2mf               1m      1139Mi   
23:25:01 zottest-ff7cfd65c-xbgvk                3958m   237Mi    
23:25:32 rearm-backend-6d79d5dcc8-rj9w4         46m     2089Mi   
23:25:32 rearm-keycloak-0                       2m      723Mi    
23:25:32 rearm-keycloak-postgres-0              1m      33Mi     
23:25:32 rearm-oci-artifact-5c8686f45c-mmxzz    69m     62Mi     
23:25:32 rearm-postgresql-0                     97m     325Mi    
23:25:32 rearm-rebom-backend-768fd58455-46nwc   8m      76Mi     
23:25:32 rearm-rebom-backend-768fd58455-dp9ps   13m     121Mi    
23:25:32 rearm-rebom-backend-768fd58455-tmqdc   8m      63Mi     
23:25:32 rearm-rebom-backend-768fd58455-vkfb5   19m     96Mi     
23:25:32 rearm-rebom-postgres-0                 80m     173Mi    
23:25:32 rearm-ui-5c9b8ddf9d-krkqk              2m      3Mi      
23:25:32 testreg-66bb8f476c-wt2mf               1m      1139Mi   
23:25:32 zottest-ff7cfd65c-xbgvk                4003m   247Mi    
23:26:02 rearm-backend-6d79d5dcc8-rj9w4         43m     2090Mi   
23:26:02 rearm-keycloak-0                       2m      723Mi    
23:26:02 rearm-keycloak-postgres-0              1m      33Mi     
23:26:02 rearm-oci-artifact-5c8686f45c-mmxzz    69m     74Mi     
23:26:02 rearm-postgresql-0                     86m     328Mi    
23:26:02 rearm-rebom-backend-768fd58455-46nwc   9m      71Mi     
23:26:02 rearm-rebom-backend-768fd58455-dp9ps   15m     117Mi    
23:26:02 rearm-rebom-backend-768fd58455-tmqdc   6m      62Mi     
23:26:02 rearm-rebom-backend-768fd58455-vkfb5   12m     117Mi    
23:26:02 rearm-rebom-postgres-0                 80m     171Mi    
23:26:02 rearm-ui-5c9b8ddf9d-krkqk              2m      3Mi      
23:26:02 testreg-66bb8f476c-wt2mf               1m      1139Mi   
23:26:02 zottest-ff7cfd65c-xbgvk                4107m   253Mi    
23:26:33 rearm-backend-6d79d5dcc8-rj9w4         64m     2088Mi   
23:26:33 rearm-keycloak-0                       2m      723Mi    
23:26:33 rearm-keycloak-postgres-0              1m      33Mi     
23:26:33 rearm-oci-artifact-5c8686f45c-mmxzz    68m     75Mi     
23:26:33 rearm-postgresql-0                     92m     327Mi    
23:26:33 rearm-rebom-backend-768fd58455-46nwc   5m      74Mi     
23:26:33 rearm-rebom-backend-768fd58455-dp9ps   16m     119Mi    
23:26:33 rearm-rebom-backend-768fd58455-tmqdc   5m      63Mi     
23:26:33 rearm-rebom-backend-768fd58455-vkfb5   17m     114Mi    
23:26:33 rearm-rebom-postgres-0                 78m     169Mi    
23:26:33 rearm-ui-5c9b8ddf9d-krkqk              2m      3Mi      
23:26:33 testreg-66bb8f476c-wt2mf               1m      1139Mi   
23:26:33 zottest-ff7cfd65c-xbgvk                4037m   269Mi    
23:27:04 rearm-backend-6d79d5dcc8-rj9w4         51m     2088Mi   
23:27:04 rearm-keycloak-0                       2m      723Mi    
23:27:04 rearm-keycloak-postgres-0              1m      33Mi     
23:27:04 rearm-oci-artifact-5c8686f45c-mmxzz    73m     66Mi     
23:27:04 rearm-postgresql-0                     80m     329Mi    
23:27:04 rearm-rebom-backend-768fd58455-46nwc   5m      73Mi     
23:27:04 rearm-rebom-backend-768fd58455-dp9ps   17m     120Mi    
23:27:04 rearm-rebom-backend-768fd58455-tmqdc   9m      62Mi     
23:27:04 rearm-rebom-backend-768fd58455-vkfb5   16m     113Mi    
23:27:04 rearm-rebom-postgres-0                 78m     171Mi    
23:27:04 rearm-ui-5c9b8ddf9d-krkqk              2m      3Mi      
23:27:04 testreg-66bb8f476c-wt2mf               1m      1139Mi   
23:27:04 zottest-ff7cfd65c-xbgvk                4072m   238Mi    
23:27:35 rearm-backend-6d79d5dcc8-rj9w4         41m     2090Mi   
23:27:35 rearm-keycloak-0                       2m      723Mi    
23:27:35 rearm-keycloak-postgres-0              1m      33Mi     
23:27:35 rearm-oci-artifact-5c8686f45c-mmxzz    68m     70Mi     
23:27:35 rearm-postgresql-0                     57m     326Mi    
23:27:35 rearm-rebom-backend-768fd58455-46nwc   5m      74Mi     
23:27:35 rearm-rebom-backend-768fd58455-dp9ps   15m     118Mi    
23:27:35 rearm-rebom-backend-768fd58455-tmqdc   10m     63Mi     
23:27:35 rearm-rebom-backend-768fd58455-vkfb5   15m     135Mi    
23:27:35 rearm-rebom-postgres-0                 78m     173Mi    
23:27:35 rearm-ui-5c9b8ddf9d-krkqk              2m      3Mi      
23:27:35 testreg-66bb8f476c-wt2mf               1m      1139Mi   
23:27:35 zottest-ff7cfd65c-xbgvk                4057m   227Mi    
23:28:06 rearm-backend-6d79d5dcc8-rj9w4         46m     2087Mi   
23:28:06 rearm-keycloak-0                       3m      724Mi    
23:28:06 rearm-keycloak-postgres-0              1m      33Mi     
23:28:06 rearm-oci-artifact-5c8686f45c-mmxzz    70m     68Mi     
23:28:06 rearm-postgresql-0                     55m     330Mi    
23:28:06 rearm-rebom-backend-768fd58455-46nwc   9m      73Mi     
23:28:06 rearm-rebom-backend-768fd58455-dp9ps   18m     118Mi    
23:28:06 rearm-rebom-backend-768fd58455-tmqdc   8m      62Mi     
23:28:06 rearm-rebom-backend-768fd58455-vkfb5   12m     135Mi    
23:28:06 rearm-rebom-postgres-0                 77m     171Mi    
23:28:06 rearm-ui-5c9b8ddf9d-krkqk              2m      3Mi      
23:28:06 testreg-66bb8f476c-wt2mf               1m      1139Mi   
23:28:06 zottest-ff7cfd65c-xbgvk                4004m   251Mi    
23:28:36 rearm-backend-6d79d5dcc8-rj9w4         44m     2088Mi   
23:28:36 rearm-keycloak-0                       2m      724Mi    
23:28:36 rearm-keycloak-postgres-0              1m      33Mi     
23:28:36 rearm-oci-artifact-5c8686f45c-mmxzz    66m     75Mi     
23:28:36 rearm-postgresql-0                     63m     329Mi    
23:28:36 rearm-rebom-backend-768fd58455-46nwc   8m      72Mi     
23:28:36 rearm-rebom-backend-768fd58455-dp9ps   15m     117Mi    
23:28:36 rearm-rebom-backend-768fd58455-tmqdc   5m      64Mi     
23:28:36 rearm-rebom-backend-768fd58455-vkfb5   15m     132Mi    
23:28:36 rearm-rebom-postgres-0                 75m     173Mi    
23:28:36 rearm-ui-5c9b8ddf9d-krkqk              2m      3Mi      
23:28:36 testreg-66bb8f476c-wt2mf               1m      1139Mi   
23:28:36 zottest-ff7cfd65c-xbgvk                4042m   247Mi    
23:29:07 rearm-backend-6d79d5dcc8-rj9w4         45m     2089Mi   
23:29:07 rearm-keycloak-0                       2m      724Mi    
23:29:07 rearm-keycloak-postgres-0              1m      33Mi     
23:29:07 rearm-oci-artifact-5c8686f45c-mmxzz    65m     72Mi     
23:29:07 rearm-postgresql-0                     81m     328Mi    
23:29:07 rearm-rebom-backend-768fd58455-46nwc   4m      73Mi     
23:29:07 rearm-rebom-backend-768fd58455-dp9ps   15m     120Mi    
23:29:07 rearm-rebom-backend-768fd58455-tmqdc   14m     68Mi     
23:29:07 rearm-rebom-backend-768fd58455-vkfb5   6m      83Mi     
23:29:07 rearm-rebom-postgres-0                 74m     169Mi    
23:29:07 rearm-ui-5c9b8ddf9d-krkqk              2m      3Mi      
23:29:07 testreg-66bb8f476c-wt2mf               1m      1139Mi   
23:29:07 zottest-ff7cfd65c-xbgvk                4020m   251Mi    
23:29:38 rearm-backend-6d79d5dcc8-rj9w4         45m     2090Mi   
23:29:38 rearm-keycloak-0                       2m      724Mi    
23:29:38 rearm-keycloak-postgres-0              1m      33Mi     
23:29:38 rearm-oci-artifact-5c8686f45c-mmxzz    64m     78Mi     
23:29:38 rearm-postgresql-0                     70m     327Mi    
23:29:38 rearm-rebom-backend-768fd58455-46nwc   5m      73Mi     
23:29:38 rearm-rebom-backend-768fd58455-dp9ps   13m     121Mi    
23:29:38 rearm-rebom-backend-768fd58455-tmqdc   13m     90Mi     
23:29:38 rearm-rebom-backend-768fd58455-vkfb5   4m      84Mi     
23:29:38 rearm-rebom-postgres-0                 78m     171Mi    
23:29:38 rearm-ui-5c9b8ddf9d-krkqk              2m      3Mi      
23:29:38 testreg-66bb8f476c-wt2mf               1m      1139Mi   
23:29:38 zottest-ff7cfd65c-xbgvk                4117m   247Mi    
23:30:09 rearm-backend-6d79d5dcc8-rj9w4         40m     1998Mi   
23:30:09 rearm-keycloak-0                       2m      724Mi    
23:30:09 rearm-keycloak-postgres-0              1m      33Mi     
23:30:09 rearm-oci-artifact-5c8686f45c-mmxzz    57m     68Mi     
23:30:09 rearm-postgresql-0                     47m     329Mi    
23:30:09 rearm-rebom-backend-768fd58455-46nwc   13m     75Mi     
23:30:09 rearm-rebom-backend-768fd58455-dp9ps   12m     120Mi    
23:30:09 rearm-rebom-backend-768fd58455-tmqdc   11m     93Mi     
23:30:09 rearm-rebom-backend-768fd58455-vkfb5   3m      80Mi     
23:30:09 rearm-rebom-postgres-0                 75m     169Mi    
23:30:09 rearm-ui-5c9b8ddf9d-krkqk              2m      3Mi      
23:30:09 testreg-66bb8f476c-wt2mf               1m      1139Mi   
23:30:09 zottest-ff7cfd65c-xbgvk                3554m   276Mi    
23:30:40 rearm-backend-6d79d5dcc8-rj9w4         41m     1999Mi   
23:30:40 rearm-keycloak-0                       2m      724Mi    
23:30:40 rearm-keycloak-postgres-0              1m      33Mi     
23:30:40 rearm-oci-artifact-5c8686f45c-mmxzz    66m     70Mi     
23:30:40 rearm-postgresql-0                     54m     326Mi    
23:30:40 rearm-rebom-backend-768fd58455-46nwc   13m     77Mi     
23:30:40 rearm-rebom-backend-768fd58455-dp9ps   11m     120Mi    
23:30:40 rearm-rebom-backend-768fd58455-tmqdc   14m     92Mi     
23:30:40 rearm-rebom-backend-768fd58455-vkfb5   3m      81Mi     
23:30:40 rearm-rebom-postgres-0                 78m     171Mi    
23:30:40 rearm-ui-5c9b8ddf9d-krkqk              2m      3Mi      
23:30:40 testreg-66bb8f476c-wt2mf               1m      1139Mi   
23:30:40 zottest-ff7cfd65c-xbgvk                3781m   271Mi    
23:31:11 rearm-backend-6d79d5dcc8-rj9w4         43m     1999Mi   
23:31:11 rearm-keycloak-0                       2m      724Mi    
23:31:11 rearm-keycloak-postgres-0              1m      33Mi     
23:31:11 rearm-oci-artifact-5c8686f45c-mmxzz    64m     78Mi     
23:31:11 rearm-postgresql-0                     54m     326Mi    
23:31:11 rearm-rebom-backend-768fd58455-46nwc   12m     83Mi     
23:31:11 rearm-rebom-backend-768fd58455-dp9ps   14m     120Mi    
23:31:11 rearm-rebom-backend-768fd58455-tmqdc   16m     114Mi    
23:31:11 rearm-rebom-backend-768fd58455-vkfb5   3m      82Mi     
23:31:11 rearm-rebom-postgres-0                 73m     174Mi    
23:31:11 rearm-ui-5c9b8ddf9d-krkqk              2m      3Mi      
23:31:11 testreg-66bb8f476c-wt2mf               1m      1139Mi   
23:31:11 zottest-ff7cfd65c-xbgvk                4045m   237Mi    
23:31:41 rearm-backend-6d79d5dcc8-rj9w4         41m     2000Mi   
23:31:41 rearm-keycloak-0                       3m      724Mi    
23:31:41 rearm-keycloak-postgres-0              1m      33Mi     
23:31:41 rearm-oci-artifact-5c8686f45c-mmxzz    66m     77Mi     
23:31:41 rearm-postgresql-0                     57m     325Mi    
23:31:41 rearm-rebom-backend-768fd58455-46nwc   10m     98Mi     
23:31:41 rearm-rebom-backend-768fd58455-dp9ps   11m     121Mi    
23:31:41 rearm-rebom-backend-768fd58455-tmqdc   9m      119Mi    
23:31:41 rearm-rebom-backend-768fd58455-vkfb5   4m      79Mi     
23:31:41 rearm-rebom-postgres-0                 75m     171Mi    
23:31:41 rearm-ui-5c9b8ddf9d-krkqk              2m      3Mi      
23:31:41 testreg-66bb8f476c-wt2mf               1m      1139Mi   
23:31:41 zottest-ff7cfd65c-xbgvk                4055m   268Mi    
23:32:12 rearm-backend-6d79d5dcc8-rj9w4         46m     1993Mi   
23:32:12 rearm-keycloak-0                       2m      724Mi    
23:32:12 rearm-keycloak-postgres-0              1m      33Mi     
23:32:12 rearm-oci-artifact-5c8686f45c-mmxzz    69m     65Mi     
23:32:12 rearm-postgresql-0                     63m     327Mi    
23:32:12 rearm-rebom-backend-768fd58455-46nwc   10m     96Mi     
23:32:12 rearm-rebom-backend-768fd58455-dp9ps   15m     117Mi    
23:32:12 rearm-rebom-backend-768fd58455-tmqdc   10m     117Mi    
23:32:12 rearm-rebom-backend-768fd58455-vkfb5   3m      80Mi     
23:32:12 rearm-rebom-postgres-0                 75m     174Mi    
23:32:12 rearm-ui-5c9b8ddf9d-krkqk              2m      3Mi      
23:32:12 testreg-66bb8f476c-wt2mf               1m      1139Mi   
23:32:12 zottest-ff7cfd65c-xbgvk                4073m   261Mi    
23:32:43 rearm-backend-6d79d5dcc8-rj9w4         50m     1994Mi   
23:32:43 rearm-keycloak-0                       2m      724Mi    
23:32:43 rearm-keycloak-postgres-0              1m      33Mi     
23:32:43 rearm-oci-artifact-5c8686f45c-mmxzz    66m     64Mi     
23:32:43 rearm-postgresql-0                     57m     327Mi    
23:32:43 rearm-rebom-backend-768fd58455-46nwc   9m      99Mi     
23:32:43 rearm-rebom-backend-768fd58455-dp9ps   15m     120Mi    
23:32:43 rearm-rebom-backend-768fd58455-tmqdc   10m     117Mi    
23:32:43 rearm-rebom-backend-768fd58455-vkfb5   8m      80Mi     
23:32:43 rearm-rebom-postgres-0                 75m     169Mi    
23:32:43 rearm-ui-5c9b8ddf9d-krkqk              2m      3Mi      
23:32:43 testreg-66bb8f476c-wt2mf               1m      1139Mi   
23:32:43 zottest-ff7cfd65c-xbgvk                4023m   261Mi    
23:33:14 rearm-backend-6d79d5dcc8-rj9w4         46m     1995Mi   
23:33:14 rearm-keycloak-0                       2m      724Mi    
23:33:14 rearm-keycloak-postgres-0              1m      33Mi     
23:33:14 rearm-oci-artifact-5c8686f45c-mmxzz    64m     69Mi     
23:33:14 rearm-postgresql-0                     65m     324Mi    
23:33:14 rearm-rebom-backend-768fd58455-46nwc   12m     100Mi    
23:33:14 rearm-rebom-backend-768fd58455-dp9ps   14m     118Mi    
23:33:14 rearm-rebom-backend-768fd58455-tmqdc   15m     117Mi    
23:33:14 rearm-rebom-backend-768fd58455-vkfb5   4m      81Mi     
23:33:14 rearm-rebom-postgres-0                 82m     174Mi    
23:33:14 rearm-ui-5c9b8ddf9d-krkqk              2m      3Mi      
23:33:14 testreg-66bb8f476c-wt2mf               1m      1139Mi   
23:33:14 zottest-ff7cfd65c-xbgvk                3982m   252Mi    
23:33:45 rearm-backend-6d79d5dcc8-rj9w4         53m     1996Mi   
23:33:45 rearm-keycloak-0                       2m      724Mi    
23:33:45 rearm-keycloak-postgres-0              1m      33Mi     
23:33:45 rearm-oci-artifact-5c8686f45c-mmxzz    62m     79Mi     
23:33:45 rearm-postgresql-0                     66m     326Mi    
23:33:45 rearm-rebom-backend-768fd58455-46nwc   9m      127Mi    
23:33:45 rearm-rebom-backend-768fd58455-dp9ps   14m     119Mi    
23:33:45 rearm-rebom-backend-768fd58455-tmqdc   15m     119Mi    
23:33:45 rearm-rebom-backend-768fd58455-vkfb5   3m      82Mi     
23:33:45 rearm-rebom-postgres-0                 68m     173Mi    
23:33:45 rearm-ui-5c9b8ddf9d-krkqk              2m      3Mi      
23:33:45 testreg-66bb8f476c-wt2mf               1m      1139Mi   
23:33:45 zottest-ff7cfd65c-xbgvk                4043m   263Mi    
23:34:15 rearm-backend-6d79d5dcc8-rj9w4         40m     1997Mi   
23:34:15 rearm-keycloak-0                       2m      724Mi    
23:34:15 rearm-keycloak-postgres-0              1m      33Mi     
23:34:15 rearm-oci-artifact-5c8686f45c-mmxzz    65m     72Mi     
23:34:15 rearm-postgresql-0                     53m     327Mi    
23:34:15 rearm-rebom-backend-768fd58455-46nwc   13m     123Mi    
23:34:15 rearm-rebom-backend-768fd58455-dp9ps   4m      122Mi    
23:34:15 rearm-rebom-backend-768fd58455-tmqdc   17m     114Mi    
23:34:15 rearm-rebom-backend-768fd58455-vkfb5   13m     85Mi     
23:34:15 rearm-rebom-postgres-0                 78m     169Mi    
23:34:15 rearm-ui-5c9b8ddf9d-krkqk              2m      3Mi      
23:34:15 testreg-66bb8f476c-wt2mf               1m      1139Mi   
23:34:15 zottest-ff7cfd65c-xbgvk                4089m   273Mi    
23:34:46 rearm-backend-6d79d5dcc8-rj9w4         41m     1998Mi   
23:34:46 rearm-keycloak-0                       2m      724Mi    
23:34:46 rearm-keycloak-postgres-0              1m      33Mi     
23:34:46 rearm-oci-artifact-5c8686f45c-mmxzz    65m     74Mi     
23:34:46 rearm-postgresql-0                     83m     329Mi    
23:34:46 rearm-rebom-backend-768fd58455-46nwc   10m     123Mi    
23:34:46 rearm-rebom-backend-768fd58455-dp9ps   3m      68Mi     
23:34:46 rearm-rebom-backend-768fd58455-tmqdc   18m     118Mi    
23:34:46 rearm-rebom-backend-768fd58455-vkfb5   14m     92Mi     
23:34:46 rearm-rebom-postgres-0                 70m     171Mi    
23:34:46 rearm-ui-5c9b8ddf9d-krkqk              2m      3Mi      
23:34:46 testreg-66bb8f476c-wt2mf               1m      1139Mi   
23:34:46 zottest-ff7cfd65c-xbgvk                4039m   283Mi    
23:35:17 rearm-backend-6d79d5dcc8-rj9w4         40m     1999Mi   
23:35:17 rearm-keycloak-0                       2m      724Mi    
23:35:17 rearm-keycloak-postgres-0              1m      33Mi     
23:35:17 rearm-oci-artifact-5c8686f45c-mmxzz    63m     77Mi     
23:35:17 rearm-postgresql-0                     53m     327Mi    
23:35:17 rearm-rebom-backend-768fd58455-46nwc   7m      112Mi    
23:35:17 rearm-rebom-backend-768fd58455-dp9ps   5m      64Mi     
23:35:17 rearm-rebom-backend-768fd58455-tmqdc   16m     116Mi    
23:35:17 rearm-rebom-backend-768fd58455-vkfb5   12m     109Mi    
23:35:17 rearm-rebom-postgres-0                 73m     167Mi    
23:35:17 rearm-ui-5c9b8ddf9d-krkqk              2m      3Mi      
23:35:17 testreg-66bb8f476c-wt2mf               1m      1139Mi   
23:35:17 zottest-ff7cfd65c-xbgvk                4130m   278Mi    
23:35:48 rearm-backend-6d79d5dcc8-rj9w4         72m     1996Mi   
23:35:48 rearm-keycloak-0                       2m      724Mi    
23:35:48 rearm-keycloak-postgres-0              1m      33Mi     
23:35:48 rearm-oci-artifact-5c8686f45c-mmxzz    63m     69Mi     
23:35:48 rearm-postgresql-0                     89m     329Mi    
23:35:48 rearm-rebom-backend-768fd58455-46nwc   11m     85Mi     
23:35:48 rearm-rebom-backend-768fd58455-dp9ps   2m      67Mi     
23:35:48 rearm-rebom-backend-768fd58455-tmqdc   16m     116Mi    
23:35:48 rearm-rebom-backend-768fd58455-vkfb5   15m     119Mi    
23:35:48 rearm-rebom-postgres-0                 71m     171Mi    
23:35:48 rearm-ui-5c9b8ddf9d-krkqk              2m      3Mi      
23:35:48 testreg-66bb8f476c-wt2mf               1m      1139Mi   
23:35:48 zottest-ff7cfd65c-xbgvk                4091m   295Mi    
23:36:18 rearm-backend-6d79d5dcc8-rj9w4         39m     1997Mi   
23:36:18 rearm-keycloak-0                       2m      724Mi    
23:36:18 rearm-keycloak-postgres-0              1m      33Mi     
23:36:18 rearm-oci-artifact-5c8686f45c-mmxzz    63m     69Mi     
23:36:18 rearm-postgresql-0                     53m     322Mi    
23:36:18 rearm-rebom-backend-768fd58455-46nwc   5m      87Mi     
23:36:18 rearm-rebom-backend-768fd58455-dp9ps   2m      66Mi     
23:36:18 rearm-rebom-backend-768fd58455-tmqdc   15m     117Mi    
23:36:18 rearm-rebom-backend-768fd58455-vkfb5   15m     132Mi    
23:36:18 rearm-rebom-postgres-0                 69m     171Mi    
23:36:18 rearm-ui-5c9b8ddf9d-krkqk              2m      3Mi      
23:36:18 testreg-66bb8f476c-wt2mf               1m      1139Mi   
23:36:18 zottest-ff7cfd65c-xbgvk                4102m   273Mi    
23:36:49 rearm-backend-6d79d5dcc8-rj9w4         44m     1997Mi   
23:36:49 rearm-keycloak-0                       2m      724Mi    
23:36:49 rearm-keycloak-postgres-0              1m      33Mi     
23:36:49 rearm-oci-artifact-5c8686f45c-mmxzz    62m     65Mi     
23:36:49 rearm-postgresql-0                     85m     325Mi    
23:36:49 rearm-rebom-backend-768fd58455-46nwc   6m      90Mi     
23:36:49 rearm-rebom-backend-768fd58455-dp9ps   5m      59Mi     
23:36:49 rearm-rebom-backend-768fd58455-tmqdc   12m     118Mi    
23:36:49 rearm-rebom-backend-768fd58455-vkfb5   16m     134Mi    
23:36:49 rearm-rebom-postgres-0                 72m     174Mi    
23:36:49 rearm-ui-5c9b8ddf9d-krkqk              2m      3Mi      
23:36:49 testreg-66bb8f476c-wt2mf               1m      1139Mi   
23:36:49 zottest-ff7cfd65c-xbgvk                4101m   290Mi    
23:37:20 rearm-backend-6d79d5dcc8-rj9w4         39m     1999Mi   
23:37:20 rearm-keycloak-0                       2m      724Mi    
23:37:20 rearm-keycloak-postgres-0              1m      33Mi     
23:37:20 rearm-oci-artifact-5c8686f45c-mmxzz    63m     71Mi     
23:37:20 rearm-postgresql-0                     54m     325Mi    
23:37:20 rearm-rebom-backend-768fd58455-46nwc   10m     72Mi     
23:37:20 rearm-rebom-backend-768fd58455-dp9ps   4m      63Mi     
23:37:20 rearm-rebom-backend-768fd58455-tmqdc   14m     114Mi    
23:37:20 rearm-rebom-backend-768fd58455-vkfb5   11m     136Mi    
23:37:20 rearm-rebom-postgres-0                 73m     171Mi    
23:37:20 rearm-ui-5c9b8ddf9d-krkqk              2m      3Mi      
23:37:20 testreg-66bb8f476c-wt2mf               1m      1139Mi   
23:37:20 zottest-ff7cfd65c-xbgvk                4115m   305Mi    
23:37:51 rearm-backend-6d79d5dcc8-rj9w4         41m     1997Mi   
23:37:51 rearm-keycloak-0                       2m      724Mi    
23:37:51 rearm-keycloak-postgres-0              1m      33Mi     
23:37:51 rearm-oci-artifact-5c8686f45c-mmxzz    64m     79Mi     
23:37:51 rearm-postgresql-0                     48m     331Mi    
23:37:51 rearm-rebom-backend-768fd58455-46nwc   12m     71Mi     
23:37:51 rearm-rebom-backend-768fd58455-dp9ps   3m      66Mi     
23:37:51 rearm-rebom-backend-768fd58455-tmqdc   16m     116Mi    
23:37:51 rearm-rebom-backend-768fd58455-vkfb5   11m     136Mi    
23:37:51 rearm-rebom-postgres-0                 67m     169Mi    
23:37:51 rearm-ui-5c9b8ddf9d-krkqk              2m      3Mi      
23:37:51 testreg-66bb8f476c-wt2mf               1m      1139Mi   
23:37:51 zottest-ff7cfd65c-xbgvk                4074m   306Mi    
23:38:22 rearm-backend-6d79d5dcc8-rj9w4         40m     1997Mi   
23:38:22 rearm-keycloak-0                       2m      724Mi    
23:38:22 rearm-keycloak-postgres-0              1m      33Mi     
23:38:22 rearm-oci-artifact-5c8686f45c-mmxzz    65m     67Mi     
23:38:22 rearm-postgresql-0                     156m    327Mi    
23:38:22 rearm-rebom-backend-768fd58455-46nwc   9m      73Mi     
23:38:22 rearm-rebom-backend-768fd58455-dp9ps   4m      64Mi     
23:38:22 rearm-rebom-backend-768fd58455-tmqdc   12m     119Mi    
23:38:22 rearm-rebom-backend-768fd58455-vkfb5   15m     132Mi    
23:38:22 rearm-rebom-postgres-0                 68m     169Mi    
23:38:22 rearm-ui-5c9b8ddf9d-krkqk              2m      3Mi      
23:38:22 testreg-66bb8f476c-wt2mf               1m      1139Mi   
23:38:22 zottest-ff7cfd65c-xbgvk                4062m   257Mi    
23:38:52 rearm-backend-6d79d5dcc8-rj9w4         42m     1998Mi   
23:38:52 rearm-keycloak-0                       2m      724Mi    
23:38:52 rearm-keycloak-postgres-0              1m      33Mi     
23:38:52 rearm-oci-artifact-5c8686f45c-mmxzz    62m     74Mi     
23:38:52 rearm-postgresql-0                     74m     327Mi    
23:38:52 rearm-rebom-backend-768fd58455-46nwc   6m      75Mi     
23:38:52 rearm-rebom-backend-768fd58455-dp9ps   3m      66Mi     
23:38:52 rearm-rebom-backend-768fd58455-tmqdc   16m     116Mi    
23:38:52 rearm-rebom-backend-768fd58455-vkfb5   16m     131Mi    
23:38:52 rearm-rebom-postgres-0                 72m     169Mi    
23:38:52 rearm-ui-5c9b8ddf9d-krkqk              2m      3Mi      
23:38:52 testreg-66bb8f476c-wt2mf               1m      1139Mi   
23:38:52 zottest-ff7cfd65c-xbgvk                4125m   309Mi    
23:39:23 rearm-backend-6d79d5dcc8-rj9w4         42m     1999Mi   
23:39:23 rearm-keycloak-0                       2m      724Mi    
23:39:23 rearm-keycloak-postgres-0              1m      33Mi     
23:39:23 rearm-oci-artifact-5c8686f45c-mmxzz    58m     73Mi     
23:39:23 rearm-postgresql-0                     53m     325Mi    
23:39:23 rearm-rebom-backend-768fd58455-46nwc   13m     72Mi     
23:39:23 rearm-rebom-backend-768fd58455-dp9ps   3m      67Mi     
23:39:23 rearm-rebom-backend-768fd58455-tmqdc   16m     118Mi    
23:39:23 rearm-rebom-backend-768fd58455-vkfb5   8m      83Mi     
23:39:23 rearm-rebom-postgres-0                 74m     169Mi    
23:39:23 rearm-ui-5c9b8ddf9d-krkqk              2m      3Mi      
23:39:23 testreg-66bb8f476c-wt2mf               1m      1139Mi   
23:39:23 zottest-ff7cfd65c-xbgvk                4051m   358Mi    
23:39:54 rearm-backend-6d79d5dcc8-rj9w4         40m     1972Mi   
23:39:54 rearm-keycloak-0                       2m      724Mi    
23:39:54 rearm-keycloak-postgres-0              1m      33Mi     
23:39:54 rearm-oci-artifact-5c8686f45c-mmxzz    63m     73Mi     
23:39:54 rearm-postgresql-0                     59m     327Mi    
23:39:54 rearm-rebom-backend-768fd58455-46nwc   5m      75Mi     
23:39:54 rearm-rebom-backend-768fd58455-dp9ps   7m      64Mi     
23:39:54 rearm-rebom-backend-768fd58455-tmqdc   19m     118Mi    
23:39:54 rearm-rebom-backend-768fd58455-vkfb5   7m      91Mi     
23:39:54 rearm-rebom-postgres-0                 69m     167Mi    
23:39:54 rearm-ui-5c9b8ddf9d-krkqk              2m      3Mi      
23:39:54 testreg-66bb8f476c-wt2mf               1m      1139Mi   
23:39:54 zottest-ff7cfd65c-xbgvk                4069m   298Mi    
23:40:25 rearm-backend-6d79d5dcc8-rj9w4         38m     1973Mi   
23:40:25 rearm-keycloak-0                       2m      724Mi    
23:40:25 rearm-keycloak-postgres-0              1m      33Mi     
23:40:25 rearm-oci-artifact-5c8686f45c-mmxzz    58m     77Mi     
23:40:25 rearm-postgresql-0                     65m     328Mi    
23:40:25 rearm-rebom-backend-768fd58455-46nwc   4m      72Mi     
23:40:25 rearm-rebom-backend-768fd58455-dp9ps   2m      64Mi     
23:40:25 rearm-rebom-backend-768fd58455-tmqdc   23m     121Mi    
23:40:25 rearm-rebom-backend-768fd58455-vkfb5   9m      91Mi     
23:40:25 rearm-rebom-postgres-0                 65m     171Mi    
23:40:25 rearm-ui-5c9b8ddf9d-krkqk              2m      3Mi      
23:40:25 testreg-66bb8f476c-wt2mf               1m      1139Mi   
23:40:25 zottest-ff7cfd65c-xbgvk                4055m   277Mi    
23:40:56 rearm-backend-6d79d5dcc8-rj9w4         38m     1974Mi   
23:40:56 rearm-keycloak-0                       2m      724Mi    
23:40:56 rearm-keycloak-postgres-0              1m      33Mi     
23:40:56 rearm-oci-artifact-5c8686f45c-mmxzz    58m     72Mi     
23:40:56 rearm-postgresql-0                     56m     328Mi    
23:40:56 rearm-rebom-backend-768fd58455-46nwc   8m      71Mi     
23:40:56 rearm-rebom-backend-768fd58455-dp9ps   4m      66Mi     
23:40:56 rearm-rebom-backend-768fd58455-tmqdc   17m     122Mi    
23:40:56 rearm-rebom-backend-768fd58455-vkfb5   7m      84Mi     
23:40:56 rearm-rebom-postgres-0                 67m     170Mi    
23:40:56 rearm-ui-5c9b8ddf9d-krkqk              2m      3Mi      
23:40:56 testreg-66bb8f476c-wt2mf               1m      1139Mi   
23:40:56 zottest-ff7cfd65c-xbgvk                4047m   297Mi    
23:41:26 rearm-backend-6d79d5dcc8-rj9w4         38m     1975Mi   
23:41:26 rearm-keycloak-0                       2m      724Mi    
23:41:26 rearm-keycloak-postgres-0              1m      33Mi     
23:41:26 rearm-oci-artifact-5c8686f45c-mmxzz    59m     71Mi     
23:41:26 rearm-postgresql-0                     113m    324Mi    
23:41:26 rearm-rebom-backend-768fd58455-46nwc   4m      74Mi     
23:41:26 rearm-rebom-backend-768fd58455-dp9ps   2m      68Mi     
23:41:26 rearm-rebom-backend-768fd58455-tmqdc   20m     121Mi    
23:41:26 rearm-rebom-backend-768fd58455-vkfb5   7m      83Mi     
23:41:26 rearm-rebom-postgres-0                 65m     171Mi    
23:41:26 rearm-ui-5c9b8ddf9d-krkqk              2m      3Mi      
23:41:26 testreg-66bb8f476c-wt2mf               1m      1139Mi   
23:41:26 zottest-ff7cfd65c-xbgvk                4111m   276Mi    
23:41:57 rearm-backend-6d79d5dcc8-rj9w4         43m     1976Mi   
23:41:57 rearm-keycloak-0                       2m      724Mi    
23:41:57 rearm-keycloak-postgres-0              1m      33Mi     
23:41:57 rearm-oci-artifact-5c8686f45c-mmxzz    59m     68Mi     
23:41:57 rearm-postgresql-0                     78m     325Mi    
23:41:57 rearm-rebom-backend-768fd58455-46nwc   4m      72Mi     
23:41:57 rearm-rebom-backend-768fd58455-dp9ps   7m      64Mi     
23:41:57 rearm-rebom-backend-768fd58455-tmqdc   20m     122Mi    
23:41:57 rearm-rebom-backend-768fd58455-vkfb5   9m      81Mi     
23:41:57 rearm-rebom-postgres-0                 67m     171Mi    
23:41:57 rearm-ui-5c9b8ddf9d-krkqk              2m      3Mi      
23:41:57 testreg-66bb8f476c-wt2mf               1m      1139Mi   
23:41:57 zottest-ff7cfd65c-xbgvk                4089m   301Mi    
23:42:28 rearm-backend-6d79d5dcc8-rj9w4         36m     1972Mi   
23:42:28 rearm-keycloak-0                       2m      724Mi    
23:42:28 rearm-keycloak-postgres-0              1m      33Mi     
23:42:28 rearm-oci-artifact-5c8686f45c-mmxzz    61m     73Mi     
23:42:28 rearm-postgresql-0                     64m     326Mi    
23:42:28 rearm-rebom-backend-768fd58455-46nwc   9m      70Mi     
23:42:28 rearm-rebom-backend-768fd58455-dp9ps   2m      65Mi     
23:42:28 rearm-rebom-backend-768fd58455-tmqdc   20m     120Mi    
23:42:28 rearm-rebom-backend-768fd58455-vkfb5   10m     78Mi     
23:42:28 rearm-rebom-postgres-0                 73m     172Mi    
23:42:28 rearm-ui-5c9b8ddf9d-krkqk              2m      3Mi      
23:42:28 testreg-66bb8f476c-wt2mf               1m      1139Mi   
23:42:28 zottest-ff7cfd65c-xbgvk                4132m   281Mi    
23:42:59 rearm-backend-6d79d5dcc8-rj9w4         37m     1973Mi   
23:42:59 rearm-keycloak-0                       2m      724Mi    
23:42:59 rearm-keycloak-postgres-0              1m      33Mi     
23:42:59 rearm-oci-artifact-5c8686f45c-mmxzz    58m     73Mi     
23:42:59 rearm-postgresql-0                     61m     326Mi    
23:42:59 rearm-rebom-backend-768fd58455-46nwc   5m      73Mi     
23:42:59 rearm-rebom-backend-768fd58455-dp9ps   3m      67Mi     
23:42:59 rearm-rebom-backend-768fd58455-tmqdc   20m     120Mi    
23:42:59 rearm-rebom-backend-768fd58455-vkfb5   10m     80Mi     
23:42:59 rearm-rebom-postgres-0                 69m     171Mi    
23:42:59 rearm-ui-5c9b8ddf9d-krkqk              2m      3Mi      
23:42:59 testreg-66bb8f476c-wt2mf               1m      1139Mi   
23:42:59 zottest-ff7cfd65c-xbgvk                4057m   286Mi    
23:43:30 rearm-backend-6d79d5dcc8-rj9w4         36m     1974Mi   
23:43:30 rearm-keycloak-0                       3m      724Mi    
23:43:30 rearm-keycloak-postgres-0              1m      33Mi     
23:43:30 rearm-oci-artifact-5c8686f45c-mmxzz    60m     71Mi     
23:43:30 rearm-postgresql-0                     70m     326Mi    
23:43:30 rearm-rebom-backend-768fd58455-46nwc   5m      72Mi     
23:43:30 rearm-rebom-backend-768fd58455-dp9ps   6m      65Mi     
23:43:30 rearm-rebom-backend-768fd58455-tmqdc   20m     121Mi    
23:43:30 rearm-rebom-backend-768fd58455-vkfb5   10m     80Mi     
23:43:30 rearm-rebom-postgres-0                 66m     174Mi    
23:43:30 rearm-ui-5c9b8ddf9d-krkqk              2m      3Mi      
23:43:30 testreg-66bb8f476c-wt2mf               1m      1139Mi   
23:43:30 zottest-ff7cfd65c-xbgvk                4124m   316Mi    
23:44:00 rearm-backend-6d79d5dcc8-rj9w4         37m     1975Mi   
23:44:00 rearm-keycloak-0                       2m      724Mi    
23:44:00 rearm-keycloak-postgres-0              1m      33Mi     
23:44:00 rearm-oci-artifact-5c8686f45c-mmxzz    56m     74Mi     
23:44:00 rearm-postgresql-0                     69m     328Mi    
23:44:00 rearm-rebom-backend-768fd58455-46nwc   6m      71Mi     
23:44:00 rearm-rebom-backend-768fd58455-dp9ps   6m      67Mi     
23:44:00 rearm-rebom-backend-768fd58455-tmqdc   20m     120Mi    
23:44:00 rearm-rebom-backend-768fd58455-vkfb5   9m      80Mi     
23:44:00 rearm-rebom-postgres-0                 68m     173Mi    
23:44:00 rearm-ui-5c9b8ddf9d-krkqk              2m      3Mi      
23:44:00 testreg-66bb8f476c-wt2mf               1m      1139Mi   
23:44:00 zottest-ff7cfd65c-xbgvk                4074m   270Mi    
23:44:31 rearm-backend-6d79d5dcc8-rj9w4         59m     1973Mi   
23:44:31 rearm-keycloak-0                       2m      724Mi    
23:44:31 rearm-keycloak-postgres-0              1m      33Mi     
23:44:31 rearm-oci-artifact-5c8686f45c-mmxzz    61m     71Mi     
23:44:31 rearm-postgresql-0                     48m     323Mi    
23:44:31 rearm-rebom-backend-768fd58455-46nwc   8m      73Mi     
23:44:31 rearm-rebom-backend-768fd58455-dp9ps   8m      66Mi     
23:44:31 rearm-rebom-backend-768fd58455-tmqdc   11m     121Mi    
23:44:31 rearm-rebom-backend-768fd58455-vkfb5   7m      83Mi     
23:44:31 rearm-rebom-postgres-0                 66m     169Mi    
23:44:31 rearm-ui-5c9b8ddf9d-krkqk              2m      3Mi      
23:44:31 testreg-66bb8f476c-wt2mf               1m      1139Mi   
23:44:31 zottest-ff7cfd65c-xbgvk                4056m   319Mi    
23:45:02 rearm-backend-6d79d5dcc8-rj9w4         44m     1973Mi   
23:45:02 rearm-keycloak-0                       2m      724Mi    
23:45:02 rearm-keycloak-postgres-0              1m      33Mi     
23:45:02 rearm-oci-artifact-5c8686f45c-mmxzz    61m     72Mi     
23:45:02 rearm-postgresql-0                     85m     324Mi    
23:45:02 rearm-rebom-backend-768fd58455-46nwc   8m      75Mi     
23:45:02 rearm-rebom-backend-768fd58455-dp9ps   10m     68Mi     
23:45:02 rearm-rebom-backend-768fd58455-tmqdc   11m     120Mi    
23:45:02 rearm-rebom-backend-768fd58455-vkfb5   5m      82Mi     
23:45:02 rearm-rebom-postgres-0                 65m     167Mi    
23:45:02 rearm-ui-5c9b8ddf9d-krkqk              2m      3Mi      
23:45:02 testreg-66bb8f476c-wt2mf               1m      1139Mi   
23:45:02 zottest-ff7cfd65c-xbgvk                4226m   301Mi    
23:45:33 rearm-backend-6d79d5dcc8-rj9w4         36m     1974Mi   
23:45:33 rearm-keycloak-0                       2m      724Mi    
23:45:33 rearm-keycloak-postgres-0              1m      33Mi     
23:45:33 rearm-oci-artifact-5c8686f45c-mmxzz    57m     72Mi     
23:45:33 rearm-postgresql-0                     69m     327Mi    
23:45:33 rearm-rebom-backend-768fd58455-46nwc   10m     73Mi     
23:45:33 rearm-rebom-backend-768fd58455-dp9ps   8m      69Mi     
23:45:33 rearm-rebom-backend-768fd58455-tmqdc   9m      121Mi    
23:45:33 rearm-rebom-backend-768fd58455-vkfb5   6m      81Mi     
23:45:33 rearm-rebom-postgres-0                 68m     171Mi    
23:45:33 rearm-ui-5c9b8ddf9d-krkqk              2m      3Mi      
23:45:33 testreg-66bb8f476c-wt2mf               1m      1139Mi   
23:45:33 zottest-ff7cfd65c-xbgvk                3953m   333Mi    
23:46:04 rearm-backend-6d79d5dcc8-rj9w4         37m     1975Mi   
23:46:04 rearm-keycloak-0                       2m      724Mi    
23:46:04 rearm-keycloak-postgres-0              1m      33Mi     
23:46:04 rearm-oci-artifact-5c8686f45c-mmxzz    58m     73Mi     
23:46:04 rearm-postgresql-0                     81m     326Mi    
23:46:04 rearm-rebom-backend-768fd58455-46nwc   10m     75Mi     
23:46:04 rearm-rebom-backend-768fd58455-dp9ps   14m     66Mi     
23:46:04 rearm-rebom-backend-768fd58455-tmqdc   10m     119Mi    
23:46:04 rearm-rebom-backend-768fd58455-vkfb5   5m      82Mi     
23:46:04 rearm-rebom-postgres-0                 58m     171Mi    
23:46:04 rearm-ui-5c9b8ddf9d-krkqk              2m      3Mi      
23:46:04 testreg-66bb8f476c-wt2mf               1m      1139Mi   
23:46:04 zottest-ff7cfd65c-xbgvk                4027m   292Mi    
23:46:34 rearm-backend-6d79d5dcc8-rj9w4         36m     1976Mi   
23:46:34 rearm-keycloak-0                       2m      724Mi    
23:46:34 rearm-keycloak-postgres-0              1m      33Mi     
23:46:34 rearm-oci-artifact-5c8686f45c-mmxzz    58m     80Mi     
23:46:34 rearm-postgresql-0                     82m     328Mi    
23:46:34 rearm-rebom-backend-768fd58455-46nwc   13m     73Mi     
23:46:34 rearm-rebom-backend-768fd58455-dp9ps   10m     77Mi     
23:46:34 rearm-rebom-backend-768fd58455-tmqdc   10m     119Mi    
23:46:34 rearm-rebom-backend-768fd58455-vkfb5   5m      82Mi     
23:46:34 rearm-rebom-postgres-0                 71m     169Mi    
23:46:34 rearm-ui-5c9b8ddf9d-krkqk              2m      4Mi      
23:46:34 testreg-66bb8f476c-wt2mf               1m      1139Mi   
23:46:34 zottest-ff7cfd65c-xbgvk                4106m   288Mi    
23:47:05 rearm-backend-6d79d5dcc8-rj9w4         33m     1974Mi   
23:47:05 rearm-keycloak-0                       2m      724Mi    
23:47:05 rearm-keycloak-postgres-0              1m      33Mi     
23:47:05 rearm-oci-artifact-5c8686f45c-mmxzz    55m     66Mi     
23:47:05 rearm-postgresql-0                     87m     330Mi    
23:47:05 rearm-rebom-backend-768fd58455-46nwc   13m     74Mi     
23:47:05 rearm-rebom-backend-768fd58455-dp9ps   8m      93Mi     
23:47:05 rearm-rebom-backend-768fd58455-tmqdc   13m     117Mi    
23:47:05 rearm-rebom-backend-768fd58455-vkfb5   4m      81Mi     
23:47:05 rearm-rebom-postgres-0                 97m     169Mi    
23:47:05 rearm-ui-5c9b8ddf9d-krkqk              2m      3Mi      
23:47:05 testreg-66bb8f476c-wt2mf               1m      1139Mi   
23:47:05 zottest-ff7cfd65c-xbgvk                4066m   295Mi    
23:47:36 rearm-backend-6d79d5dcc8-rj9w4         39m     1975Mi   
23:47:36 rearm-keycloak-0                       2m      724Mi    
23:47:36 rearm-keycloak-postgres-0              1m      33Mi     
23:47:36 rearm-oci-artifact-5c8686f45c-mmxzz    60m     70Mi     
23:47:36 rearm-postgresql-0                     59m     332Mi    
23:47:36 rearm-rebom-backend-768fd58455-46nwc   8m      78Mi     
23:47:36 rearm-rebom-backend-768fd58455-dp9ps   11m     92Mi     
23:47:36 rearm-rebom-backend-768fd58455-tmqdc   14m     118Mi    
23:47:36 rearm-rebom-backend-768fd58455-vkfb5   7m      80Mi     
23:47:36 rearm-rebom-postgres-0                 63m     172Mi    
23:47:36 rearm-ui-5c9b8ddf9d-krkqk              2m      3Mi      
23:47:36 testreg-66bb8f476c-wt2mf               1m      1139Mi   
23:47:36 zottest-ff7cfd65c-xbgvk                4171m   328Mi    
23:48:07 rearm-backend-6d79d5dcc8-rj9w4         32m     1976Mi   
23:48:07 rearm-keycloak-0                       3m      724Mi    
23:48:07 rearm-keycloak-postgres-0              1m      33Mi     
23:48:07 rearm-oci-artifact-5c8686f45c-mmxzz    57m     63Mi     
23:48:07 rearm-postgresql-0                     70m     330Mi    
23:48:07 rearm-rebom-backend-768fd58455-46nwc   13m     73Mi     
23:48:07 rearm-rebom-backend-768fd58455-dp9ps   7m      93Mi     
23:48:07 rearm-rebom-backend-768fd58455-tmqdc   9m      121Mi    
23:48:07 rearm-rebom-backend-768fd58455-vkfb5   4m      81Mi     
23:48:07 rearm-rebom-postgres-0                 60m     169Mi    
23:48:07 rearm-ui-5c9b8ddf9d-krkqk              2m      3Mi      
23:48:07 testreg-66bb8f476c-wt2mf               1m      1139Mi   
23:48:07 zottest-ff7cfd65c-xbgvk                3959m   295Mi    
23:48:38 rearm-backend-6d79d5dcc8-rj9w4         34m     1976Mi   
23:48:38 rearm-keycloak-0                       2m      724Mi    
23:48:38 rearm-keycloak-postgres-0              1m      33Mi     
23:48:38 rearm-oci-artifact-5c8686f45c-mmxzz    56m     74Mi     
23:48:38 rearm-postgresql-0                     43m     330Mi    
23:48:38 rearm-rebom-backend-768fd58455-46nwc   12m     78Mi     
23:48:38 rearm-rebom-backend-768fd58455-dp9ps   8m      105Mi    
23:48:38 rearm-rebom-backend-768fd58455-tmqdc   15m     118Mi    
23:48:38 rearm-rebom-backend-768fd58455-vkfb5   8m      79Mi     
23:48:38 rearm-rebom-postgres-0                 68m     174Mi    
23:48:38 rearm-ui-5c9b8ddf9d-krkqk              2m      3Mi      
23:48:38 testreg-66bb8f476c-wt2mf               1m      1139Mi   
23:48:38 zottest-ff7cfd65c-xbgvk                3773m   359Mi    
23:49:08 rearm-backend-6d79d5dcc8-rj9w4         39m     1972Mi   
23:49:08 rearm-keycloak-0                       2m      724Mi    
23:49:08 rearm-keycloak-postgres-0              1m      33Mi     
23:49:08 rearm-oci-artifact-5c8686f45c-mmxzz    56m     74Mi     
23:49:08 rearm-postgresql-0                     53m     329Mi    
23:49:08 rearm-rebom-backend-768fd58455-46nwc   5m      75Mi     
23:49:08 rearm-rebom-backend-768fd58455-dp9ps   15m     117Mi    
23:49:08 rearm-rebom-backend-768fd58455-tmqdc   10m     121Mi    
23:49:08 rearm-rebom-backend-768fd58455-vkfb5   5m      83Mi     
23:49:08 rearm-rebom-postgres-0                 62m     171Mi    
23:49:08 rearm-ui-5c9b8ddf9d-krkqk              2m      3Mi      
23:49:08 testreg-66bb8f476c-wt2mf               1m      1139Mi   
23:49:08 zottest-ff7cfd65c-xbgvk                3989m   319Mi    
23:49:39 rearm-backend-6d79d5dcc8-rj9w4         34m     1973Mi   
23:49:39 rearm-keycloak-0                       2m      724Mi    
23:49:39 rearm-keycloak-postgres-0              1m      33Mi     
23:49:39 rearm-oci-artifact-5c8686f45c-mmxzz    57m     60Mi     
23:49:39 rearm-postgresql-0                     49m     332Mi    
23:49:39 rearm-rebom-backend-768fd58455-46nwc   3m      73Mi     
23:49:39 rearm-rebom-backend-768fd58455-dp9ps   11m     121Mi    
23:49:39 rearm-rebom-backend-768fd58455-tmqdc   11m     120Mi    
23:49:39 rearm-rebom-backend-768fd58455-vkfb5   5m      80Mi     
23:49:39 rearm-rebom-postgres-0                 61m     171Mi    
23:49:39 rearm-ui-5c9b8ddf9d-krkqk              2m      3Mi      
23:49:39 testreg-66bb8f476c-wt2mf               1m      1139Mi   
23:49:39 zottest-ff7cfd65c-xbgvk                4104m   305Mi    
23:50:10 rearm-backend-6d79d5dcc8-rj9w4         32m     1956Mi   
23:50:10 rearm-keycloak-0                       2m      724Mi    
23:50:10 rearm-keycloak-postgres-0              1m      33Mi     
23:50:10 rearm-oci-artifact-5c8686f45c-mmxzz    47m     64Mi     
23:50:10 rearm-postgresql-0                     55m     326Mi    
23:50:10 rearm-rebom-backend-768fd58455-46nwc   3m      72Mi     
23:50:10 rearm-rebom-backend-768fd58455-dp9ps   8m      120Mi    
23:50:10 rearm-rebom-backend-768fd58455-tmqdc   15m     118Mi    
23:50:10 rearm-rebom-backend-768fd58455-vkfb5   11m     82Mi     
23:50:10 rearm-rebom-postgres-0                 67m     171Mi    
23:50:10 rearm-ui-5c9b8ddf9d-krkqk              2m      3Mi      
23:50:10 testreg-66bb8f476c-wt2mf               1m      1139Mi   
23:50:10 zottest-ff7cfd65c-xbgvk                3719m   361Mi    
23:50:41 rearm-backend-6d79d5dcc8-rj9w4         37m     1957Mi   
23:50:41 rearm-keycloak-0                       2m      724Mi    
23:50:41 rearm-keycloak-postgres-0              1m      33Mi     
23:50:41 rearm-oci-artifact-5c8686f45c-mmxzz    52m     73Mi     
23:50:41 rearm-postgresql-0                     73m     324Mi    
23:50:41 rearm-rebom-backend-768fd58455-46nwc   2m      71Mi     
23:50:41 rearm-rebom-backend-768fd58455-dp9ps   8m      118Mi    
23:50:41 rearm-rebom-backend-768fd58455-tmqdc   12m     119Mi    
23:50:41 rearm-rebom-backend-768fd58455-vkfb5   7m      82Mi     
23:50:41 rearm-rebom-postgres-0                 62m     169Mi    
23:50:41 rearm-ui-5c9b8ddf9d-krkqk              2m      3Mi      
23:50:41 testreg-66bb8f476c-wt2mf               1m      1139Mi   
23:50:41 zottest-ff7cfd65c-xbgvk                4088m   353Mi    
23:51:12 rearm-backend-6d79d5dcc8-rj9w4         34m     1962Mi   
23:51:12 rearm-keycloak-0                       2m      724Mi    
23:51:12 rearm-keycloak-postgres-0              1m      33Mi     
23:51:12 rearm-oci-artifact-5c8686f45c-mmxzz    57m     75Mi     
23:51:12 rearm-postgresql-0                     67m     326Mi    
23:51:12 rearm-rebom-backend-768fd58455-46nwc   2m      73Mi     
23:51:12 rearm-rebom-backend-768fd58455-dp9ps   8m      120Mi    
23:51:12 rearm-rebom-backend-768fd58455-tmqdc   15m     119Mi    
23:51:12 rearm-rebom-backend-768fd58455-vkfb5   12m     89Mi     
23:51:12 rearm-rebom-postgres-0                 62m     172Mi    
23:51:12 rearm-ui-5c9b8ddf9d-krkqk              2m      3Mi      
23:51:12 testreg-66bb8f476c-wt2mf               1m      1139Mi   
23:51:12 zottest-ff7cfd65c-xbgvk                4032m   296Mi    
23:51:42 rearm-backend-6d79d5dcc8-rj9w4         37m     1963Mi   
23:51:42 rearm-keycloak-0                       3m      724Mi    
23:51:42 rearm-keycloak-postgres-0              1m      33Mi     
23:51:42 rearm-oci-artifact-5c8686f45c-mmxzz    58m     71Mi     
23:51:42 rearm-postgresql-0                     42m     326Mi    
23:51:42 rearm-rebom-backend-768fd58455-46nwc   5m      68Mi     
23:51:42 rearm-rebom-backend-768fd58455-dp9ps   8m      120Mi    
23:51:42 rearm-rebom-backend-768fd58455-tmqdc   9m      120Mi    
23:51:42 rearm-rebom-backend-768fd58455-vkfb5   13m     85Mi     
23:51:42 rearm-rebom-postgres-0                 63m     171Mi    
23:51:42 rearm-ui-5c9b8ddf9d-krkqk              2m      3Mi      
23:51:42 testreg-66bb8f476c-wt2mf               1m      1139Mi   
23:51:42 zottest-ff7cfd65c-xbgvk                3998m   334Mi    
23:52:13 rearm-backend-6d79d5dcc8-rj9w4         36m     1963Mi   
23:52:13 rearm-keycloak-0                       2m      724Mi    
23:52:13 rearm-keycloak-postgres-0              1m      33Mi     
23:52:13 rearm-oci-artifact-5c8686f45c-mmxzz    54m     74Mi     
23:52:13 rearm-postgresql-0                     80m     329Mi    
23:52:13 rearm-rebom-backend-768fd58455-46nwc   4m      69Mi     
23:52:13 rearm-rebom-backend-768fd58455-dp9ps   9m      119Mi    
23:52:13 rearm-rebom-backend-768fd58455-tmqdc   9m      120Mi    
23:52:13 rearm-rebom-backend-768fd58455-vkfb5   10m     89Mi     
23:52:13 rearm-rebom-postgres-0                 65m     171Mi    
23:52:13 rearm-ui-5c9b8ddf9d-krkqk              2m      3Mi      
23:52:13 testreg-66bb8f476c-wt2mf               1m      1139Mi   
23:52:13 zottest-ff7cfd65c-xbgvk                4070m   301Mi    
23:52:44 rearm-backend-6d79d5dcc8-rj9w4         31m     1964Mi   
23:52:44 rearm-keycloak-0                       2m      724Mi    
23:52:44 rearm-keycloak-postgres-0              1m      33Mi     
23:52:44 rearm-oci-artifact-5c8686f45c-mmxzz    50m     75Mi     
23:52:44 rearm-postgresql-0                     79m     330Mi    
23:52:44 rearm-rebom-backend-768fd58455-46nwc   2m      70Mi     
23:52:44 rearm-rebom-backend-768fd58455-dp9ps   11m     120Mi    
23:52:44 rearm-rebom-backend-768fd58455-tmqdc   10m     120Mi    
23:52:44 rearm-rebom-backend-768fd58455-vkfb5   11m     80Mi     
23:52:44 rearm-rebom-postgres-0                 63m     174Mi    
23:52:44 rearm-ui-5c9b8ddf9d-krkqk              2m      3Mi      
23:52:44 testreg-66bb8f476c-wt2mf               1m      1139Mi   
23:52:44 zottest-ff7cfd65c-xbgvk                4032m   353Mi    
23:53:15 rearm-backend-6d79d5dcc8-rj9w4         36m     1965Mi   
23:53:15 rearm-keycloak-0                       3m      724Mi    
23:53:15 rearm-keycloak-postgres-0              1m      33Mi     
23:53:15 rearm-oci-artifact-5c8686f45c-mmxzz    58m     72Mi     
23:53:15 rearm-postgresql-0                     76m     329Mi    
23:53:15 rearm-rebom-backend-768fd58455-46nwc   3m      73Mi     
23:53:15 rearm-rebom-backend-768fd58455-dp9ps   11m     117Mi    
23:53:15 rearm-rebom-backend-768fd58455-tmqdc   11m     120Mi    
23:53:15 rearm-rebom-backend-768fd58455-vkfb5   8m      90Mi     
23:53:15 rearm-rebom-postgres-0                 61m     174Mi    
23:53:15 rearm-ui-5c9b8ddf9d-krkqk              2m      3Mi      
23:53:15 testreg-66bb8f476c-wt2mf               1m      1139Mi   
23:53:15 zottest-ff7cfd65c-xbgvk                4187m   321Mi    
23:53:46 rearm-backend-6d79d5dcc8-rj9w4         38m     1963Mi   
23:53:46 rearm-keycloak-0                       2m      724Mi    
23:53:46 rearm-keycloak-postgres-0              1m      33Mi     
23:53:46 rearm-oci-artifact-5c8686f45c-mmxzz    55m     74Mi     
23:53:46 rearm-postgresql-0                     77m     325Mi    
23:53:46 rearm-rebom-backend-768fd58455-46nwc   4m      68Mi     
23:53:46 rearm-rebom-backend-768fd58455-dp9ps   9m      118Mi    
23:53:46 rearm-rebom-backend-768fd58455-tmqdc   11m     119Mi    
23:53:46 rearm-rebom-backend-768fd58455-vkfb5   8m      93Mi     
23:53:46 rearm-rebom-postgres-0                 62m     171Mi    
23:53:46 rearm-ui-5c9b8ddf9d-krkqk              2m      3Mi      
23:53:46 testreg-66bb8f476c-wt2mf               1m      1139Mi   
23:53:46 zottest-ff7cfd65c-xbgvk                4177m   302Mi    
23:54:16 rearm-backend-6d79d5dcc8-rj9w4         36m     1964Mi   
23:54:16 rearm-keycloak-0                       2m      724Mi    
23:54:16 rearm-keycloak-postgres-0              1m      33Mi     
23:54:16 rearm-oci-artifact-5c8686f45c-mmxzz    56m     77Mi     
23:54:16 rearm-postgresql-0                     110m    329Mi    
23:54:16 rearm-rebom-backend-768fd58455-46nwc   8m      72Mi     
23:54:16 rearm-rebom-backend-768fd58455-dp9ps   11m     119Mi    
23:54:16 rearm-rebom-backend-768fd58455-tmqdc   12m     116Mi    
23:54:16 rearm-rebom-backend-768fd58455-vkfb5   6m      108Mi    
23:54:16 rearm-rebom-postgres-0                 61m     169Mi    
23:54:16 rearm-ui-5c9b8ddf9d-krkqk              2m      3Mi      
23:54:16 testreg-66bb8f476c-wt2mf               1m      1139Mi   
23:54:16 zottest-ff7cfd65c-xbgvk                4206m   331Mi    
23:54:47 rearm-backend-6d79d5dcc8-rj9w4         34m     1964Mi   
23:54:47 rearm-keycloak-0                       2m      724Mi    
23:54:47 rearm-keycloak-postgres-0              1m      33Mi     
23:54:47 rearm-oci-artifact-5c8686f45c-mmxzz    55m     73Mi     
23:54:47 rearm-postgresql-0                     74m     334Mi    
23:54:47 rearm-rebom-backend-768fd58455-46nwc   12m     82Mi     
23:54:47 rearm-rebom-backend-768fd58455-dp9ps   14m     70Mi     
23:54:47 rearm-rebom-backend-768fd58455-tmqdc   8m      121Mi    
23:54:47 rearm-rebom-backend-768fd58455-vkfb5   4m      108Mi    
23:54:47 rearm-rebom-postgres-0                 62m     167Mi    
23:54:47 rearm-ui-5c9b8ddf9d-krkqk              2m      3Mi      
23:54:47 testreg-66bb8f476c-wt2mf               1m      1139Mi   
23:54:47 zottest-ff7cfd65c-xbgvk                4068m   312Mi    
23:55:18 rearm-backend-6d79d5dcc8-rj9w4         33m     1965Mi   
23:55:18 rearm-keycloak-0                       2m      724Mi    
23:55:18 rearm-keycloak-postgres-0              1m      33Mi     
23:55:18 rearm-oci-artifact-5c8686f45c-mmxzz    52m     80Mi     
23:55:18 rearm-postgresql-0                     70m     333Mi    
23:55:18 rearm-rebom-backend-768fd58455-46nwc   10m     99Mi     
23:55:18 rearm-rebom-backend-768fd58455-dp9ps   10m     80Mi     
23:55:18 rearm-rebom-backend-768fd58455-tmqdc   9m      118Mi    
23:55:18 rearm-rebom-backend-768fd58455-vkfb5   3m      80Mi     
23:55:18 rearm-rebom-postgres-0                 60m     174Mi    
23:55:18 rearm-ui-5c9b8ddf9d-krkqk              2m      3Mi      
23:55:18 testreg-66bb8f476c-wt2mf               1m      1139Mi   
23:55:18 zottest-ff7cfd65c-xbgvk                4087m   336Mi    
23:55:49 rearm-backend-6d79d5dcc8-rj9w4         39m     1974Mi   
23:55:49 rearm-keycloak-0                       2m      724Mi    
23:55:49 rearm-keycloak-postgres-0              1m      33Mi     
23:55:49 rearm-oci-artifact-5c8686f45c-mmxzz    50m     76Mi     
23:55:49 rearm-postgresql-0                     75m     335Mi    
23:55:49 rearm-rebom-backend-768fd58455-46nwc   14m     97Mi     
23:55:49 rearm-rebom-backend-768fd58455-dp9ps   14m     87Mi     
23:55:49 rearm-rebom-backend-768fd58455-tmqdc   10m     115Mi    
23:55:49 rearm-rebom-backend-768fd58455-vkfb5   2m      80Mi     
23:55:49 rearm-rebom-postgres-0                 65m     167Mi    
23:55:49 rearm-ui-5c9b8ddf9d-krkqk              2m      3Mi      
23:55:49 testreg-66bb8f476c-wt2mf               1m      1139Mi   
23:55:49 zottest-ff7cfd65c-xbgvk                3898m   321Mi    
23:56:20 rearm-backend-6d79d5dcc8-rj9w4         54m     1963Mi   
23:56:20 rearm-keycloak-0                       2m      724Mi    
23:56:20 rearm-keycloak-postgres-0              1m      33Mi     
23:56:20 rearm-oci-artifact-5c8686f45c-mmxzz    53m     76Mi     
23:56:20 rearm-postgresql-0                     152m    408Mi    
23:56:20 rearm-rebom-backend-768fd58455-46nwc   13m     97Mi     
23:56:20 rearm-rebom-backend-768fd58455-dp9ps   13m     83Mi     
23:56:20 rearm-rebom-backend-768fd58455-tmqdc   7m      118Mi    
23:56:20 rearm-rebom-backend-768fd58455-vkfb5   2m      80Mi     
23:56:20 rearm-rebom-postgres-0                 62m     171Mi    
23:56:20 rearm-ui-5c9b8ddf9d-krkqk              2m      3Mi      
23:56:20 testreg-66bb8f476c-wt2mf               1m      1139Mi   
23:56:20 zottest-ff7cfd65c-xbgvk                4232m   402Mi    
23:56:50 rearm-backend-6d79d5dcc8-rj9w4         39m     1964Mi   
23:56:50 rearm-keycloak-0                       3m      724Mi    
23:56:50 rearm-keycloak-postgres-0              1m      33Mi     
23:56:50 rearm-oci-artifact-5c8686f45c-mmxzz    54m     80Mi     
23:56:50 rearm-postgresql-0                     56m     327Mi    
23:56:50 rearm-rebom-backend-768fd58455-46nwc   14m     122Mi    
23:56:50 rearm-rebom-backend-768fd58455-dp9ps   9m      102Mi    
23:56:50 rearm-rebom-backend-768fd58455-tmqdc   6m      117Mi    
23:56:50 rearm-rebom-backend-768fd58455-vkfb5   4m      78Mi     
23:56:50 rearm-rebom-postgres-0                 58m     169Mi    
23:56:50 rearm-ui-5c9b8ddf9d-krkqk              2m      3Mi      
23:56:50 testreg-66bb8f476c-wt2mf               1m      1139Mi   
23:56:50 zottest-ff7cfd65c-xbgvk                4002m   314Mi    
23:57:21 rearm-backend-6d79d5dcc8-rj9w4         34m     1965Mi   
23:57:21 rearm-keycloak-0                       2m      724Mi    
23:57:21 rearm-keycloak-postgres-0              1m      33Mi     
23:57:21 rearm-oci-artifact-5c8686f45c-mmxzz    55m     75Mi     
23:57:21 rearm-postgresql-0                     41m     330Mi    
23:57:21 rearm-rebom-backend-768fd58455-46nwc   8m      124Mi    
23:57:21 rearm-rebom-backend-768fd58455-dp9ps   10m     103Mi    
23:57:21 rearm-rebom-backend-768fd58455-tmqdc   7m      121Mi    
23:57:21 rearm-rebom-backend-768fd58455-vkfb5   3m      79Mi     
23:57:21 rearm-rebom-postgres-0                 61m     167Mi    
23:57:21 rearm-ui-5c9b8ddf9d-krkqk              2m      3Mi      
23:57:21 testreg-66bb8f476c-wt2mf               1m      1139Mi   
23:57:21 zottest-ff7cfd65c-xbgvk                4129m   332Mi    
23:57:52 rearm-backend-6d79d5dcc8-rj9w4         35m     1966Mi   
23:57:52 rearm-keycloak-0                       2m      724Mi    
23:57:52 rearm-keycloak-postgres-0              1m      33Mi     
23:57:52 rearm-oci-artifact-5c8686f45c-mmxzz    54m     81Mi     
23:57:52 rearm-postgresql-0                     44m     328Mi    
23:57:52 rearm-rebom-backend-768fd58455-46nwc   8m      124Mi    
23:57:52 rearm-rebom-backend-768fd58455-dp9ps   14m     106Mi    
23:57:52 rearm-rebom-backend-768fd58455-tmqdc   7m      119Mi    
23:57:52 rearm-rebom-backend-768fd58455-vkfb5   3m      81Mi     
23:57:52 rearm-rebom-postgres-0                 64m     171Mi    
23:57:52 rearm-ui-5c9b8ddf9d-krkqk              2m      3Mi      
23:57:52 testreg-66bb8f476c-wt2mf               1m      1139Mi   
23:57:52 zottest-ff7cfd65c-xbgvk                4235m   328Mi    
23:58:23 rearm-backend-6d79d5dcc8-rj9w4         31m     1963Mi   
23:58:23 rearm-keycloak-0                       2m      724Mi    
23:58:23 rearm-keycloak-postgres-0              1m      33Mi     
23:58:23 rearm-oci-artifact-5c8686f45c-mmxzz    51m     76Mi     
23:58:23 rearm-postgresql-0                     50m     328Mi    
23:58:23 rearm-rebom-backend-768fd58455-46nwc   12m     122Mi    
23:58:23 rearm-rebom-backend-768fd58455-dp9ps   12m     117Mi    
23:58:23 rearm-rebom-backend-768fd58455-tmqdc   6m      120Mi    
23:58:23 rearm-rebom-backend-768fd58455-vkfb5   3m      79Mi     
23:58:23 rearm-rebom-postgres-0                 60m     170Mi    
23:58:23 rearm-ui-5c9b8ddf9d-krkqk              2m      3Mi      
23:58:23 testreg-66bb8f476c-wt2mf               1m      1139Mi   
23:58:23 zottest-ff7cfd65c-xbgvk                4080m   318Mi    
23:58:54 rearm-backend-6d79d5dcc8-rj9w4         34m     1964Mi   
23:58:54 rearm-keycloak-0                       2m      724Mi    
23:58:54 rearm-keycloak-postgres-0              1m      33Mi     
23:58:54 rearm-oci-artifact-5c8686f45c-mmxzz    54m     62Mi     
23:58:54 rearm-postgresql-0                     64m     330Mi    
23:58:54 rearm-rebom-backend-768fd58455-46nwc   10m     121Mi    
23:58:54 rearm-rebom-backend-768fd58455-dp9ps   12m     118Mi    
23:58:54 rearm-rebom-backend-768fd58455-tmqdc   6m      118Mi    
23:58:54 rearm-rebom-backend-768fd58455-vkfb5   3m      80Mi     
23:58:54 rearm-rebom-postgres-0                 60m     169Mi    
23:58:54 rearm-ui-5c9b8ddf9d-krkqk              2m      3Mi      
23:58:54 testreg-66bb8f476c-wt2mf               1m      1139Mi   
23:58:54 zottest-ff7cfd65c-xbgvk                4082m   346Mi    
23:59:24 rearm-backend-6d79d5dcc8-rj9w4         33m     1965Mi   
23:59:24 rearm-keycloak-0                       2m      724Mi    
23:59:24 rearm-keycloak-postgres-0              1m      33Mi     
23:59:24 rearm-oci-artifact-5c8686f45c-mmxzz    50m     77Mi     
23:59:24 rearm-postgresql-0                     44m     329Mi    
23:59:24 rearm-rebom-backend-768fd58455-46nwc   6m      123Mi    
23:59:24 rearm-rebom-backend-768fd58455-dp9ps   14m     117Mi    
23:59:24 rearm-rebom-backend-768fd58455-tmqdc   9m      115Mi    
23:59:24 rearm-rebom-backend-768fd58455-vkfb5   8m      80Mi     
23:59:24 rearm-rebom-postgres-0                 60m     169Mi    
23:59:24 rearm-ui-5c9b8ddf9d-krkqk              2m      3Mi      
23:59:24 testreg-66bb8f476c-wt2mf               1m      1139Mi   
23:59:24 zottest-ff7cfd65c-xbgvk                4026m   414Mi    
23:59:55 rearm-backend-6d79d5dcc8-rj9w4         39m     1965Mi   
23:59:55 rearm-keycloak-0                       2m      724Mi    
23:59:55 rearm-keycloak-postgres-0              1m      33Mi     
23:59:55 rearm-oci-artifact-5c8686f45c-mmxzz    52m     74Mi     
23:59:55 rearm-postgresql-0                     42m     329Mi    
23:59:55 rearm-rebom-backend-768fd58455-46nwc   5m      125Mi    
23:59:55 rearm-rebom-backend-768fd58455-dp9ps   15m     118Mi    
23:59:55 rearm-rebom-backend-768fd58455-tmqdc   4m      118Mi    
23:59:55 rearm-rebom-backend-768fd58455-vkfb5   13m     79Mi     
23:59:55 rearm-rebom-postgres-0                 59m     173Mi    
23:59:55 rearm-ui-5c9b8ddf9d-krkqk              2m      3Mi      
23:59:55 testreg-66bb8f476c-wt2mf               1m      1139Mi   
23:59:55 zottest-ff7cfd65c-xbgvk                4158m   341Mi    
00:00:26 rearm-backend-6d79d5dcc8-rj9w4         35m     1966Mi   
00:00:26 rearm-keycloak-0                       2m      724Mi    
00:00:26 rearm-keycloak-postgres-0              1m      33Mi     
00:00:26 rearm-oci-artifact-5c8686f45c-mmxzz    46m     72Mi     
00:00:26 rearm-postgresql-0                     44m     327Mi    
00:00:26 rearm-rebom-backend-768fd58455-46nwc   4m      122Mi    
00:00:26 rearm-rebom-backend-768fd58455-dp9ps   14m     118Mi    
00:00:26 rearm-rebom-backend-768fd58455-tmqdc   4m      121Mi    
00:00:26 rearm-rebom-backend-768fd58455-vkfb5   6m      83Mi     
00:00:26 rearm-rebom-postgres-0                 61m     171Mi    
00:00:26 rearm-ui-5c9b8ddf9d-krkqk              2m      3Mi      
00:00:26 testreg-66bb8f476c-wt2mf               1m      1139Mi   
00:00:26 zottest-ff7cfd65c-xbgvk                3912m   337Mi    
00:00:57 rearm-backend-6d79d5dcc8-rj9w4         32m     1971Mi   
00:00:57 rearm-keycloak-0                       2m      724Mi    
00:00:57 rearm-keycloak-postgres-0              1m      33Mi     
00:00:57 rearm-oci-artifact-5c8686f45c-mmxzz    51m     73Mi     
00:00:57 rearm-postgresql-0                     47m     330Mi    
00:00:57 rearm-rebom-backend-768fd58455-46nwc   5m      125Mi    
00:00:57 rearm-rebom-backend-768fd58455-dp9ps   10m     123Mi    
00:00:57 rearm-rebom-backend-768fd58455-tmqdc   5m      64Mi     
00:00:57 rearm-rebom-backend-768fd58455-vkfb5   7m      81Mi     
00:00:57 rearm-rebom-postgres-0                 63m     171Mi    
00:00:57 rearm-ui-5c9b8ddf9d-krkqk              2m      3Mi      
00:00:57 testreg-66bb8f476c-wt2mf               1m      1139Mi   
00:00:57 zottest-ff7cfd65c-xbgvk                4124m   317Mi    
00:01:28 rearm-backend-6d79d5dcc8-rj9w4         32m     1972Mi   
00:01:28 rearm-keycloak-0                       2m      724Mi    
00:01:28 rearm-keycloak-postgres-0              1m      33Mi     
00:01:28 rearm-oci-artifact-5c8686f45c-mmxzz    53m     82Mi     
00:01:28 rearm-postgresql-0                     50m     327Mi    
00:01:28 rearm-rebom-backend-768fd58455-46nwc   5m      127Mi    
00:01:28 rearm-rebom-backend-768fd58455-dp9ps   15m     118Mi    
00:01:28 rearm-rebom-backend-768fd58455-tmqdc   6m      64Mi     
00:01:28 rearm-rebom-backend-768fd58455-vkfb5   6m      81Mi     
00:01:28 rearm-rebom-postgres-0                 69m     174Mi    
00:01:28 rearm-ui-5c9b8ddf9d-krkqk              2m      3Mi      
00:01:28 testreg-66bb8f476c-wt2mf               1m      1139Mi   
00:01:28 zottest-ff7cfd65c-xbgvk                4198m   335Mi    
00:01:58 rearm-backend-6d79d5dcc8-rj9w4         34m     1973Mi   
00:01:58 rearm-keycloak-0                       3m      724Mi    
00:01:58 rearm-keycloak-postgres-0              1m      33Mi     
00:01:58 rearm-oci-artifact-5c8686f45c-mmxzz    50m     77Mi     
00:01:58 rearm-postgresql-0                     74m     327Mi    
00:01:58 rearm-rebom-backend-768fd58455-46nwc   4m      124Mi    
00:01:58 rearm-rebom-backend-768fd58455-dp9ps   10m     123Mi    
00:01:58 rearm-rebom-backend-768fd58455-tmqdc   10m     63Mi     
00:01:58 rearm-rebom-backend-768fd58455-vkfb5   7m      82Mi     
00:01:58 rearm-rebom-postgres-0                 68m     172Mi    
00:01:58 rearm-ui-5c9b8ddf9d-krkqk              2m      3Mi      
00:01:58 testreg-66bb8f476c-wt2mf               1m      1139Mi   
00:01:58 zottest-ff7cfd65c-xbgvk                4150m   349Mi    
00:02:29 rearm-backend-6d79d5dcc8-rj9w4         34m     1973Mi   
00:02:29 rearm-keycloak-0                       2m      724Mi    
00:02:29 rearm-keycloak-postgres-0              1m      33Mi     
00:02:29 rearm-oci-artifact-5c8686f45c-mmxzz    51m     81Mi     
00:02:29 rearm-postgresql-0                     68m     333Mi    
00:02:29 rearm-rebom-backend-768fd58455-46nwc   4m      124Mi    
00:02:29 rearm-rebom-backend-768fd58455-dp9ps   11m     121Mi    
00:02:29 rearm-rebom-backend-768fd58455-tmqdc   6m      66Mi     
00:02:29 rearm-rebom-backend-768fd58455-vkfb5   8m      82Mi     
00:02:29 rearm-rebom-postgres-0                 63m     171Mi    
00:02:29 rearm-ui-5c9b8ddf9d-krkqk              2m      3Mi      
00:02:29 testreg-66bb8f476c-wt2mf               1m      1139Mi   
00:02:29 zottest-ff7cfd65c-xbgvk                4101m   325Mi    
00:03:00 rearm-backend-6d79d5dcc8-rj9w4         51m     1970Mi   
00:03:00 rearm-keycloak-0                       2m      724Mi    
00:03:00 rearm-keycloak-postgres-0              1m      33Mi     
00:03:00 rearm-oci-artifact-5c8686f45c-mmxzz    51m     73Mi     
00:03:00 rearm-postgresql-0                     76m     334Mi    
00:03:00 rearm-rebom-backend-768fd58455-46nwc   8m      124Mi    
00:03:00 rearm-rebom-backend-768fd58455-dp9ps   11m     121Mi    
00:03:00 rearm-rebom-backend-768fd58455-tmqdc   5m      64Mi     
00:03:00 rearm-rebom-backend-768fd58455-vkfb5   6m      80Mi     
00:03:00 rearm-rebom-postgres-0                 61m     167Mi    
00:03:00 rearm-ui-5c9b8ddf9d-krkqk              2m      3Mi      
00:03:00 testreg-66bb8f476c-wt2mf               1m      1139Mi   
00:03:00 zottest-ff7cfd65c-xbgvk                4132m   343Mi    
00:03:31 rearm-backend-6d79d5dcc8-rj9w4         35m     1970Mi   
00:03:31 rearm-keycloak-0                       2m      724Mi    
00:03:31 rearm-keycloak-postgres-0              1m      33Mi     
00:03:31 rearm-oci-artifact-5c8686f45c-mmxzz    47m     77Mi     
00:03:31 rearm-postgresql-0                     69m     328Mi    
00:03:31 rearm-rebom-backend-768fd58455-46nwc   5m      124Mi    
00:03:31 rearm-rebom-backend-768fd58455-dp9ps   15m     79Mi     
00:03:31 rearm-rebom-backend-768fd58455-tmqdc   6m      65Mi     
00:03:31 rearm-rebom-backend-768fd58455-vkfb5   10m     81Mi     
00:03:31 rearm-rebom-postgres-0                 59m     169Mi    
00:03:31 rearm-ui-5c9b8ddf9d-krkqk              2m      3Mi      
00:03:31 testreg-66bb8f476c-wt2mf               1m      1139Mi   
00:03:31 zottest-ff7cfd65c-xbgvk                4049m   328Mi    
00:04:02 rearm-backend-6d79d5dcc8-rj9w4         30m     1971Mi   
00:04:02 rearm-keycloak-0                       2m      724Mi    
00:04:02 rearm-keycloak-postgres-0              1m      33Mi     
00:04:02 rearm-oci-artifact-5c8686f45c-mmxzz    51m     75Mi     
00:04:02 rearm-postgresql-0                     58m     332Mi    
00:04:02 rearm-rebom-backend-768fd58455-46nwc   8m      75Mi     
00:04:02 rearm-rebom-backend-768fd58455-dp9ps   10m     93Mi     
00:04:02 rearm-rebom-backend-768fd58455-tmqdc   5m      67Mi     
00:04:02 rearm-rebom-backend-768fd58455-vkfb5   11m     79Mi     
00:04:02 rearm-rebom-postgres-0                 63m     174Mi    
00:04:02 rearm-ui-5c9b8ddf9d-krkqk              2m      3Mi      
00:04:02 testreg-66bb8f476c-wt2mf               1m      1139Mi   
00:04:02 zottest-ff7cfd65c-xbgvk                4088m   337Mi    
00:04:32 rearm-backend-6d79d5dcc8-rj9w4         35m     1972Mi   
00:04:32 rearm-keycloak-0                       2m      724Mi    
00:04:32 rearm-keycloak-postgres-0              1m      33Mi     
00:04:32 rearm-oci-artifact-5c8686f45c-mmxzz    47m     77Mi     
00:04:32 rearm-postgresql-0                     66m     338Mi    
00:04:32 rearm-rebom-backend-768fd58455-46nwc   10m     72Mi     
00:04:32 rearm-rebom-backend-768fd58455-dp9ps   8m      93Mi     
00:04:32 rearm-rebom-backend-768fd58455-tmqdc   7m      64Mi     
00:04:32 rearm-rebom-backend-768fd58455-vkfb5   11m     81Mi     
00:04:32 rearm-rebom-postgres-0                 62m     167Mi    
00:04:32 rearm-ui-5c9b8ddf9d-krkqk              2m      3Mi      
00:04:32 testreg-66bb8f476c-wt2mf               1m      1139Mi   
00:04:32 zottest-ff7cfd65c-xbgvk                4083m   347Mi    
00:05:03 rearm-backend-6d79d5dcc8-rj9w4         32m     1973Mi   
00:05:03 rearm-keycloak-0                       2m      724Mi    
00:05:03 rearm-keycloak-postgres-0              1m      33Mi     
00:05:03 rearm-oci-artifact-5c8686f45c-mmxzz    48m     75Mi     
00:05:03 rearm-postgresql-0                     61m     336Mi    
00:05:03 rearm-rebom-backend-768fd58455-46nwc   10m     72Mi     
00:05:03 rearm-rebom-backend-768fd58455-dp9ps   5m      94Mi     
00:05:03 rearm-rebom-backend-768fd58455-tmqdc   13m     74Mi     
00:05:03 rearm-rebom-backend-768fd58455-vkfb5   5m      84Mi     
00:05:03 rearm-rebom-postgres-0                 55m     174Mi    
00:05:03 rearm-ui-5c9b8ddf9d-krkqk              2m      3Mi      
00:05:03 testreg-66bb8f476c-wt2mf               1m      1139Mi   
00:05:03 zottest-ff7cfd65c-xbgvk                4032m   359Mi    
00:05:34 rearm-backend-6d79d5dcc8-rj9w4         59m     1971Mi   
00:05:34 rearm-keycloak-0                       2m      724Mi    
00:05:34 rearm-keycloak-postgres-0              1m      33Mi     
00:05:34 rearm-oci-artifact-5c8686f45c-mmxzz    50m     75Mi     
00:05:34 rearm-postgresql-0                     72m     336Mi    
00:05:34 rearm-rebom-backend-768fd58455-46nwc   8m      71Mi     
00:05:34 rearm-rebom-backend-768fd58455-dp9ps   5m      68Mi     
00:05:34 rearm-rebom-backend-768fd58455-tmqdc   12m     91Mi     
00:05:34 rearm-rebom-backend-768fd58455-vkfb5   4m      81Mi     
00:05:34 rearm-rebom-postgres-0                 65m     171Mi    
00:05:34 rearm-ui-5c9b8ddf9d-krkqk              2m      3Mi      
00:05:34 testreg-66bb8f476c-wt2mf               1m      1139Mi   
00:05:34 zottest-ff7cfd65c-xbgvk                4098m   327Mi    
00:06:05 rearm-backend-6d79d5dcc8-rj9w4         35m     1972Mi   
00:06:05 rearm-keycloak-0                       2m      724Mi    
00:06:05 rearm-keycloak-postgres-0              1m      33Mi     
00:06:05 rearm-oci-artifact-5c8686f45c-mmxzz    50m     85Mi     
00:06:05 rearm-postgresql-0                     76m     327Mi    
00:06:05 rearm-rebom-backend-768fd58455-46nwc   6m      74Mi     
00:06:05 rearm-rebom-backend-768fd58455-dp9ps   6m      66Mi     
00:06:05 rearm-rebom-backend-768fd58455-tmqdc   15m     90Mi     
00:06:05 rearm-rebom-backend-768fd58455-vkfb5   4m      80Mi     
00:06:05 rearm-rebom-postgres-0                 53m     165Mi    
00:06:05 rearm-ui-5c9b8ddf9d-krkqk              2m      3Mi      
00:06:05 testreg-66bb8f476c-wt2mf               1m      1139Mi   
00:06:05 zottest-ff7cfd65c-xbgvk                4110m   315Mi    
00:06:36 rearm-backend-6d79d5dcc8-rj9w4         35m     1973Mi   
00:06:36 rearm-keycloak-0                       3m      724Mi    
00:06:36 rearm-keycloak-postgres-0              1m      33Mi     
00:06:36 rearm-oci-artifact-5c8686f45c-mmxzz    48m     84Mi     
00:06:36 rearm-postgresql-0                     50m     327Mi    
00:06:36 rearm-rebom-backend-768fd58455-46nwc   9m      71Mi     
00:06:36 rearm-rebom-backend-768fd58455-dp9ps   4m      66Mi     
00:06:36 rearm-rebom-backend-768fd58455-tmqdc   12m     118Mi    
00:06:36 rearm-rebom-backend-768fd58455-vkfb5   7m      79Mi     
00:06:36 rearm-rebom-postgres-0                 60m     172Mi    
00:06:36 rearm-ui-5c9b8ddf9d-krkqk              2m      3Mi      
00:06:36 testreg-66bb8f476c-wt2mf               1m      1139Mi   
00:06:36 zottest-ff7cfd65c-xbgvk                4031m   352Mi    
00:07:06 rearm-backend-6d79d5dcc8-rj9w4         31m     1973Mi   
00:07:06 rearm-keycloak-0                       2m      724Mi    
00:07:06 rearm-keycloak-postgres-0              1m      33Mi     
00:07:06 rearm-oci-artifact-5c8686f45c-mmxzz    47m     78Mi     
00:07:06 rearm-postgresql-0                     66m     326Mi    
00:07:06 rearm-rebom-backend-768fd58455-46nwc   9m      71Mi     
00:07:06 rearm-rebom-backend-768fd58455-dp9ps   6m      68Mi     
00:07:06 rearm-rebom-backend-768fd58455-tmqdc   15m     116Mi    
00:07:06 rearm-rebom-backend-768fd58455-vkfb5   3m      80Mi     
00:07:06 rearm-rebom-postgres-0                 60m     169Mi    
00:07:06 rearm-ui-5c9b8ddf9d-krkqk              2m      3Mi      
00:07:06 testreg-66bb8f476c-wt2mf               1m      1139Mi   
00:07:06 zottest-ff7cfd65c-xbgvk                4157m   389Mi    
00:07:37 rearm-backend-6d79d5dcc8-rj9w4         40m     1974Mi   
00:07:37 rearm-keycloak-0                       2m      724Mi    
00:07:37 rearm-keycloak-postgres-0              1m      33Mi     
00:07:37 rearm-oci-artifact-5c8686f45c-mmxzz    48m     71Mi     
00:07:37 rearm-postgresql-0                     81m     328Mi    
00:07:37 rearm-rebom-backend-768fd58455-46nwc   10m     71Mi     
00:07:37 rearm-rebom-backend-768fd58455-dp9ps   5m      68Mi     
00:07:37 rearm-rebom-backend-768fd58455-tmqdc   14m     118Mi    
00:07:37 rearm-rebom-backend-768fd58455-vkfb5   7m      80Mi     
00:07:37 rearm-rebom-postgres-0                 64m     172Mi    
00:07:37 rearm-ui-5c9b8ddf9d-krkqk              2m      3Mi      
00:07:37 testreg-66bb8f476c-wt2mf               1m      1139Mi   
00:07:37 zottest-ff7cfd65c-xbgvk                4107m   320Mi    
00:08:08 rearm-backend-6d79d5dcc8-rj9w4         51m     1970Mi   
00:08:08 rearm-keycloak-0                       2m      724Mi    
00:08:08 rearm-keycloak-postgres-0              1m      33Mi     
00:08:08 rearm-oci-artifact-5c8686f45c-mmxzz    48m     74Mi     
00:08:08 rearm-postgresql-0                     53m     334Mi    
00:08:08 rearm-rebom-backend-768fd58455-46nwc   9m      71Mi     
00:08:08 rearm-rebom-backend-768fd58455-dp9ps   9m      66Mi     
00:08:08 rearm-rebom-backend-768fd58455-tmqdc   15m     117Mi    
00:08:08 rearm-rebom-backend-768fd58455-vkfb5   4m      82Mi     
00:08:08 rearm-rebom-postgres-0                 57m     174Mi    
00:08:08 rearm-ui-5c9b8ddf9d-krkqk              2m      3Mi      
00:08:08 testreg-66bb8f476c-wt2mf               1m      1139Mi   
00:08:08 zottest-ff7cfd65c-xbgvk                4133m   311Mi    
00:08:39 rearm-backend-6d79d5dcc8-rj9w4         31m     1971Mi   
00:08:39 rearm-keycloak-0                       2m      724Mi    
00:08:39 rearm-keycloak-postgres-0              1m      33Mi     
00:08:39 rearm-oci-artifact-5c8686f45c-mmxzz    46m     81Mi     
00:08:39 rearm-postgresql-0                     40m     333Mi    
00:08:39 rearm-rebom-backend-768fd58455-46nwc   6m      73Mi     
00:08:39 rearm-rebom-backend-768fd58455-dp9ps   5m      68Mi     
00:08:39 rearm-rebom-backend-768fd58455-tmqdc   16m     65Mi     
00:08:39 rearm-rebom-backend-768fd58455-vkfb5   8m      80Mi     
00:08:39 rearm-rebom-postgres-0                 56m     167Mi    
00:08:39 rearm-ui-5c9b8ddf9d-krkqk              2m      3Mi      
00:08:39 testreg-66bb8f476c-wt2mf               1m      1139Mi   
00:08:39 zottest-ff7cfd65c-xbgvk                4139m   334Mi    
00:09:10 rearm-backend-6d79d5dcc8-rj9w4         38m     1972Mi   
00:09:10 rearm-keycloak-0                       2m      724Mi    
00:09:10 rearm-keycloak-postgres-0              1m      33Mi     
00:09:10 rearm-oci-artifact-5c8686f45c-mmxzz    50m     76Mi     
00:09:10 rearm-postgresql-0                     55m     330Mi    
00:09:10 rearm-rebom-backend-768fd58455-46nwc   10m     71Mi     
00:09:10 rearm-rebom-backend-768fd58455-dp9ps   6m      68Mi     
00:09:10 rearm-rebom-backend-768fd58455-tmqdc   16m     69Mi     
00:09:10 rearm-rebom-backend-768fd58455-vkfb5   3m      81Mi     
00:09:10 rearm-rebom-postgres-0                 61m     172Mi    
00:09:10 rearm-ui-5c9b8ddf9d-krkqk              2m      3Mi      
00:09:10 testreg-66bb8f476c-wt2mf               1m      1139Mi   
00:09:10 zottest-ff7cfd65c-xbgvk                4109m   363Mi    
00:09:40 rearm-backend-6d79d5dcc8-rj9w4         30m     1973Mi   
00:09:40 rearm-keycloak-0                       2m      724Mi    
00:09:40 rearm-keycloak-postgres-0              1m      33Mi     
00:09:40 rearm-oci-artifact-5c8686f45c-mmxzz    49m     79Mi     
00:09:40 rearm-postgresql-0                     51m     329Mi    
00:09:40 rearm-rebom-backend-768fd58455-46nwc   7m      75Mi     
00:09:40 rearm-rebom-backend-768fd58455-dp9ps   8m      69Mi     
00:09:40 rearm-rebom-backend-768fd58455-tmqdc   13m     69Mi     
00:09:40 rearm-rebom-backend-768fd58455-vkfb5   4m      84Mi     
00:09:40 rearm-rebom-postgres-0                 56m     169Mi    
00:09:40 rearm-ui-5c9b8ddf9d-krkqk              2m      3Mi      
00:09:40 testreg-66bb8f476c-wt2mf               1m      1139Mi   
00:09:40 zottest-ff7cfd65c-xbgvk                4280m   377Mi    
00:10:11 rearm-backend-6d79d5dcc8-rj9w4         31m     1974Mi   
00:10:11 rearm-keycloak-0                       2m      724Mi    
00:10:11 rearm-keycloak-postgres-0              1m      33Mi     
00:10:11 rearm-oci-artifact-5c8686f45c-mmxzz    43m     83Mi     
00:10:11 rearm-postgresql-0                     39m     331Mi    
00:10:11 rearm-rebom-backend-768fd58455-46nwc   8m      73Mi     
00:10:11 rearm-rebom-backend-768fd58455-dp9ps   11m     69Mi     
00:10:11 rearm-rebom-backend-768fd58455-tmqdc   12m     76Mi     
00:10:11 rearm-rebom-backend-768fd58455-vkfb5   6m      83Mi     
00:10:11 rearm-rebom-postgres-0                 56m     174Mi    
00:10:11 rearm-ui-5c9b8ddf9d-krkqk              2m      3Mi      
00:10:11 testreg-66bb8f476c-wt2mf               1m      1139Mi   
00:10:11 zottest-ff7cfd65c-xbgvk                3845m   337Mi    
00:10:42 rearm-backend-6d79d5dcc8-rj9w4         51m     1966Mi   
00:10:42 rearm-keycloak-0                       2m      724Mi    
00:10:42 rearm-keycloak-postgres-0              1m      33Mi     
00:10:42 rearm-oci-artifact-5c8686f45c-mmxzz    49m     78Mi     
00:10:42 rearm-postgresql-0                     76m     332Mi    
00:10:42 rearm-rebom-backend-768fd58455-46nwc   9m      71Mi     
00:10:42 rearm-rebom-backend-768fd58455-dp9ps   7m      78Mi     
00:10:42 rearm-rebom-backend-768fd58455-tmqdc   9m      78Mi     
00:10:42 rearm-rebom-backend-768fd58455-vkfb5   7m      81Mi     
00:10:42 rearm-rebom-postgres-0                 56m     172Mi    
00:10:42 rearm-ui-5c9b8ddf9d-krkqk              2m      3Mi      
00:10:42 testreg-66bb8f476c-wt2mf               1m      1139Mi   
00:10:42 zottest-ff7cfd65c-xbgvk                4090m   407Mi    
00:11:13 rearm-backend-6d79d5dcc8-rj9w4         30m     1967Mi   
00:11:13 rearm-keycloak-0                       2m      724Mi    
00:11:13 rearm-keycloak-postgres-0              1m      33Mi     
00:11:13 rearm-oci-artifact-5c8686f45c-mmxzz    52m     70Mi     
00:11:13 rearm-postgresql-0                     65m     332Mi    
00:11:13 rearm-rebom-backend-768fd58455-46nwc   10m     72Mi     
00:11:13 rearm-rebom-backend-768fd58455-dp9ps   5m      80Mi     
00:11:13 rearm-rebom-backend-768fd58455-tmqdc   13m     75Mi     
00:11:13 rearm-rebom-backend-768fd58455-vkfb5   6m      82Mi     
00:11:13 rearm-rebom-postgres-0                 58m     174Mi    
00:11:13 rearm-ui-5c9b8ddf9d-krkqk              2m      3Mi      
00:11:13 testreg-66bb8f476c-wt2mf               1m      1139Mi   
00:11:13 zottest-ff7cfd65c-xbgvk                4149m   352Mi    
00:11:44 rearm-backend-6d79d5dcc8-rj9w4         30m     1967Mi   
00:11:44 rearm-keycloak-0                       2m      724Mi    
00:11:44 rearm-keycloak-postgres-0              1m      33Mi     
00:11:44 rearm-oci-artifact-5c8686f45c-mmxzz    47m     79Mi     
00:11:44 rearm-postgresql-0                     44m     333Mi    
00:11:44 rearm-rebom-backend-768fd58455-46nwc   10m     70Mi     
00:11:44 rearm-rebom-backend-768fd58455-dp9ps   6m      94Mi     
00:11:44 rearm-rebom-backend-768fd58455-tmqdc   9m      90Mi     
00:11:44 rearm-rebom-backend-768fd58455-vkfb5   8m      81Mi     
00:11:44 rearm-rebom-postgres-0                 52m     170Mi    
00:11:44 rearm-ui-5c9b8ddf9d-krkqk              2m      3Mi      
00:11:44 testreg-66bb8f476c-wt2mf               1m      1139Mi   
00:11:44 zottest-ff7cfd65c-xbgvk                4214m   460Mi    
00:12:14 rearm-backend-6d79d5dcc8-rj9w4         34m     1968Mi   
00:12:14 rearm-keycloak-0                       2m      724Mi    
00:12:14 rearm-keycloak-postgres-0              1m      33Mi     
00:12:14 rearm-oci-artifact-5c8686f45c-mmxzz    49m     78Mi     
00:12:14 rearm-postgresql-0                     68m     333Mi    
00:12:14 rearm-rebom-backend-768fd58455-46nwc   5m      73Mi     
00:12:14 rearm-rebom-backend-768fd58455-dp9ps   8m      69Mi     
00:12:14 rearm-rebom-backend-768fd58455-tmqdc   8m      92Mi     
00:12:14 rearm-rebom-backend-768fd58455-vkfb5   7m      80Mi     
00:12:14 rearm-rebom-postgres-0                 59m     174Mi    
00:12:14 rearm-ui-5c9b8ddf9d-krkqk              2m      3Mi      
00:12:14 testreg-66bb8f476c-wt2mf               1m      1139Mi   
00:12:14 zottest-ff7cfd65c-xbgvk                4111m   323Mi    
00:12:45 rearm-backend-6d79d5dcc8-rj9w4         30m     1969Mi   
00:12:45 rearm-keycloak-0                       2m      724Mi    
00:12:45 rearm-keycloak-postgres-0              1m      33Mi     
00:12:45 rearm-oci-artifact-5c8686f45c-mmxzz    49m     78Mi     
00:12:45 rearm-postgresql-0                     52m     330Mi    
00:12:45 rearm-rebom-backend-768fd58455-46nwc   5m      73Mi     
00:12:45 rearm-rebom-backend-768fd58455-dp9ps   10m     66Mi     
00:12:45 rearm-rebom-backend-768fd58455-tmqdc   9m      90Mi     
00:12:45 rearm-rebom-backend-768fd58455-vkfb5   6m      83Mi     
00:12:45 rearm-rebom-postgres-0                 55m     174Mi    
00:12:45 rearm-ui-5c9b8ddf9d-krkqk              2m      3Mi      
00:12:45 testreg-66bb8f476c-wt2mf               1m      1139Mi   
00:12:45 zottest-ff7cfd65c-xbgvk                4163m   345Mi    
00:13:16 rearm-backend-6d79d5dcc8-rj9w4         56m     1966Mi   
00:13:16 rearm-keycloak-0                       3m      724Mi    
00:13:16 rearm-keycloak-postgres-0              1m      33Mi     
00:13:16 rearm-oci-artifact-5c8686f45c-mmxzz    44m     77Mi     
00:13:16 rearm-postgresql-0                     71m     330Mi    
00:13:16 rearm-rebom-backend-768fd58455-46nwc   9m      72Mi     
00:13:16 rearm-rebom-backend-768fd58455-dp9ps   10m     66Mi     
00:13:16 rearm-rebom-backend-768fd58455-tmqdc   13m     90Mi     
00:13:16 rearm-rebom-backend-768fd58455-vkfb5   6m      83Mi     
00:13:16 rearm-rebom-postgres-0                 53m     169Mi    
00:13:16 rearm-ui-5c9b8ddf9d-krkqk              2m      3Mi      
00:13:16 testreg-66bb8f476c-wt2mf               2m      1139Mi   
00:13:16 zottest-ff7cfd65c-xbgvk                4227m   363Mi    
00:13:47 rearm-backend-6d79d5dcc8-rj9w4         29m     1967Mi   
00:13:47 rearm-keycloak-0                       2m      724Mi    
00:13:47 rearm-keycloak-postgres-0              1m      33Mi     
00:13:47 rearm-oci-artifact-5c8686f45c-mmxzz    50m     76Mi     
00:13:47 rearm-postgresql-0                     62m     324Mi    
00:13:47 rearm-rebom-backend-768fd58455-46nwc   7m      71Mi     
00:13:47 rearm-rebom-backend-768fd58455-dp9ps   10m     67Mi     
00:13:47 rearm-rebom-backend-768fd58455-tmqdc   9m      118Mi    
00:13:47 rearm-rebom-backend-768fd58455-vkfb5   6m      82Mi     
00:13:47 rearm-rebom-postgres-0                 58m     172Mi    
00:13:47 rearm-ui-5c9b8ddf9d-krkqk              2m      3Mi      
00:13:47 testreg-66bb8f476c-wt2mf               1m      1139Mi   
00:13:47 zottest-ff7cfd65c-xbgvk                4146m   396Mi    
00:14:18 rearm-backend-6d79d5dcc8-rj9w4         29m     1968Mi   
00:14:18 rearm-keycloak-0                       2m      724Mi    
00:14:18 rearm-keycloak-postgres-0              1m      33Mi     
00:14:18 rearm-oci-artifact-5c8686f45c-mmxzz    47m     75Mi     
00:14:18 rearm-postgresql-0                     52m     321Mi    
00:14:18 rearm-rebom-backend-768fd58455-46nwc   9m      70Mi     
00:14:18 rearm-rebom-backend-768fd58455-dp9ps   11m     68Mi     
00:14:18 rearm-rebom-backend-768fd58455-tmqdc   10m     118Mi    
00:14:18 rearm-rebom-backend-768fd58455-vkfb5   8m      81Mi     
00:14:18 rearm-rebom-postgres-0                 56m     169Mi    
00:14:18 rearm-ui-5c9b8ddf9d-krkqk              2m      3Mi      
00:14:18 testreg-66bb8f476c-wt2mf               1m      1139Mi   
00:14:18 zottest-ff7cfd65c-xbgvk                4039m   355Mi    
00:14:48 rearm-backend-6d79d5dcc8-rj9w4         32m     1968Mi   
00:14:48 rearm-keycloak-0                       2m      724Mi    
00:14:48 rearm-keycloak-postgres-0              1m      33Mi     
00:14:48 rearm-oci-artifact-5c8686f45c-mmxzz    48m     77Mi     
00:14:48 rearm-postgresql-0                     63m     326Mi    
00:14:48 rearm-rebom-backend-768fd58455-46nwc   4m      72Mi     
00:14:48 rearm-rebom-backend-768fd58455-dp9ps   10m     67Mi     
00:14:48 rearm-rebom-backend-768fd58455-tmqdc   10m     65Mi     
00:14:48 rearm-rebom-backend-768fd58455-vkfb5   16m     84Mi     
00:14:48 rearm-rebom-postgres-0                 57m     171Mi    
00:14:48 rearm-ui-5c9b8ddf9d-krkqk              2m      3Mi      
00:14:48 testreg-66bb8f476c-wt2mf               1m      1139Mi   
00:14:48 zottest-ff7cfd65c-xbgvk                4160m   345Mi    
00:15:19 rearm-backend-6d79d5dcc8-rj9w4         38m     1969Mi   
00:15:19 rearm-keycloak-0                       2m      724Mi    
00:15:19 rearm-keycloak-postgres-0              1m      33Mi     
00:15:19 rearm-oci-artifact-5c8686f45c-mmxzz    46m     82Mi     
00:15:19 rearm-postgresql-0                     87m     325Mi    
00:15:19 rearm-rebom-backend-768fd58455-46nwc   9m      72Mi     
00:15:19 rearm-rebom-backend-768fd58455-dp9ps   6m      69Mi     
00:15:19 rearm-rebom-backend-768fd58455-tmqdc   5m      63Mi     
00:15:19 rearm-rebom-backend-768fd58455-vkfb5   10m     93Mi     
00:15:19 rearm-rebom-postgres-0                 55m     170Mi    
00:15:19 rearm-ui-5c9b8ddf9d-krkqk              2m      3Mi      
00:15:19 testreg-66bb8f476c-wt2mf               1m      1139Mi   
00:15:19 zottest-ff7cfd65c-xbgvk                4082m   336Mi    
00:15:50 rearm-backend-6d79d5dcc8-rj9w4         36m     1959Mi   
00:15:50 rearm-keycloak-0                       2m      724Mi    
00:15:50 rearm-keycloak-postgres-0              1m      33Mi     
00:15:50 rearm-oci-artifact-5c8686f45c-mmxzz    44m     79Mi     
00:15:50 rearm-postgresql-0                     70m     331Mi    
00:15:50 rearm-rebom-backend-768fd58455-46nwc   4m      72Mi     
00:15:50 rearm-rebom-backend-768fd58455-dp9ps   7m      69Mi     
00:15:50 rearm-rebom-backend-768fd58455-tmqdc   9m      64Mi     
00:15:50 rearm-rebom-backend-768fd58455-vkfb5   11m     107Mi    
00:15:50 rearm-rebom-postgres-0                 59m     167Mi    
00:15:50 rearm-ui-5c9b8ddf9d-krkqk              2m      3Mi      
00:15:50 testreg-66bb8f476c-wt2mf               1m      1139Mi   
00:15:50 zottest-ff7cfd65c-xbgvk                4162m   382Mi    
00:16:21 rearm-backend-6d79d5dcc8-rj9w4         184m    1965Mi   
00:16:21 rearm-keycloak-0                       2m      724Mi    
00:16:21 rearm-keycloak-postgres-0              1m      33Mi     
00:16:21 rearm-oci-artifact-5c8686f45c-mmxzz    46m     78Mi     
00:16:21 rearm-postgresql-0                     227m    343Mi    
00:16:21 rearm-rebom-backend-768fd58455-46nwc   9m      72Mi     
00:16:21 rearm-rebom-backend-768fd58455-dp9ps   11m     73Mi     
00:16:21 rearm-rebom-backend-768fd58455-tmqdc   9m      63Mi     
00:16:21 rearm-rebom-backend-768fd58455-vkfb5   12m     111Mi    
00:16:21 rearm-rebom-postgres-0                 56m     172Mi    
00:16:21 rearm-ui-5c9b8ddf9d-krkqk              2m      3Mi      
00:16:21 testreg-66bb8f476c-wt2mf               1m      1139Mi   
00:16:21 zottest-ff7cfd65c-xbgvk                3939m   369Mi    
00:16:52 rearm-backend-6d79d5dcc8-rj9w4         650m    4284Mi   
00:16:52 rearm-keycloak-0                       3m      724Mi    
00:16:52 rearm-keycloak-postgres-0              1m      33Mi     
00:16:52 rearm-oci-artifact-5c8686f45c-mmxzz    42m     76Mi     
00:16:52 rearm-postgresql-0                     927m    365Mi    
00:16:52 rearm-rebom-backend-768fd58455-46nwc   5m      73Mi     
00:16:52 rearm-rebom-backend-768fd58455-dp9ps   6m      78Mi     
00:16:52 rearm-rebom-backend-768fd58455-tmqdc   3m      64Mi     
00:16:52 rearm-rebom-backend-768fd58455-vkfb5   13m     134Mi    
00:16:52 rearm-rebom-postgres-0                 63m     167Mi    
00:16:52 rearm-ui-5c9b8ddf9d-krkqk              2m      3Mi      
00:16:52 testreg-66bb8f476c-wt2mf               1m      1139Mi   
00:16:52 zottest-ff7cfd65c-xbgvk                3793m   407Mi    
00:17:23 rearm-backend-6d79d5dcc8-rj9w4         843m    7771Mi   
00:17:23 rearm-keycloak-0                       2m      724Mi    
00:17:23 rearm-keycloak-postgres-0              1m      34Mi     
00:17:23 rearm-oci-artifact-5c8686f45c-mmxzz    42m     83Mi     
00:17:23 rearm-postgresql-0                     931m    423Mi    
00:17:23 rearm-rebom-backend-768fd58455-46nwc   8m      75Mi     
00:17:23 rearm-rebom-backend-768fd58455-dp9ps   7m      93Mi     
00:17:23 rearm-rebom-backend-768fd58455-tmqdc   6m      63Mi     
00:17:23 rearm-rebom-backend-768fd58455-vkfb5   10m     117Mi    
00:17:23 rearm-rebom-postgres-0                 67m     164Mi    
00:17:23 rearm-ui-5c9b8ddf9d-krkqk              2m      3Mi      
00:17:23 testreg-66bb8f476c-wt2mf               1m      422Mi    
00:17:23 zottest-ff7cfd65c-xbgvk                3775m   361Mi    
00:17:53 rearm-backend-6d79d5dcc8-rj9w4         725m    7772Mi   
00:17:53 rearm-keycloak-0                       2m      724Mi    
00:17:53 rearm-keycloak-postgres-0              1m      34Mi     
00:17:53 rearm-oci-artifact-5c8686f45c-mmxzz    40m     83Mi     
00:17:53 rearm-postgresql-0                     872m    359Mi    
00:17:53 rearm-rebom-backend-768fd58455-46nwc   7m      72Mi     
00:17:53 rearm-rebom-backend-768fd58455-dp9ps   7m      95Mi     
00:17:53 rearm-rebom-backend-768fd58455-tmqdc   6m      66Mi     
00:17:53 rearm-rebom-backend-768fd58455-vkfb5   9m      114Mi    
00:17:53 rearm-rebom-postgres-0                 63m     164Mi    
00:17:53 rearm-ui-5c9b8ddf9d-krkqk              2m      3Mi      
00:17:53 testreg-66bb8f476c-wt2mf               1m      422Mi    
00:17:53 zottest-ff7cfd65c-xbgvk                3416m   305Mi    
00:18:24 rearm-backend-6d79d5dcc8-rj9w4         894m    7769Mi   
00:18:24 rearm-keycloak-0                       2m      724Mi    
00:18:24 rearm-keycloak-postgres-0              1m      34Mi     
00:18:24 rearm-oci-artifact-5c8686f45c-mmxzz    9m      87Mi     
00:18:24 rearm-postgresql-0                     930m    358Mi    
00:18:24 rearm-rebom-backend-768fd58455-46nwc   3m      72Mi     
00:18:24 rearm-rebom-backend-768fd58455-dp9ps   5m      67Mi     
00:18:24 rearm-rebom-backend-768fd58455-tmqdc   5m      63Mi     
00:18:24 rearm-rebom-backend-768fd58455-vkfb5   3m      116Mi    
00:18:24 rearm-rebom-postgres-0                 42m     164Mi    
00:18:24 rearm-ui-5c9b8ddf9d-krkqk              1m      3Mi      
00:18:24 testreg-66bb8f476c-wt2mf               1m      417Mi    
00:18:24 zottest-ff7cfd65c-xbgvk                1230m   315Mi    
00:18:55 rearm-backend-6d79d5dcc8-rj9w4         954m    7769Mi   
00:18:55 rearm-keycloak-0                       2m      724Mi    
00:18:55 rearm-keycloak-postgres-0              1m      34Mi     
00:18:55 rearm-oci-artifact-5c8686f45c-mmxzz    6m      66Mi     
00:18:55 rearm-postgresql-0                     1025m   360Mi    
00:18:55 rearm-rebom-backend-768fd58455-46nwc   2m      73Mi     
00:18:55 rearm-rebom-backend-768fd58455-dp9ps   3m      68Mi     
00:18:55 rearm-rebom-backend-768fd58455-tmqdc   3m      63Mi     
00:18:55 rearm-rebom-backend-768fd58455-vkfb5   3m      116Mi    
00:18:55 rearm-rebom-postgres-0                 19m     164Mi    
00:18:55 rearm-ui-5c9b8ddf9d-krkqk              1m      3Mi      
00:18:55 testreg-66bb8f476c-wt2mf               1m      417Mi    
00:18:55 zottest-ff7cfd65c-xbgvk                662m    328Mi    
00:19:26 rearm-backend-6d79d5dcc8-rj9w4         966m   7769Mi   
00:19:26 rearm-keycloak-0                       2m     724Mi    
00:19:26 rearm-keycloak-postgres-0              1m     34Mi     
00:19:26 rearm-oci-artifact-5c8686f45c-mmxzz    6m     67Mi     
00:19:26 rearm-postgresql-0                     934m   335Mi    
00:19:26 rearm-rebom-backend-768fd58455-46nwc   3m     73Mi     
00:19:26 rearm-rebom-backend-768fd58455-dp9ps   3m     69Mi     
00:19:26 rearm-rebom-backend-768fd58455-tmqdc   4m     64Mi     
00:19:26 rearm-rebom-backend-768fd58455-vkfb5   3m     63Mi     
00:19:26 rearm-rebom-postgres-0                 20m    164Mi    
00:19:26 rearm-ui-5c9b8ddf9d-krkqk              1m     3Mi      
00:19:26 testreg-66bb8f476c-wt2mf               1m     417Mi    
00:19:26 zottest-ff7cfd65c-xbgvk                655m   334Mi    
00:19:57 rearm-backend-6d79d5dcc8-rj9w4         979m   7781Mi   
00:19:57 rearm-keycloak-0                       2m     724Mi    
00:19:57 rearm-keycloak-postgres-0              1m     34Mi     
00:19:57 rearm-oci-artifact-5c8686f45c-mmxzz    7m     67Mi     
00:19:57 rearm-postgresql-0                     998m   335Mi    
00:19:57 rearm-rebom-backend-768fd58455-46nwc   0m     72Mi     
00:19:57 rearm-rebom-backend-768fd58455-dp9ps   10m    69Mi     
00:19:57 rearm-rebom-backend-768fd58455-tmqdc   4m     57Mi     
00:19:57 rearm-rebom-backend-768fd58455-vkfb5   1m     61Mi     
00:19:57 rearm-rebom-postgres-0                 20m    157Mi    
00:19:57 rearm-ui-5c9b8ddf9d-krkqk              1m     2Mi      
00:19:57 testreg-66bb8f476c-wt2mf               1m     417Mi    
00:19:57 zottest-ff7cfd65c-xbgvk                699m   283Mi    
00:20:27 rearm-backend-6d79d5dcc8-rj9w4         993m   7822Mi   
00:20:27 rearm-keycloak-0                       2m     724Mi    
00:20:27 rearm-keycloak-postgres-0              1m     34Mi     
00:20:27 rearm-oci-artifact-5c8686f45c-mmxzz    6m     68Mi     
00:20:27 rearm-postgresql-0                     969m   325Mi    
00:20:27 rearm-rebom-backend-768fd58455-46nwc   0m     72Mi     
00:20:27 rearm-rebom-backend-768fd58455-dp9ps   1m     71Mi     
00:20:27 rearm-rebom-backend-768fd58455-tmqdc   15m    66Mi     
00:20:27 rearm-rebom-backend-768fd58455-vkfb5   1m     61Mi     
00:20:27 rearm-rebom-postgres-0                 20m    157Mi    
00:20:27 rearm-ui-5c9b8ddf9d-krkqk              1m     2Mi      
00:20:27 testreg-66bb8f476c-wt2mf               1m     417Mi    
00:20:27 zottest-ff7cfd65c-xbgvk                657m   308Mi    
00:20:58 rearm-backend-6d79d5dcc8-rj9w4         989m   7823Mi   
00:20:58 rearm-keycloak-0                       2m     724Mi    
00:20:58 rearm-keycloak-postgres-0              1m     34Mi     
00:20:58 rearm-oci-artifact-5c8686f45c-mmxzz    6m     68Mi     
00:20:58 rearm-postgresql-0                     915m   312Mi    
00:20:58 rearm-rebom-backend-768fd58455-46nwc   1m     72Mi     
00:20:58 rearm-rebom-backend-768fd58455-dp9ps   1m     71Mi     
00:20:58 rearm-rebom-backend-768fd58455-tmqdc   15m    65Mi     
00:20:58 rearm-rebom-backend-768fd58455-vkfb5   1m     61Mi     
00:20:58 rearm-rebom-postgres-0                 19m    157Mi    
00:20:58 rearm-ui-5c9b8ddf9d-krkqk              1m     2Mi      
00:20:58 testreg-66bb8f476c-wt2mf               1m     417Mi    
00:20:58 zottest-ff7cfd65c-xbgvk                683m   319Mi    
00:21:29 rearm-backend-6d79d5dcc8-rj9w4         970m   7824Mi   
00:21:29 rearm-keycloak-0                       2m     724Mi    
00:21:29 rearm-keycloak-postgres-0              1m     34Mi     
00:21:29 rearm-oci-artifact-5c8686f45c-mmxzz    5m     67Mi     
00:21:29 rearm-postgresql-0                     977m   308Mi    
00:21:29 rearm-rebom-backend-768fd58455-46nwc   0m     72Mi     
00:21:29 rearm-rebom-backend-768fd58455-dp9ps   1m     71Mi     
00:21:29 rearm-rebom-backend-768fd58455-tmqdc   13m    71Mi     
00:21:29 rearm-rebom-backend-768fd58455-vkfb5   0m     61Mi     
00:21:29 rearm-rebom-postgres-0                 19m    157Mi    
00:21:29 rearm-ui-5c9b8ddf9d-krkqk              1m     2Mi      
00:21:29 testreg-66bb8f476c-wt2mf               2m     417Mi    
00:21:29 zottest-ff7cfd65c-xbgvk                704m   329Mi    
00:22:00 rearm-backend-6d79d5dcc8-rj9w4         742m   7822Mi   
00:22:00 rearm-keycloak-0                       4m     724Mi    
00:22:00 rearm-keycloak-postgres-0              1m     34Mi     
00:22:00 rearm-oci-artifact-5c8686f45c-mmxzz    6m     65Mi     
00:22:00 rearm-postgresql-0                     664m   295Mi    
00:22:00 rearm-rebom-backend-768fd58455-46nwc   0m     72Mi     
00:22:00 rearm-rebom-backend-768fd58455-dp9ps   7m     59Mi     
00:22:00 rearm-rebom-backend-768fd58455-tmqdc   10m    73Mi     
00:22:00 rearm-rebom-backend-768fd58455-vkfb5   1m     61Mi     
00:22:00 rearm-rebom-postgres-0                 19m    157Mi    
00:22:00 rearm-ui-5c9b8ddf9d-krkqk              1m     2Mi      
00:22:00 testreg-66bb8f476c-wt2mf               1m     417Mi    
00:22:00 zottest-ff7cfd65c-xbgvk                692m   318Mi    
00:22:31 rearm-backend-6d79d5dcc8-rj9w4         55m    7823Mi   
00:22:31 rearm-keycloak-0                       2m     724Mi    
00:22:31 rearm-keycloak-postgres-0              1m     34Mi     
00:22:31 rearm-oci-artifact-5c8686f45c-mmxzz    8m     66Mi     
00:22:31 rearm-postgresql-0                     494m   296Mi    
00:22:31 rearm-rebom-backend-768fd58455-46nwc   1m     72Mi     
00:22:31 rearm-rebom-backend-768fd58455-dp9ps   0m     59Mi     
00:22:31 rearm-rebom-backend-768fd58455-tmqdc   12m    75Mi     
00:22:31 rearm-rebom-backend-768fd58455-vkfb5   0m     61Mi     
00:22:31 rearm-rebom-postgres-0                 25m    157Mi    
00:22:31 rearm-ui-5c9b8ddf9d-krkqk              1m     2Mi      
00:22:31 testreg-66bb8f476c-wt2mf               1m     417Mi    
00:22:31 zottest-ff7cfd65c-xbgvk                759m   335Mi    
00:23:01 rearm-backend-6d79d5dcc8-rj9w4         47m    7822Mi   
00:23:01 rearm-keycloak-0                       2m     724Mi    
00:23:01 rearm-keycloak-postgres-0              1m     34Mi     
00:23:01 rearm-oci-artifact-5c8686f45c-mmxzz    7m     65Mi     
00:23:01 rearm-postgresql-0                     478m   278Mi    
00:23:01 rearm-rebom-backend-768fd58455-46nwc   0m     72Mi     
00:23:01 rearm-rebom-backend-768fd58455-dp9ps   1m     59Mi     
00:23:01 rearm-rebom-backend-768fd58455-tmqdc   11m    88Mi     
00:23:01 rearm-rebom-backend-768fd58455-vkfb5   0m     61Mi     
00:23:01 rearm-rebom-postgres-0                 20m    157Mi    
00:23:01 rearm-ui-5c9b8ddf9d-krkqk              1m     2Mi      
00:23:01 testreg-66bb8f476c-wt2mf               1m     417Mi    
00:23:01 zottest-ff7cfd65c-xbgvk                786m   314Mi    
00:23:32 rearm-backend-6d79d5dcc8-rj9w4         80m    7822Mi   
00:23:32 rearm-keycloak-0                       2m     724Mi    
00:23:32 rearm-keycloak-postgres-0              1m     34Mi     
00:23:32 rearm-oci-artifact-5c8686f45c-mmxzz    6m     66Mi     
00:23:32 rearm-postgresql-0                     473m   265Mi    
00:23:32 rearm-rebom-backend-768fd58455-46nwc   1m     72Mi     
00:23:32 rearm-rebom-backend-768fd58455-dp9ps   0m     59Mi     
00:23:32 rearm-rebom-backend-768fd58455-tmqdc   10m    89Mi     
00:23:32 rearm-rebom-backend-768fd58455-vkfb5   1m     61Mi     
00:23:32 rearm-rebom-postgres-0                 20m    157Mi    
00:23:32 rearm-ui-5c9b8ddf9d-krkqk              1m     2Mi      
00:23:32 testreg-66bb8f476c-wt2mf               1m     417Mi    
00:23:32 zottest-ff7cfd65c-xbgvk                789m   315Mi    
00:24:03 rearm-backend-6d79d5dcc8-rj9w4         49m    7821Mi   
00:24:03 rearm-keycloak-0                       2m     724Mi    
00:24:03 rearm-keycloak-postgres-0              1m     34Mi     
00:24:03 rearm-oci-artifact-5c8686f45c-mmxzz    7m     67Mi     
00:24:03 rearm-postgresql-0                     450m   260Mi    
00:24:03 rearm-rebom-backend-768fd58455-46nwc   0m     72Mi     
00:24:03 rearm-rebom-backend-768fd58455-dp9ps   0m     59Mi     
00:24:03 rearm-rebom-backend-768fd58455-tmqdc   12m    87Mi     
00:24:03 rearm-rebom-backend-768fd58455-vkfb5   0m     61Mi     
00:24:03 rearm-rebom-postgres-0                 19m    157Mi    
00:24:03 rearm-ui-5c9b8ddf9d-krkqk              1m     2Mi      
00:24:03 testreg-66bb8f476c-wt2mf               1m     417Mi    
00:24:03 zottest-ff7cfd65c-xbgvk                797m   348Mi    
00:24:34 rearm-backend-6d79d5dcc8-rj9w4         46m    7822Mi   
00:24:34 rearm-keycloak-0                       2m     724Mi    
00:24:34 rearm-keycloak-postgres-0              1m     34Mi     
00:24:34 rearm-oci-artifact-5c8686f45c-mmxzz    6m     67Mi     
00:24:34 rearm-postgresql-0                     459m   260Mi    
00:24:34 rearm-rebom-backend-768fd58455-46nwc   0m     72Mi     
00:24:34 rearm-rebom-backend-768fd58455-dp9ps   1m     59Mi     
00:24:34 rearm-rebom-backend-768fd58455-tmqdc   9m     88Mi     
00:24:34 rearm-rebom-backend-768fd58455-vkfb5   1m     61Mi     
00:24:34 rearm-rebom-postgres-0                 29m    157Mi    
00:24:34 rearm-ui-5c9b8ddf9d-krkqk              1m     2Mi      
00:24:34 testreg-66bb8f476c-wt2mf               1m     417Mi    
00:24:34 zottest-ff7cfd65c-xbgvk                783m   295Mi    
00:25:05 rearm-backend-6d79d5dcc8-rj9w4         51m    7822Mi   
00:25:05 rearm-keycloak-0                       2m     724Mi    
00:25:05 rearm-keycloak-postgres-0              1m     34Mi     
00:25:05 rearm-oci-artifact-5c8686f45c-mmxzz    6m     67Mi     
00:25:05 rearm-postgresql-0                     449m   264Mi    
00:25:05 rearm-rebom-backend-768fd58455-46nwc   1m     72Mi     
00:25:05 rearm-rebom-backend-768fd58455-dp9ps   0m     59Mi     
00:25:05 rearm-rebom-backend-768fd58455-tmqdc   13m    87Mi     
00:25:05 rearm-rebom-backend-768fd58455-vkfb5   1m     61Mi     
00:25:05 rearm-rebom-postgres-0                 20m    157Mi    
00:25:05 rearm-ui-5c9b8ddf9d-krkqk              1m     2Mi      
00:25:05 testreg-66bb8f476c-wt2mf               1m     417Mi    
00:25:05 zottest-ff7cfd65c-xbgvk                805m   322Mi    
00:25:35 rearm-backend-6d79d5dcc8-rj9w4         46m    7822Mi   
00:25:35 rearm-keycloak-0                       2m     724Mi    
00:25:35 rearm-keycloak-postgres-0              1m     34Mi     
00:25:35 rearm-oci-artifact-5c8686f45c-mmxzz    6m     68Mi     
00:25:35 rearm-postgresql-0                     420m   264Mi    
00:25:35 rearm-rebom-backend-768fd58455-46nwc   1m     72Mi     
00:25:35 rearm-rebom-backend-768fd58455-dp9ps   0m     59Mi     
00:25:35 rearm-rebom-backend-768fd58455-tmqdc   1m     87Mi     
00:25:35 rearm-rebom-backend-768fd58455-vkfb5   10m    66Mi     
00:25:35 rearm-rebom-postgres-0                 20m    157Mi    
00:25:35 rearm-ui-5c9b8ddf9d-krkqk              1m     2Mi      
00:25:35 testreg-66bb8f476c-wt2mf               1m     417Mi    
00:25:35 zottest-ff7cfd65c-xbgvk                829m   356Mi    
00:26:06 rearm-backend-6d79d5dcc8-rj9w4         44m    7822Mi   
00:26:06 rearm-keycloak-0                       2m     724Mi    
00:26:06 rearm-keycloak-postgres-0              1m     34Mi     
00:26:06 rearm-oci-artifact-5c8686f45c-mmxzz    7m     68Mi     
00:26:06 rearm-postgresql-0                     401m   263Mi    
00:26:06 rearm-rebom-backend-768fd58455-46nwc   0m     72Mi     
00:26:06 rearm-rebom-backend-768fd58455-dp9ps   0m     59Mi     
00:26:06 rearm-rebom-backend-768fd58455-tmqdc   1m     87Mi     
00:26:06 rearm-rebom-backend-768fd58455-vkfb5   13m    72Mi     
00:26:06 rearm-rebom-postgres-0                 19m    157Mi    
00:26:06 rearm-ui-5c9b8ddf9d-krkqk              1m     2Mi      
00:26:06 testreg-66bb8f476c-wt2mf               1m     417Mi    
00:26:06 zottest-ff7cfd65c-xbgvk                778m   321Mi    
00:26:37 rearm-backend-6d79d5dcc8-rj9w4         46m    7822Mi   
00:26:37 rearm-keycloak-0                       2m     724Mi    
00:26:37 rearm-keycloak-postgres-0              1m     34Mi     
00:26:37 rearm-oci-artifact-5c8686f45c-mmxzz    6m     67Mi     
00:26:37 rearm-postgresql-0                     407m   263Mi    
00:26:37 rearm-rebom-backend-768fd58455-46nwc   1m     72Mi     
00:26:37 rearm-rebom-backend-768fd58455-dp9ps   0m     59Mi     
00:26:37 rearm-rebom-backend-768fd58455-tmqdc   7m     55Mi     
00:26:37 rearm-rebom-backend-768fd58455-vkfb5   13m    71Mi     
00:26:37 rearm-rebom-postgres-0                 19m    157Mi    
00:26:37 rearm-ui-5c9b8ddf9d-krkqk              1m     2Mi      
00:26:37 testreg-66bb8f476c-wt2mf               1m     417Mi    
00:26:37 zottest-ff7cfd65c-xbgvk                800m   332Mi    
00:27:08 rearm-backend-6d79d5dcc8-rj9w4         46m    7822Mi   
00:27:08 rearm-keycloak-0                       2m     724Mi    
00:27:08 rearm-keycloak-postgres-0              1m     34Mi     
00:27:08 rearm-oci-artifact-5c8686f45c-mmxzz    6m     67Mi     
00:27:08 rearm-postgresql-0                     418m   264Mi    
00:27:08 rearm-rebom-backend-768fd58455-46nwc   0m     72Mi     
00:27:08 rearm-rebom-backend-768fd58455-dp9ps   1m     59Mi     
00:27:08 rearm-rebom-backend-768fd58455-tmqdc   0m     55Mi     
00:27:08 rearm-rebom-backend-768fd58455-vkfb5   9m     72Mi     
00:27:08 rearm-rebom-postgres-0                 19m    157Mi    
00:27:08 rearm-ui-5c9b8ddf9d-krkqk              1m     2Mi      
00:27:08 testreg-66bb8f476c-wt2mf               1m     417Mi    
00:27:08 zottest-ff7cfd65c-xbgvk                804m   322Mi    
00:27:39 rearm-backend-6d79d5dcc8-rj9w4         48m    7822Mi   
00:27:39 rearm-keycloak-0                       2m     724Mi    
00:27:39 rearm-keycloak-postgres-0              1m     34Mi     
00:27:39 rearm-oci-artifact-5c8686f45c-mmxzz    6m     64Mi     
00:27:39 rearm-postgresql-0                     428m   270Mi    
00:27:39 rearm-rebom-backend-768fd58455-46nwc   1m     72Mi     
00:27:39 rearm-rebom-backend-768fd58455-dp9ps   1m     59Mi     
00:27:39 rearm-rebom-backend-768fd58455-tmqdc   1m     55Mi     
00:27:39 rearm-rebom-backend-768fd58455-vkfb5   13m    79Mi     
00:27:39 rearm-rebom-postgres-0                 19m    157Mi    
00:27:39 rearm-ui-5c9b8ddf9d-krkqk              1m     2Mi      
00:27:39 testreg-66bb8f476c-wt2mf               1m     417Mi    
00:27:39 zottest-ff7cfd65c-xbgvk                799m   326Mi    
00:28:09 rearm-backend-6d79d5dcc8-rj9w4         64m    7822Mi   
00:28:09 rearm-keycloak-0                       2m     724Mi    
00:28:09 rearm-keycloak-postgres-0              1m     34Mi     
00:28:09 rearm-oci-artifact-5c8686f45c-mmxzz    6m     69Mi     
00:28:09 rearm-postgresql-0                     448m   274Mi    
00:28:09 rearm-rebom-backend-768fd58455-46nwc   0m     72Mi     
00:28:09 rearm-rebom-backend-768fd58455-dp9ps   0m     59Mi     
00:28:09 rearm-rebom-backend-768fd58455-tmqdc   0m     55Mi     
00:28:09 rearm-rebom-backend-768fd58455-vkfb5   9m     85Mi     
00:28:09 rearm-rebom-postgres-0                 20m    157Mi    
00:28:09 rearm-ui-5c9b8ddf9d-krkqk              1m     2Mi      
00:28:09 testreg-66bb8f476c-wt2mf               1m     417Mi    
00:28:09 zottest-ff7cfd65c-xbgvk                811m   303Mi    
00:28:40 rearm-backend-6d79d5dcc8-rj9w4         66m    7822Mi   
00:28:40 rearm-keycloak-0                       2m     724Mi    
00:28:40 rearm-keycloak-postgres-0              1m     34Mi     
00:28:40 rearm-oci-artifact-5c8686f45c-mmxzz    6m     66Mi     
00:28:40 rearm-postgresql-0                     445m   267Mi    
00:28:40 rearm-rebom-backend-768fd58455-46nwc   1m     72Mi     
00:28:40 rearm-rebom-backend-768fd58455-dp9ps   1m     59Mi     
00:28:40 rearm-rebom-backend-768fd58455-tmqdc   1m     55Mi     
00:28:40 rearm-rebom-backend-768fd58455-vkfb5   9m     88Mi     
00:28:40 rearm-rebom-postgres-0                 24m    157Mi    
00:28:40 rearm-ui-5c9b8ddf9d-krkqk              1m     2Mi      
00:28:40 testreg-66bb8f476c-wt2mf               1m     417Mi    
00:28:40 zottest-ff7cfd65c-xbgvk                811m   324Mi    
00:29:11 rearm-backend-6d79d5dcc8-rj9w4         45m    7822Mi   
00:29:11 rearm-keycloak-0                       2m     724Mi    
00:29:11 rearm-keycloak-postgres-0              1m     34Mi     
00:29:11 rearm-oci-artifact-5c8686f45c-mmxzz    6m     68Mi     
00:29:11 rearm-postgresql-0                     438m   268Mi    
00:29:11 rearm-rebom-backend-768fd58455-46nwc   1m     72Mi     
00:29:11 rearm-rebom-backend-768fd58455-dp9ps   1m     59Mi     
00:29:11 rearm-rebom-backend-768fd58455-tmqdc   0m     55Mi     
00:29:11 rearm-rebom-backend-768fd58455-vkfb5   9m     86Mi     
00:29:11 rearm-rebom-postgres-0                 18m    157Mi    
00:29:11 rearm-ui-5c9b8ddf9d-krkqk              1m     2Mi      
00:29:11 testreg-66bb8f476c-wt2mf               1m     417Mi    
00:29:11 zottest-ff7cfd65c-xbgvk                814m   327Mi    
00:29:42 rearm-backend-6d79d5dcc8-rj9w4         62m    7822Mi   
00:29:42 rearm-keycloak-0                       2m     724Mi    
00:29:42 rearm-keycloak-postgres-0              1m     34Mi     
00:29:42 rearm-oci-artifact-5c8686f45c-mmxzz    6m     68Mi     
00:29:42 rearm-postgresql-0                     404m   267Mi    
00:29:42 rearm-rebom-backend-768fd58455-46nwc   0m     72Mi     
00:29:42 rearm-rebom-backend-768fd58455-dp9ps   1m     59Mi     
00:29:42 rearm-rebom-backend-768fd58455-tmqdc   1m     55Mi     
00:29:42 rearm-rebom-backend-768fd58455-vkfb5   8m     88Mi     
00:29:42 rearm-rebom-postgres-0                 19m    157Mi    
00:29:42 rearm-ui-5c9b8ddf9d-krkqk              1m     2Mi      
00:29:42 testreg-66bb8f476c-wt2mf               1m     417Mi    
00:29:42 zottest-ff7cfd65c-xbgvk                815m   309Mi    
00:30:12 rearm-backend-6d79d5dcc8-rj9w4         43m    7822Mi   
00:30:12 rearm-keycloak-0                       2m     724Mi    
00:30:12 rearm-keycloak-postgres-0              1m     34Mi     
00:30:12 rearm-oci-artifact-5c8686f45c-mmxzz    6m     65Mi     
00:30:12 rearm-postgresql-0                     387m   264Mi    
00:30:12 rearm-rebom-backend-768fd58455-46nwc   1m     72Mi     
00:30:12 rearm-rebom-backend-768fd58455-dp9ps   0m     59Mi     
00:30:12 rearm-rebom-backend-768fd58455-tmqdc   1m     55Mi     
00:30:12 rearm-rebom-backend-768fd58455-vkfb5   11m    86Mi     
00:30:12 rearm-rebom-postgres-0                 19m    157Mi    
00:30:12 rearm-ui-5c9b8ddf9d-krkqk              1m     2Mi      
00:30:12 testreg-66bb8f476c-wt2mf               1m     417Mi    
00:30:12 zottest-ff7cfd65c-xbgvk                777m   334Mi    
00:30:43 rearm-backend-6d79d5dcc8-rj9w4         53m    7551Mi   
00:30:43 rearm-keycloak-0                       2m     724Mi    
00:30:43 rearm-keycloak-postgres-0              1m     34Mi     
00:30:43 rearm-oci-artifact-5c8686f45c-mmxzz    6m     67Mi     
00:30:43 rearm-postgresql-0                     425m   263Mi    
00:30:43 rearm-rebom-backend-768fd58455-46nwc   1m     72Mi     
00:30:43 rearm-rebom-backend-768fd58455-dp9ps   1m     59Mi     
00:30:43 rearm-rebom-backend-768fd58455-tmqdc   0m     55Mi     
00:30:43 rearm-rebom-backend-768fd58455-vkfb5   11m    108Mi    
00:30:43 rearm-rebom-postgres-0                 29m    157Mi    
00:30:43 rearm-ui-5c9b8ddf9d-krkqk              1m     2Mi      
00:30:43 testreg-66bb8f476c-wt2mf               1m     417Mi    
00:30:43 zottest-ff7cfd65c-xbgvk                805m   330Mi    
00:31:14 rearm-backend-6d79d5dcc8-rj9w4         76m    7101Mi   
00:31:14 rearm-keycloak-0                       2m     724Mi    
00:31:14 rearm-keycloak-postgres-0              1m     34Mi     
00:31:14 rearm-oci-artifact-5c8686f45c-mmxzz    6m     65Mi     
00:31:14 rearm-postgresql-0                     401m   264Mi    
00:31:14 rearm-rebom-backend-768fd58455-46nwc   0m     72Mi     
00:31:14 rearm-rebom-backend-768fd58455-dp9ps   1m     59Mi     
00:31:14 rearm-rebom-backend-768fd58455-tmqdc   1m     55Mi     
00:31:14 rearm-rebom-backend-768fd58455-vkfb5   8m     112Mi    
00:31:14 rearm-rebom-postgres-0                 18m    157Mi    
00:31:14 rearm-ui-5c9b8ddf9d-krkqk              1m     2Mi      
00:31:14 testreg-66bb8f476c-wt2mf               1m     417Mi    
00:31:14 zottest-ff7cfd65c-xbgvk                814m   345Mi    
00:31:45 rearm-backend-6d79d5dcc8-rj9w4         53m    6649Mi   
00:31:45 rearm-keycloak-0                       2m     724Mi    
00:31:45 rearm-keycloak-postgres-0              1m     34Mi     
00:31:45 rearm-oci-artifact-5c8686f45c-mmxzz    6m     68Mi     
00:31:45 rearm-postgresql-0                     407m   259Mi    
00:31:45 rearm-rebom-backend-768fd58455-46nwc   1m     72Mi     
00:31:45 rearm-rebom-backend-768fd58455-dp9ps   1m     59Mi     
00:31:45 rearm-rebom-backend-768fd58455-tmqdc   0m     55Mi     
00:31:45 rearm-rebom-backend-768fd58455-vkfb5   8m     114Mi    
00:31:45 rearm-rebom-postgres-0                 17m    157Mi    
00:31:45 rearm-ui-5c9b8ddf9d-krkqk              1m     2Mi      
00:31:45 testreg-66bb8f476c-wt2mf               1m     417Mi    
00:31:45 zottest-ff7cfd65c-xbgvk                824m   320Mi    
00:32:15 rearm-backend-6d79d5dcc8-rj9w4         80m    5833Mi   
00:32:15 rearm-keycloak-0                       3m     724Mi    
00:32:15 rearm-keycloak-postgres-0              1m     34Mi     
00:32:15 rearm-oci-artifact-5c8686f45c-mmxzz    6m     68Mi     
00:32:15 rearm-postgresql-0                     403m   264Mi    
00:32:15 rearm-rebom-backend-768fd58455-46nwc   1m     72Mi     
00:32:15 rearm-rebom-backend-768fd58455-dp9ps   0m     59Mi     
00:32:15 rearm-rebom-backend-768fd58455-tmqdc   1m     55Mi     
00:32:15 rearm-rebom-backend-768fd58455-vkfb5   9m     113Mi    
00:32:15 rearm-rebom-postgres-0                 17m    157Mi    
00:32:15 rearm-ui-5c9b8ddf9d-krkqk              1m     2Mi      
00:32:15 testreg-66bb8f476c-wt2mf               1m     417Mi    
00:32:15 zottest-ff7cfd65c-xbgvk                834m   315Mi    
00:32:46 rearm-backend-6d79d5dcc8-rj9w4         100m   5291Mi   
00:32:46 rearm-keycloak-0                       2m     724Mi    
00:32:46 rearm-keycloak-postgres-0              1m     34Mi     
00:32:46 rearm-oci-artifact-5c8686f45c-mmxzz    6m     67Mi     
00:32:46 rearm-postgresql-0                     391m   260Mi    
00:32:46 rearm-rebom-backend-768fd58455-46nwc   0m     72Mi     
00:32:46 rearm-rebom-backend-768fd58455-dp9ps   0m     59Mi     
00:32:46 rearm-rebom-backend-768fd58455-tmqdc   1m     55Mi     
00:32:46 rearm-rebom-backend-768fd58455-vkfb5   9m     114Mi    
00:32:46 rearm-rebom-postgres-0                 28m    157Mi    
00:32:46 rearm-ui-5c9b8ddf9d-krkqk              1m     2Mi      
00:32:46 testreg-66bb8f476c-wt2mf               1m     417Mi    
00:32:46 zottest-ff7cfd65c-xbgvk                765m   316Mi    
00:33:17 rearm-backend-6d79d5dcc8-rj9w4         48m    5020Mi   
00:33:17 rearm-keycloak-0                       3m     724Mi    
00:33:17 rearm-keycloak-postgres-0              1m     34Mi     
00:33:17 rearm-oci-artifact-5c8686f45c-mmxzz    6m     67Mi     
00:33:17 rearm-postgresql-0                     403m   264Mi    
00:33:17 rearm-rebom-backend-768fd58455-46nwc   0m     72Mi     
00:33:17 rearm-rebom-backend-768fd58455-dp9ps   1m     59Mi     
00:33:17 rearm-rebom-backend-768fd58455-tmqdc   0m     55Mi     
00:33:17 rearm-rebom-backend-768fd58455-vkfb5   13m    112Mi    
00:33:17 rearm-rebom-postgres-0                 18m    157Mi    
00:33:17 rearm-ui-5c9b8ddf9d-krkqk              1m     2Mi      
00:33:17 testreg-66bb8f476c-wt2mf               1m     417Mi    
00:33:17 zottest-ff7cfd65c-xbgvk                824m   321Mi    
00:33:48 rearm-backend-6d79d5dcc8-rj9w4         62m    4749Mi   
00:33:48 rearm-keycloak-0                       2m     724Mi    
00:33:48 rearm-keycloak-postgres-0              1m     34Mi     
00:33:48 rearm-oci-artifact-5c8686f45c-mmxzz    5m     69Mi     
00:33:48 rearm-postgresql-0                     400m   266Mi    
00:33:48 rearm-rebom-backend-768fd58455-46nwc   1m     72Mi     
00:33:48 rearm-rebom-backend-768fd58455-dp9ps   1m     59Mi     
00:33:48 rearm-rebom-backend-768fd58455-tmqdc   0m     55Mi     
00:33:48 rearm-rebom-backend-768fd58455-vkfb5   8m     114Mi    
00:33:48 rearm-rebom-postgres-0                 18m    157Mi    
00:33:48 rearm-ui-5c9b8ddf9d-krkqk              1m     2Mi      
00:33:48 testreg-66bb8f476c-wt2mf               1m     417Mi    
00:33:48 zottest-ff7cfd65c-xbgvk                806m   335Mi    
00:34:18 rearm-backend-6d79d5dcc8-rj9w4         42m    4749Mi   
00:34:18 rearm-keycloak-0                       2m     724Mi    
00:34:18 rearm-keycloak-postgres-0              1m     34Mi     
00:34:18 rearm-oci-artifact-5c8686f45c-mmxzz    6m     69Mi     
00:34:18 rearm-postgresql-0                     421m   267Mi    
00:34:18 rearm-rebom-backend-768fd58455-46nwc   1m     72Mi     
00:34:18 rearm-rebom-backend-768fd58455-dp9ps   1m     59Mi     
00:34:18 rearm-rebom-backend-768fd58455-tmqdc   1m     55Mi     
00:34:18 rearm-rebom-backend-768fd58455-vkfb5   8m     115Mi    
00:34:18 rearm-rebom-postgres-0                 18m    157Mi    
00:34:18 rearm-ui-5c9b8ddf9d-krkqk              1m     2Mi      
00:34:18 testreg-66bb8f476c-wt2mf               1m     417Mi    
00:34:18 zottest-ff7cfd65c-xbgvk                812m   323Mi    
00:34:49 rearm-backend-6d79d5dcc8-rj9w4         62m    4749Mi   
00:34:49 rearm-keycloak-0                       2m     724Mi    
00:34:49 rearm-keycloak-postgres-0              1m     34Mi     
00:34:49 rearm-oci-artifact-5c8686f45c-mmxzz    6m     71Mi     
00:34:49 rearm-postgresql-0                     411m   269Mi    
00:34:49 rearm-rebom-backend-768fd58455-46nwc   0m     72Mi     
00:34:49 rearm-rebom-backend-768fd58455-dp9ps   1m     59Mi     
00:34:49 rearm-rebom-backend-768fd58455-tmqdc   0m     55Mi     
00:34:49 rearm-rebom-backend-768fd58455-vkfb5   8m     113Mi    
00:34:49 rearm-rebom-postgres-0                 17m    157Mi    
00:34:49 rearm-ui-5c9b8ddf9d-krkqk              1m     2Mi      
00:34:49 testreg-66bb8f476c-wt2mf               1m     417Mi    
00:34:49 zottest-ff7cfd65c-xbgvk                827m   316Mi    
00:35:20 rearm-backend-6d79d5dcc8-rj9w4         42m    4749Mi   
00:35:20 rearm-keycloak-0                       2m     724Mi    
00:35:20 rearm-keycloak-postgres-0              1m     34Mi     
00:35:20 rearm-oci-artifact-5c8686f45c-mmxzz    6m     66Mi     
00:35:20 rearm-postgresql-0                     395m   262Mi    
00:35:20 rearm-rebom-backend-768fd58455-46nwc   0m     72Mi     
00:35:20 rearm-rebom-backend-768fd58455-dp9ps   14m    69Mi     
00:35:20 rearm-rebom-backend-768fd58455-tmqdc   0m     55Mi     
00:35:20 rearm-rebom-backend-768fd58455-vkfb5   2m     114Mi    
00:35:20 rearm-rebom-postgres-0                 18m    159Mi    
00:35:20 rearm-ui-5c9b8ddf9d-krkqk              1m     2Mi      
00:35:20 testreg-66bb8f476c-wt2mf               1m     417Mi    
00:35:20 zottest-ff7cfd65c-xbgvk                829m   333Mi    
00:35:51 rearm-backend-6d79d5dcc8-rj9w4         46m    4749Mi   
00:35:51 rearm-keycloak-0                       2m     724Mi    
00:35:51 rearm-keycloak-postgres-0              1m     34Mi     
00:35:51 rearm-oci-artifact-5c8686f45c-mmxzz    6m     67Mi     
00:35:51 rearm-postgresql-0                     390m   264Mi    
00:35:51 rearm-rebom-backend-768fd58455-46nwc   0m     72Mi     
00:35:51 rearm-rebom-backend-768fd58455-dp9ps   14m    68Mi     
00:35:51 rearm-rebom-backend-768fd58455-tmqdc   1m     55Mi     
00:35:51 rearm-rebom-backend-768fd58455-vkfb5   0m     114Mi    
00:35:51 rearm-rebom-postgres-0                 17m    157Mi    
00:35:51 rearm-ui-5c9b8ddf9d-krkqk              1m     2Mi      
00:35:51 testreg-66bb8f476c-wt2mf               1m     417Mi    
00:35:51 zottest-ff7cfd65c-xbgvk                843m   289Mi    
00:36:22 rearm-backend-6d79d5dcc8-rj9w4         65m    4749Mi   
00:36:22 rearm-keycloak-0                       2m     724Mi    
00:36:22 rearm-keycloak-postgres-0              1m     34Mi     
00:36:22 rearm-oci-artifact-5c8686f45c-mmxzz    5m     70Mi     
00:36:22 rearm-postgresql-0                     391m   264Mi    
00:36:22 rearm-rebom-backend-768fd58455-46nwc   1m     72Mi     
00:36:22 rearm-rebom-backend-768fd58455-dp9ps   13m    75Mi     
00:36:22 rearm-rebom-backend-768fd58455-tmqdc   1m     55Mi     
00:36:22 rearm-rebom-backend-768fd58455-vkfb5   1m     114Mi    
00:36:22 rearm-rebom-postgres-0                 18m    157Mi    
00:36:22 rearm-ui-5c9b8ddf9d-krkqk              1m     2Mi      
00:36:22 testreg-66bb8f476c-wt2mf               1m     417Mi    
00:36:22 zottest-ff7cfd65c-xbgvk                817m   315Mi    
00:36:52 rearm-backend-6d79d5dcc8-rj9w4         44m    4749Mi   
00:36:52 rearm-keycloak-0                       2m     724Mi    
00:36:52 rearm-keycloak-postgres-0              1m     34Mi     
00:36:52 rearm-oci-artifact-5c8686f45c-mmxzz    6m     68Mi     
00:36:52 rearm-postgresql-0                     403m   267Mi    
00:36:52 rearm-rebom-backend-768fd58455-46nwc   1m     73Mi     
00:36:52 rearm-rebom-backend-768fd58455-dp9ps   9m     77Mi     
00:36:52 rearm-rebom-backend-768fd58455-tmqdc   0m     55Mi     
00:36:52 rearm-rebom-backend-768fd58455-vkfb5   1m     114Mi    
00:36:52 rearm-rebom-postgres-0                 17m    157Mi    
00:36:52 rearm-ui-5c9b8ddf9d-krkqk              1m     2Mi      
00:36:52 testreg-66bb8f476c-wt2mf               1m     417Mi    
00:36:52 zottest-ff7cfd65c-xbgvk                814m   270Mi    
00:37:23 rearm-backend-6d79d5dcc8-rj9w4         462m   4942Mi   
00:37:23 rearm-keycloak-0                       2m     724Mi    
00:37:23 rearm-keycloak-postgres-0              1m     34Mi     
00:37:23 rearm-oci-artifact-5c8686f45c-mmxzz    6m     65Mi     
00:37:23 rearm-postgresql-0                     584m   280Mi    
00:37:23 rearm-rebom-backend-768fd58455-46nwc   0m     71Mi     
00:37:23 rearm-rebom-backend-768fd58455-dp9ps   11m    79Mi     
00:37:23 rearm-rebom-backend-768fd58455-tmqdc   0m     55Mi     
00:37:23 rearm-rebom-backend-768fd58455-vkfb5   1m     114Mi    
00:37:23 rearm-rebom-postgres-0                 26m    157Mi    
00:37:23 rearm-ui-5c9b8ddf9d-krkqk              1m     2Mi      
00:37:23 testreg-66bb8f476c-wt2mf               1m     417Mi    
00:37:23 zottest-ff7cfd65c-xbgvk                700m   329Mi    
00:37:54 rearm-backend-6d79d5dcc8-rj9w4         967m   7642Mi   
00:37:54 rearm-keycloak-0                       2m     724Mi    
00:37:54 rearm-keycloak-postgres-0              1m     34Mi     
00:37:54 rearm-oci-artifact-5c8686f45c-mmxzz    6m     64Mi     
00:37:54 rearm-postgresql-0                     923m   287Mi    
00:37:54 rearm-rebom-backend-768fd58455-46nwc   1m     71Mi     
00:37:54 rearm-rebom-backend-768fd58455-dp9ps   8m     78Mi     
00:37:54 rearm-rebom-backend-768fd58455-tmqdc   0m     55Mi     
00:37:54 rearm-rebom-backend-768fd58455-vkfb5   1m     114Mi    
00:37:54 rearm-rebom-postgres-0                 16m    157Mi    
00:37:54 rearm-ui-5c9b8ddf9d-krkqk              1m     2Mi      
00:37:54 testreg-66bb8f476c-wt2mf               1m     417Mi    
00:37:54 zottest-ff7cfd65c-xbgvk                749m   308Mi    
00:38:25 rearm-backend-6d79d5dcc8-rj9w4         65m    7641Mi   
00:38:25 rearm-keycloak-0                       2m     724Mi    
00:38:25 rearm-keycloak-postgres-0              1m     34Mi     
00:38:25 rearm-oci-artifact-5c8686f45c-mmxzz    5m     67Mi     
00:38:25 rearm-postgresql-0                     384m   280Mi    
00:38:25 rearm-rebom-backend-768fd58455-46nwc   0m     71Mi     
00:38:25 rearm-rebom-backend-768fd58455-dp9ps   9m     88Mi     
00:38:25 rearm-rebom-backend-768fd58455-tmqdc   1m     55Mi     
00:38:25 rearm-rebom-backend-768fd58455-vkfb5   0m     114Mi    
00:38:25 rearm-rebom-postgres-0                 17m    157Mi    
00:38:25 rearm-ui-5c9b8ddf9d-krkqk              1m     2Mi      
00:38:25 testreg-66bb8f476c-wt2mf               1m     417Mi    
00:38:25 zottest-ff7cfd65c-xbgvk                757m   327Mi    
00:38:55 rearm-backend-6d79d5dcc8-rj9w4         42m    7641Mi   
00:38:55 rearm-keycloak-0                       2m     724Mi    
00:38:55 rearm-keycloak-postgres-0              1m     34Mi     
00:38:55 rearm-oci-artifact-5c8686f45c-mmxzz    5m     69Mi     
00:38:55 rearm-postgresql-0                     375m   281Mi    
00:38:55 rearm-rebom-backend-768fd58455-46nwc   1m     71Mi     
00:38:55 rearm-rebom-backend-768fd58455-dp9ps   8m     91Mi     
00:38:55 rearm-rebom-backend-768fd58455-tmqdc   0m     55Mi     
00:38:55 rearm-rebom-backend-768fd58455-vkfb5   0m     114Mi    
00:38:55 rearm-rebom-postgres-0                 16m    157Mi    
00:38:55 rearm-ui-5c9b8ddf9d-krkqk              1m     2Mi      
00:38:55 testreg-66bb8f476c-wt2mf               1m     417Mi    
00:38:55 zottest-ff7cfd65c-xbgvk                827m   326Mi    
00:39:26 rearm-backend-6d79d5dcc8-rj9w4         66m    7641Mi   
00:39:26 rearm-keycloak-0                       2m     724Mi    
00:39:26 rearm-keycloak-postgres-0              1m     34Mi     
00:39:26 rearm-oci-artifact-5c8686f45c-mmxzz    6m     68Mi     
00:39:26 rearm-postgresql-0                     384m   281Mi    
00:39:26 rearm-rebom-backend-768fd58455-46nwc   1m     71Mi     
00:39:26 rearm-rebom-backend-768fd58455-dp9ps   12m    91Mi     
00:39:26 rearm-rebom-backend-768fd58455-tmqdc   1m     55Mi     
00:39:26 rearm-rebom-backend-768fd58455-vkfb5   0m     114Mi    
00:39:26 rearm-rebom-postgres-0                 17m    157Mi    
00:39:26 rearm-ui-5c9b8ddf9d-krkqk              1m     2Mi      
00:39:26 testreg-66bb8f476c-wt2mf               1m     417Mi    
00:39:26 zottest-ff7cfd65c-xbgvk                835m   319Mi    
00:39:57 rearm-backend-6d79d5dcc8-rj9w4         92m    7641Mi   
00:39:57 rearm-keycloak-0                       2m     724Mi    
00:39:57 rearm-keycloak-postgres-0              1m     34Mi     
00:39:57 rearm-oci-artifact-5c8686f45c-mmxzz    7m     68Mi     
00:39:57 rearm-postgresql-0                     381m   282Mi    
00:39:57 rearm-rebom-backend-768fd58455-46nwc   0m     71Mi     
00:39:57 rearm-rebom-backend-768fd58455-dp9ps   10m    91Mi     
00:39:57 rearm-rebom-backend-768fd58455-tmqdc   1m     55Mi     
00:39:57 rearm-rebom-backend-768fd58455-vkfb5   1m     114Mi    
00:39:57 rearm-rebom-postgres-0                 25m    157Mi    
00:39:57 rearm-ui-5c9b8ddf9d-krkqk              1m     2Mi      
00:39:57 testreg-66bb8f476c-wt2mf               1m     417Mi    
00:39:57 zottest-ff7cfd65c-xbgvk                781m   315Mi    
00:40:28 rearm-backend-6d79d5dcc8-rj9w4         50m    7641Mi   
00:40:28 rearm-keycloak-0                       2m     724Mi    
00:40:28 rearm-keycloak-postgres-0              1m     34Mi     
00:40:28 rearm-oci-artifact-5c8686f45c-mmxzz    6m     69Mi     
00:40:28 rearm-postgresql-0                     407m   282Mi    
00:40:28 rearm-rebom-backend-768fd58455-46nwc   0m     71Mi     
00:40:28 rearm-rebom-backend-768fd58455-dp9ps   2m     92Mi     
00:40:28 rearm-rebom-backend-768fd58455-tmqdc   0m     55Mi     
00:40:28 rearm-rebom-backend-768fd58455-vkfb5   13m    61Mi     
00:40:28 rearm-rebom-postgres-0                 17m    157Mi    
00:40:28 rearm-ui-5c9b8ddf9d-krkqk              1m     2Mi      
00:40:28 testreg-66bb8f476c-wt2mf               1m     417Mi    
00:40:28 zottest-ff7cfd65c-xbgvk                818m   331Mi    
00:40:58 rearm-backend-6d79d5dcc8-rj9w4         43m    7641Mi   
00:40:58 rearm-keycloak-0                       2m     724Mi    
00:40:58 rearm-keycloak-postgres-0              1m     34Mi     
00:40:58 rearm-oci-artifact-5c8686f45c-mmxzz    5m     70Mi     
00:40:58 rearm-postgresql-0                     383m   278Mi    
00:40:58 rearm-rebom-backend-768fd58455-46nwc   1m     71Mi     
00:40:58 rearm-rebom-backend-768fd58455-dp9ps   0m     92Mi     
00:40:58 rearm-rebom-backend-768fd58455-tmqdc   1m     55Mi     
00:40:58 rearm-rebom-backend-768fd58455-vkfb5   8m     66Mi     
00:40:58 rearm-rebom-postgres-0                 18m    157Mi    
00:40:58 rearm-ui-5c9b8ddf9d-krkqk              1m     2Mi      
00:40:58 testreg-66bb8f476c-wt2mf               1m     417Mi    
00:40:58 zottest-ff7cfd65c-xbgvk                818m   337Mi    
00:41:29 rearm-backend-6d79d5dcc8-rj9w4         62m    7641Mi   
00:41:29 rearm-keycloak-0                       2m     724Mi    
00:41:29 rearm-keycloak-postgres-0              1m     34Mi     
00:41:29 rearm-oci-artifact-5c8686f45c-mmxzz    6m     65Mi     
00:41:29 rearm-postgresql-0                     385m   278Mi    
00:41:29 rearm-rebom-backend-768fd58455-46nwc   1m     71Mi     
00:41:29 rearm-rebom-backend-768fd58455-dp9ps   0m     92Mi     
00:41:29 rearm-rebom-backend-768fd58455-tmqdc   0m     55Mi     
00:41:29 rearm-rebom-backend-768fd58455-vkfb5   8m     67Mi     
00:41:29 rearm-rebom-postgres-0                 17m    157Mi    
00:41:29 rearm-ui-5c9b8ddf9d-krkqk              1m     2Mi      
00:41:29 testreg-66bb8f476c-wt2mf               1m     417Mi    
00:41:29 zottest-ff7cfd65c-xbgvk                906m   335Mi    
00:42:00 rearm-backend-6d79d5dcc8-rj9w4         68m    7641Mi   
00:42:00 rearm-keycloak-0                       2m     724Mi    
00:42:00 rearm-keycloak-postgres-0              1m     34Mi     
00:42:00 rearm-oci-artifact-5c8686f45c-mmxzz    6m     67Mi     
00:42:00 rearm-postgresql-0                     321m   269Mi    
00:42:00 rearm-rebom-backend-768fd58455-46nwc   0m     71Mi     
00:42:00 rearm-rebom-backend-768fd58455-dp9ps   1m     92Mi     
00:42:00 rearm-rebom-backend-768fd58455-tmqdc   1m     55Mi     
00:42:00 rearm-rebom-backend-768fd58455-vkfb5   9m     74Mi     
00:42:00 rearm-rebom-postgres-0                 18m    157Mi    
00:42:00 rearm-ui-5c9b8ddf9d-krkqk              1m     2Mi      
00:42:00 testreg-66bb8f476c-wt2mf               1m     417Mi    
00:42:00 zottest-ff7cfd65c-xbgvk                934m   346Mi    
00:42:31 rearm-backend-6d79d5dcc8-rj9w4         75m    7641Mi   
00:42:31 rearm-keycloak-0                       2m     724Mi    
00:42:31 rearm-keycloak-postgres-0              1m     34Mi     
00:42:31 rearm-oci-artifact-5c8686f45c-mmxzz    6m     67Mi     
00:42:31 rearm-postgresql-0                     396m   277Mi    
00:42:31 rearm-rebom-backend-768fd58455-46nwc   1m     71Mi     
00:42:31 rearm-rebom-backend-768fd58455-dp9ps   0m     92Mi     
00:42:31 rearm-rebom-backend-768fd58455-tmqdc   0m     55Mi     
00:42:31 rearm-rebom-backend-768fd58455-vkfb5   9m     74Mi     
00:42:31 rearm-rebom-postgres-0                 17m    157Mi    
00:42:31 rearm-ui-5c9b8ddf9d-krkqk              1m     2Mi      
00:42:31 testreg-66bb8f476c-wt2mf               1m     417Mi    
00:42:31 zottest-ff7cfd65c-xbgvk                867m   275Mi    
00:43:02 rearm-backend-6d79d5dcc8-rj9w4         43m    7641Mi   
00:43:02 rearm-keycloak-0                       2m     724Mi    
00:43:02 rearm-keycloak-postgres-0              1m     34Mi     
00:43:02 rearm-oci-artifact-5c8686f45c-mmxzz    6m     68Mi     
00:43:02 rearm-postgresql-0                     329m   277Mi    
00:43:02 rearm-rebom-backend-768fd58455-46nwc   0m     71Mi     
00:43:02 rearm-rebom-backend-768fd58455-dp9ps   1m     92Mi     
00:43:02 rearm-rebom-backend-768fd58455-tmqdc   1m     55Mi     
00:43:02 rearm-rebom-backend-768fd58455-vkfb5   8m     76Mi     
00:43:02 rearm-rebom-postgres-0                 19m    157Mi    
00:43:02 rearm-ui-5c9b8ddf9d-krkqk              1m     2Mi      
00:43:02 testreg-66bb8f476c-wt2mf               1m     417Mi    
00:43:02 zottest-ff7cfd65c-xbgvk                937m   333Mi    
00:43:32 rearm-backend-6d79d5dcc8-rj9w4         44m    7641Mi   
00:43:32 rearm-keycloak-0                       2m     724Mi    
00:43:32 rearm-keycloak-postgres-0              1m     34Mi     
00:43:32 rearm-oci-artifact-5c8686f45c-mmxzz    5m     67Mi     
00:43:32 rearm-postgresql-0                     449m   342Mi    
00:43:32 rearm-rebom-backend-768fd58455-46nwc   0m     71Mi     
00:43:32 rearm-rebom-backend-768fd58455-dp9ps   0m     92Mi     
00:43:32 rearm-rebom-backend-768fd58455-tmqdc   1m     55Mi     
00:43:32 rearm-rebom-backend-768fd58455-vkfb5   12m    75Mi     
00:43:32 rearm-rebom-postgres-0                 17m    157Mi    
00:43:32 rearm-ui-5c9b8ddf9d-krkqk              1m     2Mi      
00:43:32 testreg-66bb8f476c-wt2mf               1m     417Mi    
00:43:32 zottest-ff7cfd65c-xbgvk                861m   324Mi    
00:44:03 rearm-backend-6d79d5dcc8-rj9w4         45m    7641Mi   
00:44:03 rearm-keycloak-0                       2m     724Mi    
00:44:03 rearm-keycloak-postgres-0              1m     34Mi     
00:44:03 rearm-oci-artifact-5c8686f45c-mmxzz    6m     65Mi     
00:44:03 rearm-postgresql-0                     290m   276Mi    
00:44:03 rearm-rebom-backend-768fd58455-46nwc   0m     71Mi     
00:44:03 rearm-rebom-backend-768fd58455-dp9ps   1m     92Mi     
00:44:03 rearm-rebom-backend-768fd58455-tmqdc   0m     55Mi     
00:44:03 rearm-rebom-backend-768fd58455-vkfb5   9m     91Mi     
00:44:03 rearm-rebom-postgres-0                 17m    157Mi    
00:44:03 rearm-ui-5c9b8ddf9d-krkqk              1m     2Mi      
00:44:03 testreg-66bb8f476c-wt2mf               1m     417Mi    
00:44:03 zottest-ff7cfd65c-xbgvk                949m   316Mi    
00:44:34 rearm-backend-6d79d5dcc8-rj9w4         99m    7641Mi   
00:44:34 rearm-keycloak-0                       2m     724Mi    
00:44:34 rearm-keycloak-postgres-0              1m     34Mi     
00:44:34 rearm-oci-artifact-5c8686f45c-mmxzz    7m     67Mi     
00:44:34 rearm-postgresql-0                     311m   271Mi    
00:44:34 rearm-rebom-backend-768fd58455-46nwc   1m     71Mi     
00:44:34 rearm-rebom-backend-768fd58455-dp9ps   1m     92Mi     
00:44:34 rearm-rebom-backend-768fd58455-tmqdc   1m     55Mi     
00:44:34 rearm-rebom-backend-768fd58455-vkfb5   9m     92Mi     
00:44:34 rearm-rebom-postgres-0                 28m    157Mi    
00:44:34 rearm-ui-5c9b8ddf9d-krkqk              1m     2Mi      
00:44:34 testreg-66bb8f476c-wt2mf               1m     417Mi    
00:44:34 zottest-ff7cfd65c-xbgvk                934m   294Mi    
00:45:05 rearm-backend-6d79d5dcc8-rj9w4         48m    7641Mi   
00:45:05 rearm-keycloak-0                       2m     724Mi    
00:45:05 rearm-keycloak-postgres-0              1m     34Mi     
00:45:05 rearm-oci-artifact-5c8686f45c-mmxzz    6m     67Mi     
00:45:05 rearm-postgresql-0                     315m   272Mi    
00:45:05 rearm-rebom-backend-768fd58455-46nwc   1m     71Mi     
00:45:05 rearm-rebom-backend-768fd58455-dp9ps   0m     92Mi     
00:45:05 rearm-rebom-backend-768fd58455-tmqdc   0m     55Mi     
00:45:05 rearm-rebom-backend-768fd58455-vkfb5   10m    92Mi     
00:45:05 rearm-rebom-postgres-0                 17m    157Mi    
00:45:05 rearm-ui-5c9b8ddf9d-krkqk              1m     2Mi      
00:45:05 testreg-66bb8f476c-wt2mf               1m     417Mi    
00:45:05 zottest-ff7cfd65c-xbgvk                944m   338Mi    
00:45:35 rearm-backend-6d79d5dcc8-rj9w4         44m    7641Mi   
00:45:35 rearm-keycloak-0                       2m     724Mi    
00:45:35 rearm-keycloak-postgres-0              1m     34Mi     
00:45:35 rearm-oci-artifact-5c8686f45c-mmxzz    6m     67Mi     
00:45:35 rearm-postgresql-0                     282m   264Mi    
00:45:35 rearm-rebom-backend-768fd58455-46nwc   10m    79Mi     
00:45:35 rearm-rebom-backend-768fd58455-dp9ps   1m     92Mi     
00:45:35 rearm-rebom-backend-768fd58455-tmqdc   0m     55Mi     
00:45:35 rearm-rebom-backend-768fd58455-vkfb5   1m     92Mi     
00:45:35 rearm-rebom-postgres-0                 19m    157Mi    
00:45:35 rearm-ui-5c9b8ddf9d-krkqk              1m     2Mi      
00:45:35 testreg-66bb8f476c-wt2mf               1m     417Mi    
00:45:35 zottest-ff7cfd65c-xbgvk                931m   348Mi    
00:46:06 rearm-backend-6d79d5dcc8-rj9w4         70m    7641Mi   
00:46:06 rearm-keycloak-0                       2m     724Mi    
00:46:06 rearm-keycloak-postgres-0              1m     34Mi     
00:46:06 rearm-oci-artifact-5c8686f45c-mmxzz    6m     67Mi     
00:46:06 rearm-postgresql-0                     278m   261Mi    
00:46:06 rearm-rebom-backend-768fd58455-46nwc   14m    79Mi     
00:46:06 rearm-rebom-backend-768fd58455-dp9ps   1m     92Mi     
00:46:06 rearm-rebom-backend-768fd58455-tmqdc   0m     55Mi     
00:46:06 rearm-rebom-backend-768fd58455-vkfb5   1m     92Mi     
00:46:06 rearm-rebom-postgres-0                 17m    157Mi    
00:46:06 rearm-ui-5c9b8ddf9d-krkqk              1m     2Mi      
00:46:06 testreg-66bb8f476c-wt2mf               1m     417Mi    
00:46:06 zottest-ff7cfd65c-xbgvk                943m   328Mi    
00:46:37 rearm-backend-6d79d5dcc8-rj9w4         72m    7641Mi   
00:46:37 rearm-keycloak-0                       2m     724Mi    
00:46:37 rearm-keycloak-postgres-0              1m     34Mi     
00:46:37 rearm-oci-artifact-5c8686f45c-mmxzz    7m     67Mi     
00:46:37 rearm-postgresql-0                     290m   258Mi    
00:46:37 rearm-rebom-backend-768fd58455-46nwc   14m    83Mi     
00:46:37 rearm-rebom-backend-768fd58455-dp9ps   0m     92Mi     
00:46:37 rearm-rebom-backend-768fd58455-tmqdc   0m     55Mi     
00:46:37 rearm-rebom-backend-768fd58455-vkfb5   1m     92Mi     
00:46:37 rearm-rebom-postgres-0                 30m    157Mi    
00:46:37 rearm-ui-5c9b8ddf9d-krkqk              1m     2Mi      
00:46:37 testreg-66bb8f476c-wt2mf               1m     417Mi    
00:46:37 zottest-ff7cfd65c-xbgvk                869m   331Mi    
00:47:08 rearm-backend-6d79d5dcc8-rj9w4         45m    7641Mi   
00:47:08 rearm-keycloak-0                       3m     724Mi    
00:47:08 rearm-keycloak-postgres-0              1m     34Mi     
00:47:08 rearm-oci-artifact-5c8686f45c-mmxzz    6m     67Mi     
00:47:08 rearm-postgresql-0                     318m   267Mi    
00:47:08 rearm-rebom-backend-768fd58455-46nwc   9m     83Mi     
00:47:08 rearm-rebom-backend-768fd58455-dp9ps   1m     92Mi     
00:47:08 rearm-rebom-backend-768fd58455-tmqdc   0m     55Mi     
00:47:08 rearm-rebom-backend-768fd58455-vkfb5   1m     92Mi     
00:47:08 rearm-rebom-postgres-0                 19m    157Mi    
00:47:08 rearm-ui-5c9b8ddf9d-krkqk              1m     2Mi      
00:47:08 testreg-66bb8f476c-wt2mf               1m     417Mi    
00:47:08 zottest-ff7cfd65c-xbgvk                947m   323Mi    
00:47:38 rearm-backend-6d79d5dcc8-rj9w4         77m    7461Mi   
00:47:38 rearm-keycloak-0                       2m     724Mi    
00:47:38 rearm-keycloak-postgres-0              1m     34Mi     
00:47:38 rearm-oci-artifact-5c8686f45c-mmxzz    6m     69Mi     
00:47:38 rearm-postgresql-0                     283m   270Mi    
00:47:38 rearm-rebom-backend-768fd58455-46nwc   12m    89Mi     
00:47:38 rearm-rebom-backend-768fd58455-dp9ps   1m     92Mi     
00:47:38 rearm-rebom-backend-768fd58455-tmqdc   0m     55Mi     
00:47:38 rearm-rebom-backend-768fd58455-vkfb5   1m     92Mi     
00:47:38 rearm-rebom-postgres-0                 17m    157Mi    
00:47:38 rearm-ui-5c9b8ddf9d-krkqk              1m     2Mi      
00:47:38 testreg-66bb8f476c-wt2mf               1m     417Mi    
00:47:38 zottest-ff7cfd65c-xbgvk                950m   324Mi    
00:48:09 rearm-backend-6d79d5dcc8-rj9w4         57m    6919Mi   
00:48:09 rearm-keycloak-0                       3m     724Mi    
00:48:09 rearm-keycloak-postgres-0              1m     34Mi     
00:48:09 rearm-oci-artifact-5c8686f45c-mmxzz    6m     67Mi     
00:48:09 rearm-postgresql-0                     302m   270Mi    
00:48:09 rearm-rebom-backend-768fd58455-46nwc   8m     96Mi     
00:48:09 rearm-rebom-backend-768fd58455-dp9ps   1m     92Mi     
00:48:09 rearm-rebom-backend-768fd58455-tmqdc   1m     55Mi     
00:48:09 rearm-rebom-backend-768fd58455-vkfb5   0m     92Mi     
00:48:09 rearm-rebom-postgres-0                 17m    157Mi    
00:48:09 rearm-ui-5c9b8ddf9d-krkqk              1m     2Mi      
00:48:09 testreg-66bb8f476c-wt2mf               1m     417Mi    
00:48:09 zottest-ff7cfd65c-xbgvk                949m   327Mi    
00:48:40 rearm-backend-6d79d5dcc8-rj9w4         57m    6557Mi   
00:48:40 rearm-keycloak-0                       2m     724Mi    
00:48:40 rearm-keycloak-postgres-0              1m     34Mi     
00:48:40 rearm-oci-artifact-5c8686f45c-mmxzz    4m     70Mi     
00:48:40 rearm-postgresql-0                     309m   270Mi    
00:48:40 rearm-rebom-backend-768fd58455-46nwc   3m     98Mi     
00:48:40 rearm-rebom-backend-768fd58455-dp9ps   0m     92Mi     
00:48:40 rearm-rebom-backend-768fd58455-tmqdc   0m     55Mi     
00:48:40 rearm-rebom-backend-768fd58455-vkfb5   1m     92Mi     
00:48:40 rearm-rebom-postgres-0                 11m    157Mi    
00:48:40 rearm-ui-5c9b8ddf9d-krkqk              1m     2Mi      
00:48:40 testreg-66bb8f476c-wt2mf               1m     417Mi    
00:48:40 zottest-ff7cfd65c-xbgvk                781m   278Mi    
00:49:11 rearm-backend-6d79d5dcc8-rj9w4         102m   6015Mi   
00:49:11 rearm-keycloak-0                       2m     724Mi    
00:49:11 rearm-keycloak-postgres-0              1m     34Mi     
00:49:11 rearm-oci-artifact-5c8686f45c-mmxzz    7m     66Mi     
00:49:11 rearm-postgresql-0                     243m   270Mi    
00:49:11 rearm-rebom-backend-768fd58455-46nwc   10m    100Mi    
00:49:11 rearm-rebom-backend-768fd58455-dp9ps   1m     92Mi     
00:49:11 rearm-rebom-backend-768fd58455-tmqdc   0m     55Mi     
00:49:11 rearm-rebom-backend-768fd58455-vkfb5   1m     92Mi     
00:49:11 rearm-rebom-postgres-0                 27m    157Mi    
00:49:11 rearm-ui-5c9b8ddf9d-krkqk              1m     2Mi      
00:49:11 testreg-66bb8f476c-wt2mf               1m     417Mi    
00:49:11 zottest-ff7cfd65c-xbgvk                897m   337Mi    
00:49:41 rearm-backend-6d79d5dcc8-rj9w4         46m    5472Mi   
00:49:41 rearm-keycloak-0                       2m     724Mi    
00:49:41 rearm-keycloak-postgres-0              1m     34Mi     
00:49:41 rearm-oci-artifact-5c8686f45c-mmxzz    6m     68Mi     
00:49:41 rearm-postgresql-0                     281m   271Mi    
00:49:41 rearm-rebom-backend-768fd58455-46nwc   8m     98Mi     
00:49:41 rearm-rebom-backend-768fd58455-dp9ps   1m     92Mi     
00:49:41 rearm-rebom-backend-768fd58455-tmqdc   1m     55Mi     
00:49:41 rearm-rebom-backend-768fd58455-vkfb5   0m     92Mi     
00:49:41 rearm-rebom-postgres-0                 16m    157Mi    
00:49:41 rearm-ui-5c9b8ddf9d-krkqk              1m     2Mi      
00:49:41 testreg-66bb8f476c-wt2mf               1m     417Mi    
00:49:41 zottest-ff7cfd65c-xbgvk                947m   317Mi    
00:50:12 rearm-backend-6d79d5dcc8-rj9w4         57m    4930Mi   
00:50:12 rearm-keycloak-0                       2m     724Mi    
00:50:12 rearm-keycloak-postgres-0              1m     34Mi     
00:50:12 rearm-oci-artifact-5c8686f45c-mmxzz    5m     65Mi     
00:50:12 rearm-postgresql-0                     258m   271Mi    
00:50:12 rearm-rebom-backend-768fd58455-46nwc   8m     100Mi    
00:50:12 rearm-rebom-backend-768fd58455-dp9ps   0m     92Mi     
00:50:12 rearm-rebom-backend-768fd58455-tmqdc   0m     55Mi     
00:50:12 rearm-rebom-backend-768fd58455-vkfb5   1m     92Mi     
00:50:12 rearm-rebom-postgres-0                 17m    161Mi    
00:50:12 rearm-ui-5c9b8ddf9d-krkqk              1m     2Mi      
00:50:12 testreg-66bb8f476c-wt2mf               1m     417Mi    
00:50:12 zottest-ff7cfd65c-xbgvk                916m   314Mi    
00:50:43 rearm-backend-6d79d5dcc8-rj9w4         68m    4697Mi   
00:50:43 rearm-keycloak-0                       2m     724Mi    
00:50:43 rearm-keycloak-postgres-0              1m     34Mi     
00:50:43 rearm-oci-artifact-5c8686f45c-mmxzz    6m     66Mi     
00:50:43 rearm-postgresql-0                     274m   272Mi    
00:50:43 rearm-rebom-backend-768fd58455-46nwc   12m    97Mi     
00:50:43 rearm-rebom-backend-768fd58455-dp9ps   1m     92Mi     
00:50:43 rearm-rebom-backend-768fd58455-tmqdc   1m     55Mi     
00:50:43 rearm-rebom-backend-768fd58455-vkfb5   1m     92Mi     
00:50:43 rearm-rebom-postgres-0                 17m    157Mi    
00:50:43 rearm-ui-5c9b8ddf9d-krkqk              1m     3Mi      
00:50:43 testreg-66bb8f476c-wt2mf               1m     417Mi    
00:50:43 zottest-ff7cfd65c-xbgvk                957m   336Mi    
00:51:14 rearm-backend-6d79d5dcc8-rj9w4         51m    4697Mi   
00:51:14 rearm-keycloak-0                       2m     724Mi    
00:51:14 rearm-keycloak-postgres-0              1m     34Mi     
00:51:14 rearm-oci-artifact-5c8686f45c-mmxzz    6m     66Mi     
00:51:14 rearm-postgresql-0                     272m   272Mi    
00:51:14 rearm-rebom-backend-768fd58455-46nwc   11m    103Mi    
00:51:14 rearm-rebom-backend-768fd58455-dp9ps   1m     92Mi     
00:51:14 rearm-rebom-backend-768fd58455-tmqdc   0m     55Mi     
00:51:14 rearm-rebom-backend-768fd58455-vkfb5   1m     92Mi     
00:51:14 rearm-rebom-postgres-0                 17m    157Mi    
00:51:14 rearm-ui-5c9b8ddf9d-krkqk              1m     2Mi      
00:51:14 testreg-66bb8f476c-wt2mf               1m     417Mi    
00:51:14 zottest-ff7cfd65c-xbgvk                956m   336Mi    
00:51:44 rearm-backend-6d79d5dcc8-rj9w4         79m    4695Mi   
00:51:44 rearm-keycloak-0                       2m     724Mi    
00:51:44 rearm-keycloak-postgres-0              1m     34Mi     
00:51:44 rearm-oci-artifact-5c8686f45c-mmxzz    6m     70Mi     
00:51:44 rearm-postgresql-0                     345m   269Mi    
00:51:44 rearm-rebom-backend-768fd58455-46nwc   10m    121Mi    
00:51:44 rearm-rebom-backend-768fd58455-dp9ps   1m     92Mi     
00:51:44 rearm-rebom-backend-768fd58455-tmqdc   1m     55Mi     
00:51:44 rearm-rebom-backend-768fd58455-vkfb5   1m     92Mi     
00:51:44 rearm-rebom-postgres-0                 25m    157Mi    
00:51:44 rearm-ui-5c9b8ddf9d-krkqk              1m     2Mi      
00:51:44 testreg-66bb8f476c-wt2mf               1m     417Mi    
00:51:44 zottest-ff7cfd65c-xbgvk                963m   309Mi    
00:52:15 rearm-backend-6d79d5dcc8-rj9w4         40m    4695Mi   
00:52:15 rearm-keycloak-0                       2m     724Mi    
00:52:15 rearm-keycloak-postgres-0              1m     34Mi     
00:52:15 rearm-oci-artifact-5c8686f45c-mmxzz    6m     67Mi     
00:52:15 rearm-postgresql-0                     288m   268Mi    
00:52:15 rearm-rebom-backend-768fd58455-46nwc   7m     125Mi    
00:52:15 rearm-rebom-backend-768fd58455-dp9ps   0m     92Mi     
00:52:15 rearm-rebom-backend-768fd58455-tmqdc   1m     55Mi     
00:52:15 rearm-rebom-backend-768fd58455-vkfb5   1m     92Mi     
00:52:15 rearm-rebom-postgres-0                 18m    157Mi    
00:52:15 rearm-ui-5c9b8ddf9d-krkqk              1m     2Mi      
00:52:15 testreg-66bb8f476c-wt2mf               1m     417Mi    
00:52:15 zottest-ff7cfd65c-xbgvk                962m   332Mi    
00:52:46 rearm-backend-6d79d5dcc8-rj9w4         37m    4695Mi   
00:52:46 rearm-keycloak-0                       2m     724Mi    
00:52:46 rearm-keycloak-postgres-0              1m     34Mi     
00:52:46 rearm-oci-artifact-5c8686f45c-mmxzz    6m     67Mi     
00:52:46 rearm-postgresql-0                     293m   268Mi    
00:52:46 rearm-rebom-backend-768fd58455-46nwc   11m    124Mi    
00:52:46 rearm-rebom-backend-768fd58455-dp9ps   1m     92Mi     
00:52:46 rearm-rebom-backend-768fd58455-tmqdc   1m     55Mi     
00:52:46 rearm-rebom-backend-768fd58455-vkfb5   1m     92Mi     
00:52:46 rearm-rebom-postgres-0                 17m    157Mi    
00:52:46 rearm-ui-5c9b8ddf9d-krkqk              1m     2Mi      
00:52:46 testreg-66bb8f476c-wt2mf               1m     417Mi    
00:52:46 zottest-ff7cfd65c-xbgvk                933m   329Mi    
00:53:17 rearm-backend-6d79d5dcc8-rj9w4         43m    4695Mi   
00:53:17 rearm-keycloak-0                       2m     724Mi    
00:53:17 rearm-keycloak-postgres-0              1m     34Mi     
00:53:17 rearm-oci-artifact-5c8686f45c-mmxzz    6m     69Mi     
00:53:17 rearm-postgresql-0                     289m   269Mi    
00:53:17 rearm-rebom-backend-768fd58455-46nwc   8m     125Mi    
00:53:17 rearm-rebom-backend-768fd58455-dp9ps   1m     92Mi     
00:53:17 rearm-rebom-backend-768fd58455-tmqdc   0m     55Mi     
00:53:17 rearm-rebom-backend-768fd58455-vkfb5   1m     92Mi     
00:53:17 rearm-rebom-postgres-0                 17m    157Mi    
00:53:17 rearm-ui-5c9b8ddf9d-krkqk              1m     2Mi      
00:53:17 testreg-66bb8f476c-wt2mf               1m     417Mi    
00:53:17 zottest-ff7cfd65c-xbgvk                948m   339Mi    
00:53:48 rearm-backend-6d79d5dcc8-rj9w4         37m    4695Mi   
00:53:48 rearm-keycloak-0                       2m     724Mi    
00:53:48 rearm-keycloak-postgres-0              1m     34Mi     
00:53:48 rearm-oci-artifact-5c8686f45c-mmxzz    6m     67Mi     
00:53:48 rearm-postgresql-0                     291m   268Mi    
00:53:48 rearm-rebom-backend-768fd58455-46nwc   8m     126Mi    
00:53:48 rearm-rebom-backend-768fd58455-dp9ps   1m     92Mi     
00:53:48 rearm-rebom-backend-768fd58455-tmqdc   0m     55Mi     
00:53:48 rearm-rebom-backend-768fd58455-vkfb5   1m     92Mi     
00:53:48 rearm-rebom-postgres-0                 16m    157Mi    
00:53:48 rearm-ui-5c9b8ddf9d-krkqk              1m     2Mi      
00:53:48 testreg-66bb8f476c-wt2mf               1m     417Mi    
00:53:48 zottest-ff7cfd65c-xbgvk                962m   323Mi    
00:54:18 rearm-backend-6d79d5dcc8-rj9w4         52m    4695Mi   
00:54:18 rearm-keycloak-0                       2m     724Mi    
00:54:18 rearm-keycloak-postgres-0              1m     34Mi     
00:54:18 rearm-oci-artifact-5c8686f45c-mmxzz    5m     67Mi     
00:54:18 rearm-postgresql-0                     287m   270Mi    
00:54:18 rearm-rebom-backend-768fd58455-46nwc   8m     125Mi    
00:54:18 rearm-rebom-backend-768fd58455-dp9ps   1m     92Mi     
00:54:18 rearm-rebom-backend-768fd58455-tmqdc   1m     55Mi     
00:54:18 rearm-rebom-backend-768fd58455-vkfb5   1m     92Mi     
00:54:18 rearm-rebom-postgres-0                 17m    157Mi    
00:54:18 rearm-ui-5c9b8ddf9d-krkqk              1m     2Mi      
00:54:18 testreg-66bb8f476c-wt2mf               1m     417Mi    
00:54:18 zottest-ff7cfd65c-xbgvk                903m   330Mi    
00:54:49 rearm-backend-6d79d5dcc8-rj9w4         55m    4695Mi   
00:54:49 rearm-keycloak-0                       2m     724Mi    
00:54:49 rearm-keycloak-postgres-0              1m     34Mi     
00:54:49 rearm-oci-artifact-5c8686f45c-mmxzz    5m     66Mi     
00:54:49 rearm-postgresql-0                     314m   265Mi    
00:54:49 rearm-rebom-backend-768fd58455-46nwc   8m     125Mi    
00:54:49 rearm-rebom-backend-768fd58455-dp9ps   0m     92Mi     
00:54:49 rearm-rebom-backend-768fd58455-tmqdc   1m     55Mi     
00:54:49 rearm-rebom-backend-768fd58455-vkfb5   1m     92Mi     
00:54:49 rearm-rebom-postgres-0                 18m    157Mi    
00:54:49 rearm-ui-5c9b8ddf9d-krkqk              1m     2Mi      
00:54:49 testreg-66bb8f476c-wt2mf               1m     417Mi    
00:54:49 zottest-ff7cfd65c-xbgvk                933m   324Mi    
00:55:20 rearm-backend-6d79d5dcc8-rj9w4         43m    4695Mi   
00:55:20 rearm-keycloak-0                       2m     724Mi    
00:55:20 rearm-keycloak-postgres-0              1m     34Mi     
00:55:20 rearm-oci-artifact-5c8686f45c-mmxzz    5m     69Mi     
00:55:20 rearm-postgresql-0                     265m   268Mi    
00:55:20 rearm-rebom-backend-768fd58455-46nwc   1m     126Mi    
00:55:20 rearm-rebom-backend-768fd58455-dp9ps   0m     92Mi     
00:55:20 rearm-rebom-backend-768fd58455-tmqdc   0m     55Mi     
00:55:20 rearm-rebom-backend-768fd58455-vkfb5   4m     61Mi     
00:55:20 rearm-rebom-postgres-0                 17m    157Mi    
00:55:20 rearm-ui-5c9b8ddf9d-krkqk              1m     2Mi      
00:55:20 testreg-66bb8f476c-wt2mf               1m     417Mi    
00:55:20 zottest-ff7cfd65c-xbgvk                954m   337Mi    
00:55:51 rearm-backend-6d79d5dcc8-rj9w4         40m    4424Mi   
00:55:51 rearm-keycloak-0                       2m     724Mi    
00:55:51 rearm-keycloak-postgres-0              1m     34Mi     
00:55:51 rearm-oci-artifact-5c8686f45c-mmxzz    6m     66Mi     
00:55:51 rearm-postgresql-0                     272m   266Mi    
00:55:51 rearm-rebom-backend-768fd58455-46nwc   0m     126Mi    
00:55:51 rearm-rebom-backend-768fd58455-dp9ps   0m     92Mi     
00:55:51 rearm-rebom-backend-768fd58455-tmqdc   1m     55Mi     
00:55:51 rearm-rebom-backend-768fd58455-vkfb5   11m    64Mi     
00:55:51 rearm-rebom-postgres-0                 16m    157Mi    
00:55:51 rearm-ui-5c9b8ddf9d-krkqk              1m     2Mi      
00:55:51 testreg-66bb8f476c-wt2mf               1m     417Mi    
00:55:51 zottest-ff7cfd65c-xbgvk                945m   326Mi    
00:56:21 rearm-backend-6d79d5dcc8-rj9w4         106m   4153Mi   
00:56:21 rearm-keycloak-0                       2m     724Mi    
00:56:21 rearm-keycloak-postgres-0              1m     34Mi     
00:56:21 rearm-oci-artifact-5c8686f45c-mmxzz    7m     68Mi     
00:56:21 rearm-postgresql-0                     314m   268Mi    
00:56:21 rearm-rebom-backend-768fd58455-46nwc   0m     126Mi    
00:56:21 rearm-rebom-backend-768fd58455-dp9ps   0m     92Mi     
00:56:21 rearm-rebom-backend-768fd58455-tmqdc   1m     55Mi     
00:56:21 rearm-rebom-backend-768fd58455-vkfb5   7m     71Mi     
00:56:21 rearm-rebom-postgres-0                 27m    157Mi    
00:56:21 rearm-ui-5c9b8ddf9d-krkqk              1m     2Mi      
00:56:21 testreg-66bb8f476c-wt2mf               1m     417Mi    
00:56:21 zottest-ff7cfd65c-xbgvk                898m   293Mi    
00:56:52 rearm-backend-6d79d5dcc8-rj9w4         42m    3972Mi   
00:56:52 rearm-keycloak-0                       2m     724Mi    
00:56:52 rearm-keycloak-postgres-0              1m     34Mi     
00:56:52 rearm-oci-artifact-5c8686f45c-mmxzz    5m     66Mi     
00:56:52 rearm-postgresql-0                     279m   264Mi    
00:56:52 rearm-rebom-backend-768fd58455-46nwc   1m     126Mi    
00:56:52 rearm-rebom-backend-768fd58455-dp9ps   1m     92Mi     
00:56:52 rearm-rebom-backend-768fd58455-tmqdc   1m     55Mi     
00:56:52 rearm-rebom-backend-768fd58455-vkfb5   8m     72Mi     
00:56:52 rearm-rebom-postgres-0                 17m    157Mi    
00:56:52 rearm-ui-5c9b8ddf9d-krkqk              1m     2Mi      
00:56:52 testreg-66bb8f476c-wt2mf               1m     417Mi    
00:56:52 zottest-ff7cfd65c-xbgvk                932m   344Mi    
00:57:23 rearm-backend-6d79d5dcc8-rj9w4         590m   5618Mi   
00:57:23 rearm-keycloak-0                       2m     724Mi    
00:57:23 rearm-keycloak-postgres-0              1m     34Mi     
00:57:23 rearm-oci-artifact-5c8686f45c-mmxzz    4m     68Mi     
00:57:23 rearm-postgresql-0                     626m   282Mi    
00:57:23 rearm-rebom-backend-768fd58455-46nwc   0m     126Mi    
00:57:23 rearm-rebom-backend-768fd58455-dp9ps   0m     92Mi     
00:57:23 rearm-rebom-backend-768fd58455-tmqdc   1m     55Mi     
00:57:23 rearm-rebom-backend-768fd58455-vkfb5   7m     73Mi     
00:57:23 rearm-rebom-postgres-0                 14m    157Mi    
00:57:23 rearm-ui-5c9b8ddf9d-krkqk              1m     2Mi      
00:57:23 testreg-66bb8f476c-wt2mf               1m     417Mi    
00:57:23 zottest-ff7cfd65c-xbgvk                883m   338Mi    
00:57:54 rearm-backend-6d79d5dcc8-rj9w4         939m   7728Mi   
00:57:54 rearm-keycloak-0                       2m     724Mi    
00:57:54 rearm-keycloak-postgres-0              1m     34Mi     
00:57:54 rearm-oci-artifact-5c8686f45c-mmxzz    4m     68Mi     
00:57:54 rearm-postgresql-0                     855m   292Mi    
00:57:54 rearm-rebom-backend-768fd58455-46nwc   1m     126Mi    
00:57:54 rearm-rebom-backend-768fd58455-dp9ps   0m     92Mi     
00:57:54 rearm-rebom-backend-768fd58455-tmqdc   0m     55Mi     
00:57:54 rearm-rebom-backend-768fd58455-vkfb5   6m     74Mi     
00:57:54 rearm-rebom-postgres-0                 14m    157Mi    
00:57:54 rearm-ui-5c9b8ddf9d-krkqk              1m     2Mi      
00:57:54 testreg-66bb8f476c-wt2mf               1m     417Mi    
00:57:54 zottest-ff7cfd65c-xbgvk                781m   316Mi    
00:58:25 rearm-backend-6d79d5dcc8-rj9w4         311m   7727Mi   
00:58:25 rearm-keycloak-0                       2m     724Mi    
00:58:25 rearm-keycloak-postgres-0              1m     34Mi     
00:58:25 rearm-oci-artifact-5c8686f45c-mmxzz    5m     66Mi     
00:58:25 rearm-postgresql-0                     739m   294Mi    
00:58:25 rearm-rebom-backend-768fd58455-46nwc   0m     126Mi    
00:58:25 rearm-rebom-backend-768fd58455-dp9ps   1m     92Mi     
00:58:25 rearm-rebom-backend-768fd58455-tmqdc   1m     55Mi     
00:58:25 rearm-rebom-backend-768fd58455-vkfb5   8m     84Mi     
00:58:25 rearm-rebom-postgres-0                 15m    157Mi    
00:58:25 rearm-ui-5c9b8ddf9d-krkqk              1m     2Mi      
00:58:25 testreg-66bb8f476c-wt2mf               1m     417Mi    
00:58:25 zottest-ff7cfd65c-xbgvk                912m   324Mi    
00:58:55 rearm-backend-6d79d5dcc8-rj9w4         37m    7727Mi   
00:58:55 rearm-keycloak-0                       2m     724Mi    
00:58:55 rearm-keycloak-postgres-0              1m     34Mi     
00:58:55 rearm-oci-artifact-5c8686f45c-mmxzz    5m     66Mi     
00:58:55 rearm-postgresql-0                     283m   292Mi    
00:58:55 rearm-rebom-backend-768fd58455-46nwc   1m     126Mi    
00:58:55 rearm-rebom-backend-768fd58455-dp9ps   0m     92Mi     
00:58:55 rearm-rebom-backend-768fd58455-tmqdc   1m     55Mi     
00:58:55 rearm-rebom-backend-768fd58455-vkfb5   7m     86Mi     
00:58:55 rearm-rebom-postgres-0                 15m    157Mi    
00:58:55 rearm-ui-5c9b8ddf9d-krkqk              1m     2Mi      
00:58:55 testreg-66bb8f476c-wt2mf               1m     417Mi    
00:58:55 zottest-ff7cfd65c-xbgvk                931m   320Mi    
00:59:26 rearm-backend-6d79d5dcc8-rj9w4         35m    7727Mi   
00:59:26 rearm-keycloak-0                       2m     724Mi    
00:59:26 rearm-keycloak-postgres-0              1m     34Mi     
00:59:26 rearm-oci-artifact-5c8686f45c-mmxzz    5m     69Mi     
00:59:26 rearm-postgresql-0                     358m   293Mi    
00:59:26 rearm-rebom-backend-768fd58455-46nwc   0m     126Mi    
00:59:26 rearm-rebom-backend-768fd58455-dp9ps   1m     92Mi     
00:59:26 rearm-rebom-backend-768fd58455-tmqdc   0m     55Mi     
00:59:26 rearm-rebom-backend-768fd58455-vkfb5   7m     88Mi     
00:59:26 rearm-rebom-postgres-0                 14m    157Mi    
00:59:26 rearm-ui-5c9b8ddf9d-krkqk              1m     2Mi      
00:59:26 testreg-66bb8f476c-wt2mf               1m     417Mi    
00:59:26 zottest-ff7cfd65c-xbgvk                876m   341Mi    
00:59:57 rearm-backend-6d79d5dcc8-rj9w4         36m    7727Mi   
00:59:57 rearm-keycloak-0                       2m     724Mi    
00:59:57 rearm-keycloak-postgres-0              1m     34Mi     
00:59:57 rearm-oci-artifact-5c8686f45c-mmxzz    5m     71Mi     
00:59:57 rearm-postgresql-0                     280m   295Mi    
00:59:57 rearm-rebom-backend-768fd58455-46nwc   1m     126Mi    
00:59:57 rearm-rebom-backend-768fd58455-dp9ps   1m     92Mi     
00:59:57 rearm-rebom-backend-768fd58455-tmqdc   1m     55Mi     
00:59:57 rearm-rebom-backend-768fd58455-vkfb5   10m    85Mi     
00:59:57 rearm-rebom-postgres-0                 15m    157Mi    
00:59:57 rearm-ui-5c9b8ddf9d-krkqk              1m     2Mi      
00:59:57 testreg-66bb8f476c-wt2mf               1m     417Mi    
00:59:57 zottest-ff7cfd65c-xbgvk                919m   351Mi    
01:00:28 rearm-backend-6d79d5dcc8-rj9w4         65m    7728Mi   
01:00:28 rearm-keycloak-0                       2m     724Mi    
01:00:28 rearm-keycloak-postgres-0              1m     34Mi     
01:00:28 rearm-oci-artifact-5c8686f45c-mmxzz    4m     72Mi     
01:00:28 rearm-postgresql-0                     319m   294Mi    
01:00:28 rearm-rebom-backend-768fd58455-46nwc   0m     126Mi    
01:00:28 rearm-rebom-backend-768fd58455-dp9ps   0m     92Mi     
01:00:28 rearm-rebom-backend-768fd58455-tmqdc   11m    60Mi     
01:00:28 rearm-rebom-backend-768fd58455-vkfb5   3m     86Mi     
01:00:28 rearm-rebom-postgres-0                 16m    157Mi    
01:00:28 rearm-ui-5c9b8ddf9d-krkqk              1m     2Mi      
01:00:28 testreg-66bb8f476c-wt2mf               1m     417Mi    
01:00:28 zottest-ff7cfd65c-xbgvk                898m   285Mi    
01:00:58 rearm-backend-6d79d5dcc8-rj9w4         36m    7728Mi   
01:00:58 rearm-keycloak-0                       2m     724Mi    
01:00:58 rearm-keycloak-postgres-0              1m     34Mi     
01:00:58 rearm-oci-artifact-5c8686f45c-mmxzz    5m     69Mi     
01:00:58 rearm-postgresql-0                     298m   294Mi    
01:00:58 rearm-rebom-backend-768fd58455-46nwc   0m     126Mi    
01:00:58 rearm-rebom-backend-768fd58455-dp9ps   0m     92Mi     
01:00:58 rearm-rebom-backend-768fd58455-tmqdc   13m    63Mi     
01:00:58 rearm-rebom-backend-768fd58455-vkfb5   0m     86Mi     
01:00:58 rearm-rebom-postgres-0                 16m    157Mi    
01:00:58 rearm-ui-5c9b8ddf9d-krkqk              1m     2Mi      
01:00:58 testreg-66bb8f476c-wt2mf               1m     417Mi    
01:00:58 zottest-ff7cfd65c-xbgvk                906m   327Mi    
01:01:29 rearm-backend-6d79d5dcc8-rj9w4         40m    7728Mi   
01:01:29 rearm-keycloak-0                       2m     724Mi    
01:01:29 rearm-keycloak-postgres-0              1m     34Mi     
01:01:29 rearm-oci-artifact-5c8686f45c-mmxzz    5m     70Mi     
01:01:29 rearm-postgresql-0                     298m   294Mi    
01:01:29 rearm-rebom-backend-768fd58455-46nwc   0m     126Mi    
01:01:29 rearm-rebom-backend-768fd58455-dp9ps   1m     92Mi     
01:01:29 rearm-rebom-backend-768fd58455-tmqdc   9m     72Mi     
01:01:29 rearm-rebom-backend-768fd58455-vkfb5   0m     86Mi     
01:01:29 rearm-rebom-postgres-0                 15m    157Mi    
01:01:29 rearm-ui-5c9b8ddf9d-krkqk              1m     2Mi      
01:01:29 testreg-66bb8f476c-wt2mf               1m     417Mi    
01:01:29 zottest-ff7cfd65c-xbgvk                921m   277Mi    
01:02:00 rearm-backend-6d79d5dcc8-rj9w4         65m    7727Mi   
01:02:00 rearm-keycloak-0                       2m     724Mi    
01:02:00 rearm-keycloak-postgres-0              1m     34Mi     
01:02:00 rearm-oci-artifact-5c8686f45c-mmxzz    6m     67Mi     
01:02:00 rearm-postgresql-0                     371m   287Mi    
01:02:00 rearm-rebom-backend-768fd58455-46nwc   0m     126Mi    
01:02:00 rearm-rebom-backend-768fd58455-dp9ps   0m     92Mi     
01:02:00 rearm-rebom-backend-768fd58455-tmqdc   12m    71Mi     
01:02:00 rearm-rebom-backend-768fd58455-vkfb5   0m     86Mi     
01:02:00 rearm-rebom-postgres-0                 14m    157Mi    
01:02:00 rearm-ui-5c9b8ddf9d-krkqk              1m     2Mi      
01:02:00 testreg-66bb8f476c-wt2mf               1m     417Mi    
01:02:00 zottest-ff7cfd65c-xbgvk                819m   318Mi    
01:02:31 rearm-backend-6d79d5dcc8-rj9w4         39m    7727Mi   
01:02:31 rearm-keycloak-0                       2m     724Mi    
01:02:31 rearm-keycloak-postgres-0              1m     34Mi     
01:02:31 rearm-oci-artifact-5c8686f45c-mmxzz    5m     67Mi     
01:02:31 rearm-postgresql-0                     323m   287Mi    
01:02:31 rearm-rebom-backend-768fd58455-46nwc   0m     126Mi    
01:02:31 rearm-rebom-backend-768fd58455-dp9ps   0m     92Mi     
01:02:31 rearm-rebom-backend-768fd58455-tmqdc   8m     72Mi     
01:02:31 rearm-rebom-backend-768fd58455-vkfb5   0m     86Mi     
01:02:31 rearm-rebom-postgres-0                 15m    157Mi    
01:02:31 rearm-ui-5c9b8ddf9d-krkqk              1m     2Mi      
01:02:31 testreg-66bb8f476c-wt2mf               1m     417Mi    
01:02:31 zottest-ff7cfd65c-xbgvk                940m   324Mi    
01:03:01 rearm-backend-6d79d5dcc8-rj9w4         35m    7727Mi   
01:03:01 rearm-keycloak-0                       2m     724Mi    
01:03:01 rearm-keycloak-postgres-0              1m     34Mi     
01:03:01 rearm-oci-artifact-5c8686f45c-mmxzz    5m     66Mi     
01:03:01 rearm-postgresql-0                     331m   272Mi    
01:03:01 rearm-rebom-backend-768fd58455-46nwc   1m     126Mi    
01:03:01 rearm-rebom-backend-768fd58455-dp9ps   1m     92Mi     
01:03:01 rearm-rebom-backend-768fd58455-tmqdc   8m     75Mi     
01:03:01 rearm-rebom-backend-768fd58455-vkfb5   1m     86Mi     
01:03:01 rearm-rebom-postgres-0                 14m    157Mi    
01:03:01 rearm-ui-5c9b8ddf9d-krkqk              1m     2Mi      
01:03:01 testreg-66bb8f476c-wt2mf               1m     417Mi    
01:03:01 zottest-ff7cfd65c-xbgvk                897m   316Mi    
01:03:32 rearm-backend-6d79d5dcc8-rj9w4         61m    7727Mi   
01:03:32 rearm-keycloak-0                       2m     724Mi    
01:03:32 rearm-keycloak-postgres-0              1m     34Mi     
01:03:32 rearm-oci-artifact-5c8686f45c-mmxzz    6m     66Mi     
01:03:32 rearm-postgresql-0                     332m   270Mi    
01:03:32 rearm-rebom-backend-768fd58455-46nwc   0m     126Mi    
01:03:32 rearm-rebom-backend-768fd58455-dp9ps   1m     92Mi     
01:03:32 rearm-rebom-backend-768fd58455-tmqdc   15m    77Mi     
01:03:32 rearm-rebom-backend-768fd58455-vkfb5   1m     86Mi     
01:03:32 rearm-rebom-postgres-0                 16m    157Mi    
01:03:32 rearm-ui-5c9b8ddf9d-krkqk              1m     2Mi      
01:03:32 testreg-66bb8f476c-wt2mf               1m     417Mi    
01:03:32 zottest-ff7cfd65c-xbgvk                910m   347Mi    
01:04:03 rearm-backend-6d79d5dcc8-rj9w4         35m    7727Mi   
01:04:03 rearm-keycloak-0                       2m     724Mi    
01:04:03 rearm-keycloak-postgres-0              1m     34Mi     
01:04:03 rearm-oci-artifact-5c8686f45c-mmxzz    5m     66Mi     
01:04:03 rearm-postgresql-0                     329m   262Mi    
01:04:03 rearm-rebom-backend-768fd58455-46nwc   1m     126Mi    
01:04:03 rearm-rebom-backend-768fd58455-dp9ps   0m     92Mi     
01:04:03 rearm-rebom-backend-768fd58455-tmqdc   9m     86Mi     
01:04:03 rearm-rebom-backend-768fd58455-vkfb5   0m     86Mi     
01:04:03 rearm-rebom-postgres-0                 14m    157Mi    
01:04:03 rearm-ui-5c9b8ddf9d-krkqk              1m     2Mi      
01:04:03 testreg-66bb8f476c-wt2mf               1m     417Mi    
01:04:03 zottest-ff7cfd65c-xbgvk                901m   326Mi    
01:04:34 rearm-backend-6d79d5dcc8-rj9w4         39m    7727Mi   
01:04:34 rearm-keycloak-0                       2m     724Mi    
01:04:34 rearm-keycloak-postgres-0              1m     34Mi     
01:04:34 rearm-oci-artifact-5c8686f45c-mmxzz    5m     66Mi     
01:04:34 rearm-postgresql-0                     348m   269Mi    
01:04:34 rearm-rebom-backend-768fd58455-46nwc   0m     126Mi    
01:04:34 rearm-rebom-backend-768fd58455-dp9ps   0m     92Mi     
01:04:34 rearm-rebom-backend-768fd58455-tmqdc   7m     87Mi     
01:04:34 rearm-rebom-backend-768fd58455-vkfb5   1m     86Mi     
01:04:34 rearm-rebom-postgres-0                 14m    157Mi    
01:04:34 rearm-ui-5c9b8ddf9d-krkqk              1m     2Mi      
01:04:34 testreg-66bb8f476c-wt2mf               1m     417Mi    
01:04:34 zottest-ff7cfd65c-xbgvk                913m   354Mi    
01:05:05 rearm-backend-6d79d5dcc8-rj9w4         85m    7727Mi   
01:05:05 rearm-keycloak-0                       2m     724Mi    
01:05:05 rearm-keycloak-postgres-0              1m     34Mi     
01:05:05 rearm-oci-artifact-5c8686f45c-mmxzz    5m     69Mi     
01:05:05 rearm-postgresql-0                     317m   266Mi    
01:05:05 rearm-rebom-backend-768fd58455-46nwc   0m     126Mi    
01:05:05 rearm-rebom-backend-768fd58455-dp9ps   0m     92Mi     
01:05:05 rearm-rebom-backend-768fd58455-tmqdc   12m    86Mi     
01:05:05 rearm-rebom-backend-768fd58455-vkfb5   0m     86Mi     
01:05:05 rearm-rebom-postgres-0                 13m    157Mi    
01:05:05 rearm-ui-5c9b8ddf9d-krkqk              1m     2Mi      
01:05:05 testreg-66bb8f476c-wt2mf               1m     417Mi    
01:05:05 zottest-ff7cfd65c-xbgvk                900m   330Mi    
01:05:35 rearm-backend-6d79d5dcc8-rj9w4         32m    7727Mi   
01:05:35 rearm-keycloak-0                       2m     724Mi    
01:05:35 rearm-keycloak-postgres-0              1m     34Mi     
01:05:35 rearm-oci-artifact-5c8686f45c-mmxzz    5m     70Mi     
01:05:35 rearm-postgresql-0                     295m   269Mi    
01:05:35 rearm-rebom-backend-768fd58455-46nwc   1m     126Mi    
01:05:35 rearm-rebom-backend-768fd58455-dp9ps   0m     92Mi     
01:05:35 rearm-rebom-backend-768fd58455-tmqdc   7m     87Mi     
01:05:35 rearm-rebom-backend-768fd58455-vkfb5   0m     86Mi     
01:05:35 rearm-rebom-postgres-0                 15m    157Mi    
01:05:35 rearm-ui-5c9b8ddf9d-krkqk              1m     2Mi      
01:05:35 testreg-66bb8f476c-wt2mf               1m     417Mi    
01:05:35 zottest-ff7cfd65c-xbgvk                930m   285Mi    
01:06:06 rearm-backend-6d79d5dcc8-rj9w4         33m    7727Mi   
01:06:06 rearm-keycloak-0                       2m     724Mi    
01:06:06 rearm-keycloak-postgres-0              1m     34Mi     
01:06:06 rearm-oci-artifact-5c8686f45c-mmxzz    5m     69Mi     
01:06:06 rearm-postgresql-0                     295m   268Mi    
01:06:06 rearm-rebom-backend-768fd58455-46nwc   1m     126Mi    
01:06:06 rearm-rebom-backend-768fd58455-dp9ps   1m     92Mi     
01:06:06 rearm-rebom-backend-768fd58455-tmqdc   7m     88Mi     
01:06:06 rearm-rebom-backend-768fd58455-vkfb5   0m     86Mi     
01:06:06 rearm-rebom-postgres-0                 14m    157Mi    
01:06:06 rearm-ui-5c9b8ddf9d-krkqk              1m     2Mi      
01:06:06 testreg-66bb8f476c-wt2mf               1m     417Mi    
01:06:06 zottest-ff7cfd65c-xbgvk                901m   332Mi    
01:06:37 rearm-backend-6d79d5dcc8-rj9w4         53m    7727Mi   
01:06:37 rearm-keycloak-0                       2m     724Mi    
01:06:37 rearm-keycloak-postgres-0              1m     34Mi     
01:06:37 rearm-oci-artifact-5c8686f45c-mmxzz    5m     65Mi     
01:06:37 rearm-postgresql-0                     320m   270Mi    
01:06:37 rearm-rebom-backend-768fd58455-46nwc   0m     126Mi    
01:06:37 rearm-rebom-backend-768fd58455-dp9ps   1m     92Mi     
01:06:37 rearm-rebom-backend-768fd58455-tmqdc   11m    86Mi     
01:06:37 rearm-rebom-backend-768fd58455-vkfb5   1m     86Mi     
01:06:37 rearm-rebom-postgres-0                 15m    165Mi    
01:06:37 rearm-ui-5c9b8ddf9d-krkqk              1m     2Mi      
01:06:37 testreg-66bb8f476c-wt2mf               1m     417Mi    
01:06:37 zottest-ff7cfd65c-xbgvk                894m   313Mi    
01:07:08 rearm-backend-6d79d5dcc8-rj9w4         33m    7727Mi   
01:07:08 rearm-keycloak-0                       2m     724Mi    
01:07:08 rearm-keycloak-postgres-0              1m     34Mi     
01:07:08 rearm-oci-artifact-5c8686f45c-mmxzz    5m     65Mi     
01:07:08 rearm-postgresql-0                     280m   266Mi    
01:07:08 rearm-rebom-backend-768fd58455-46nwc   1m     127Mi    
01:07:08 rearm-rebom-backend-768fd58455-dp9ps   1m     92Mi     
01:07:08 rearm-rebom-backend-768fd58455-tmqdc   10m    86Mi     
01:07:08 rearm-rebom-backend-768fd58455-vkfb5   1m     86Mi     
01:07:08 rearm-rebom-postgres-0                 14m    157Mi    
01:07:08 rearm-ui-5c9b8ddf9d-krkqk              1m     2Mi      
01:07:08 testreg-66bb8f476c-wt2mf               1m     417Mi    
01:07:08 zottest-ff7cfd65c-xbgvk                904m   296Mi    
01:07:38 rearm-backend-6d79d5dcc8-rj9w4         104m   7728Mi   
01:07:38 rearm-keycloak-0                       2m     724Mi    
01:07:38 rearm-keycloak-postgres-0              1m     34Mi     
01:07:38 rearm-oci-artifact-5c8686f45c-mmxzz    7m     67Mi     
01:07:38 rearm-postgresql-0                     314m   267Mi    
01:07:38 rearm-rebom-backend-768fd58455-46nwc   0m     127Mi    
01:07:38 rearm-rebom-backend-768fd58455-dp9ps   1m     92Mi     
01:07:38 rearm-rebom-backend-768fd58455-tmqdc   9m     111Mi    
01:07:38 rearm-rebom-backend-768fd58455-vkfb5   1m     86Mi     
01:07:38 rearm-rebom-postgres-0                 22m    157Mi    
01:07:38 rearm-ui-5c9b8ddf9d-krkqk              1m     2Mi      
01:07:38 testreg-66bb8f476c-wt2mf               1m     417Mi    
01:07:38 zottest-ff7cfd65c-xbgvk                850m   311Mi    
01:08:09 rearm-backend-6d79d5dcc8-rj9w4         37m    7185Mi   
01:08:09 rearm-keycloak-0                       2m     724Mi    
01:08:09 rearm-keycloak-postgres-0              1m     34Mi     
01:08:09 rearm-oci-artifact-5c8686f45c-mmxzz    5m     66Mi     
01:08:09 rearm-postgresql-0                     287m   270Mi    
01:08:09 rearm-rebom-backend-768fd58455-46nwc   1m     127Mi    
01:08:09 rearm-rebom-backend-768fd58455-dp9ps   1m     92Mi     
01:08:09 rearm-rebom-backend-768fd58455-tmqdc   7m     113Mi    
01:08:09 rearm-rebom-backend-768fd58455-vkfb5   1m     86Mi     
01:08:09 rearm-rebom-postgres-0                 14m    157Mi    
01:08:09 rearm-ui-5c9b8ddf9d-krkqk              1m     2Mi      
01:08:09 testreg-66bb8f476c-wt2mf               1m     417Mi    
01:08:09 zottest-ff7cfd65c-xbgvk                904m   333Mi    
01:08:40 rearm-backend-6d79d5dcc8-rj9w4         55m    6733Mi   
01:08:40 rearm-keycloak-0                       2m     724Mi    
01:08:40 rearm-keycloak-postgres-0              1m     34Mi     
01:08:40 rearm-oci-artifact-5c8686f45c-mmxzz    5m     69Mi     
01:08:40 rearm-postgresql-0                     273m   269Mi    
01:08:40 rearm-rebom-backend-768fd58455-46nwc   1m     127Mi    
01:08:40 rearm-rebom-backend-768fd58455-dp9ps   0m     92Mi     
01:08:40 rearm-rebom-backend-768fd58455-tmqdc   9m     112Mi    
01:08:40 rearm-rebom-backend-768fd58455-vkfb5   0m     86Mi     
01:08:40 rearm-rebom-postgres-0                 13m    157Mi    
01:08:40 rearm-ui-5c9b8ddf9d-krkqk              1m     2Mi      
01:08:40 testreg-66bb8f476c-wt2mf               1m     417Mi    
01:08:40 zottest-ff7cfd65c-xbgvk                914m   346Mi    
01:09:11 rearm-backend-6d79d5dcc8-rj9w4         36m    6281Mi   
01:09:11 rearm-keycloak-0                       2m     724Mi    
01:09:11 rearm-keycloak-postgres-0              1m     34Mi     
01:09:11 rearm-oci-artifact-5c8686f45c-mmxzz    5m     68Mi     
01:09:11 rearm-postgresql-0                     315m   269Mi    
01:09:11 rearm-rebom-backend-768fd58455-46nwc   0m     127Mi    
01:09:11 rearm-rebom-backend-768fd58455-dp9ps   1m     92Mi     
01:09:11 rearm-rebom-backend-768fd58455-tmqdc   7m     113Mi    
01:09:11 rearm-rebom-backend-768fd58455-vkfb5   1m     86Mi     
01:09:11 rearm-rebom-postgres-0                 14m    157Mi    
01:09:11 rearm-ui-5c9b8ddf9d-krkqk              1m     2Mi      
01:09:11 testreg-66bb8f476c-wt2mf               1m     417Mi    
01:09:11 zottest-ff7cfd65c-xbgvk                917m   353Mi    
01:09:41 rearm-backend-6d79d5dcc8-rj9w4         33m    5739Mi   
01:09:41 rearm-keycloak-0                       2m     724Mi    
01:09:41 rearm-keycloak-postgres-0              1m     34Mi     
01:09:41 rearm-oci-artifact-5c8686f45c-mmxzz    5m     68Mi     
01:09:41 rearm-postgresql-0                     282m   270Mi    
01:09:41 rearm-rebom-backend-768fd58455-46nwc   0m     127Mi    
01:09:41 rearm-rebom-backend-768fd58455-dp9ps   1m     92Mi     
01:09:41 rearm-rebom-backend-768fd58455-tmqdc   7m     114Mi    
01:09:41 rearm-rebom-backend-768fd58455-vkfb5   1m     86Mi     
01:09:41 rearm-rebom-postgres-0                 14m    157Mi    
01:09:41 rearm-ui-5c9b8ddf9d-krkqk              1m     2Mi      
01:09:41 testreg-66bb8f476c-wt2mf               1m     417Mi    
01:09:41 zottest-ff7cfd65c-xbgvk                917m   332Mi    
01:10:12 rearm-backend-6d79d5dcc8-rj9w4         35m    5287Mi   
01:10:12 rearm-keycloak-0                       2m     724Mi    
01:10:12 rearm-keycloak-postgres-0              1m     34Mi     
01:10:12 rearm-oci-artifact-5c8686f45c-mmxzz    4m     66Mi     
01:10:12 rearm-postgresql-0                     303m   270Mi    
01:10:12 rearm-rebom-backend-768fd58455-46nwc   1m     127Mi    
01:10:12 rearm-rebom-backend-768fd58455-dp9ps   0m     92Mi     
01:10:12 rearm-rebom-backend-768fd58455-tmqdc   6m     115Mi    
01:10:12 rearm-rebom-backend-768fd58455-vkfb5   1m     86Mi     
01:10:12 rearm-rebom-postgres-0                 14m    157Mi    
01:10:12 rearm-ui-5c9b8ddf9d-krkqk              1m     2Mi      
01:10:12 testreg-66bb8f476c-wt2mf               1m     417Mi    
01:10:12 zottest-ff7cfd65c-xbgvk                900m   328Mi    
01:10:43 rearm-backend-6d79d5dcc8-rj9w4         96m    4746Mi   
01:10:43 rearm-keycloak-0                       2m     724Mi    
01:10:43 rearm-keycloak-postgres-0              1m     34Mi     
01:10:43 rearm-oci-artifact-5c8686f45c-mmxzz    5m     67Mi     
01:10:43 rearm-postgresql-0                     350m   270Mi    
01:10:43 rearm-rebom-backend-768fd58455-46nwc   1m     127Mi    
01:10:43 rearm-rebom-backend-768fd58455-dp9ps   1m     92Mi     
01:10:43 rearm-rebom-backend-768fd58455-tmqdc   0m     115Mi    
01:10:43 rearm-rebom-backend-768fd58455-vkfb5   10m    62Mi     
01:10:43 rearm-rebom-postgres-0                 21m    157Mi    
01:10:43 rearm-ui-5c9b8ddf9d-krkqk              1m     2Mi      
01:10:43 testreg-66bb8f476c-wt2mf               1m     417Mi    
01:10:43 zottest-ff7cfd65c-xbgvk                910m   324Mi    
01:11:14 rearm-backend-6d79d5dcc8-rj9w4         32m    4703Mi   
01:11:14 rearm-keycloak-0                       2m     724Mi    
01:11:14 rearm-keycloak-postgres-0              1m     34Mi     
01:11:14 rearm-oci-artifact-5c8686f45c-mmxzz    5m     67Mi     
01:11:14 rearm-postgresql-0                     309m   270Mi    
01:11:14 rearm-rebom-backend-768fd58455-46nwc   1m     127Mi    
01:11:14 rearm-rebom-backend-768fd58455-dp9ps   0m     92Mi     
01:11:14 rearm-rebom-backend-768fd58455-tmqdc   0m     115Mi    
01:11:14 rearm-rebom-backend-768fd58455-vkfb5   7m     64Mi     
01:11:14 rearm-rebom-postgres-0                 14m    157Mi    
01:11:14 rearm-ui-5c9b8ddf9d-krkqk              1m     2Mi      
01:11:14 testreg-66bb8f476c-wt2mf               1m     417Mi    
01:11:14 zottest-ff7cfd65c-xbgvk                909m   345Mi    
01:11:44 rearm-backend-6d79d5dcc8-rj9w4         31m    4703Mi   
01:11:44 rearm-keycloak-0                       2m     724Mi    
01:11:44 rearm-keycloak-postgres-0              1m     34Mi     
01:11:44 rearm-oci-artifact-5c8686f45c-mmxzz    4m     68Mi     
01:11:44 rearm-postgresql-0                     303m   267Mi    
01:11:44 rearm-rebom-backend-768fd58455-46nwc   0m     127Mi    
01:11:44 rearm-rebom-backend-768fd58455-dp9ps   1m     92Mi     
01:11:44 rearm-rebom-backend-768fd58455-tmqdc   0m     115Mi    
01:11:44 rearm-rebom-backend-768fd58455-vkfb5   11m    66Mi     
01:11:44 rearm-rebom-postgres-0                 14m    157Mi    
01:11:44 rearm-ui-5c9b8ddf9d-krkqk              1m     2Mi      
01:11:44 testreg-66bb8f476c-wt2mf               1m     417Mi    
01:11:44 zottest-ff7cfd65c-xbgvk                893m   346Mi    
01:12:15 rearm-backend-6d79d5dcc8-rj9w4         34m    4703Mi   
01:12:15 rearm-keycloak-0                       2m     724Mi    
01:12:15 rearm-keycloak-postgres-0              1m     34Mi     
01:12:15 rearm-oci-artifact-5c8686f45c-mmxzz    4m     69Mi     
01:12:15 rearm-postgresql-0                     314m   267Mi    
01:12:15 rearm-rebom-backend-768fd58455-46nwc   1m     127Mi    
01:12:15 rearm-rebom-backend-768fd58455-dp9ps   1m     92Mi     
01:12:15 rearm-rebom-backend-768fd58455-tmqdc   1m     115Mi    
01:12:15 rearm-rebom-backend-768fd58455-vkfb5   7m     71Mi     
01:12:15 rearm-rebom-postgres-0                 13m    157Mi    
01:12:15 rearm-ui-5c9b8ddf9d-krkqk              1m     2Mi      
01:12:15 testreg-66bb8f476c-wt2mf               1m     417Mi    
01:12:15 zottest-ff7cfd65c-xbgvk                898m   315Mi    
01:12:46 rearm-backend-6d79d5dcc8-rj9w4         32m    4703Mi   
01:12:46 rearm-keycloak-0                       2m     724Mi    
01:12:46 rearm-keycloak-postgres-0              1m     34Mi     
01:12:46 rearm-oci-artifact-5c8686f45c-mmxzz    4m     69Mi     
01:12:46 rearm-postgresql-0                     305m   271Mi    
01:12:46 rearm-rebom-backend-768fd58455-46nwc   0m     127Mi    
01:12:46 rearm-rebom-backend-768fd58455-dp9ps   0m     92Mi     
01:12:46 rearm-rebom-backend-768fd58455-tmqdc   0m     115Mi    
01:12:46 rearm-rebom-backend-768fd58455-vkfb5   7m     72Mi     
01:12:46 rearm-rebom-postgres-0                 14m    157Mi    
01:12:46 rearm-ui-5c9b8ddf9d-krkqk              1m     2Mi      
01:12:46 testreg-66bb8f476c-wt2mf               1m     417Mi    
01:12:46 zottest-ff7cfd65c-xbgvk                913m   353Mi    
01:13:17 rearm-backend-6d79d5dcc8-rj9w4         49m    4703Mi   
01:13:17 rearm-keycloak-0                       2m     724Mi    
01:13:17 rearm-keycloak-postgres-0              1m     34Mi     
01:13:17 rearm-oci-artifact-5c8686f45c-mmxzz    5m     68Mi     
01:13:17 rearm-postgresql-0                     308m   272Mi    
01:13:17 rearm-rebom-backend-768fd58455-46nwc   1m     127Mi    
01:13:17 rearm-rebom-backend-768fd58455-dp9ps   1m     92Mi     
01:13:17 rearm-rebom-backend-768fd58455-tmqdc   0m     115Mi    
01:13:17 rearm-rebom-backend-768fd58455-vkfb5   6m     74Mi     
01:13:17 rearm-rebom-postgres-0                 14m    157Mi    
01:13:17 rearm-ui-5c9b8ddf9d-krkqk              1m     2Mi      
01:13:17 testreg-66bb8f476c-wt2mf               1m     417Mi    
01:13:17 zottest-ff7cfd65c-xbgvk                891m   320Mi    
01:13:47 rearm-backend-6d79d5dcc8-rj9w4         69m    4703Mi   
01:13:47 rearm-keycloak-0                       2m     724Mi    
01:13:47 rearm-keycloak-postgres-0              1m     34Mi     
01:13:47 rearm-oci-artifact-5c8686f45c-mmxzz    5m     68Mi     
01:13:47 rearm-postgresql-0                     325m   397Mi    
01:13:47 rearm-rebom-backend-768fd58455-46nwc   1m     127Mi    
01:13:47 rearm-rebom-backend-768fd58455-dp9ps   1m     92Mi     
01:13:47 rearm-rebom-backend-768fd58455-tmqdc   1m     115Mi    
01:13:47 rearm-rebom-backend-768fd58455-vkfb5   12m    72Mi     
01:13:47 rearm-rebom-postgres-0                 13m    157Mi    
01:13:47 rearm-ui-5c9b8ddf9d-krkqk              1m     2Mi      
01:13:47 testreg-66bb8f476c-wt2mf               1m     417Mi    
01:13:47 zottest-ff7cfd65c-xbgvk                783m   326Mi    
01:14:18 rearm-backend-6d79d5dcc8-rj9w4         36m    4703Mi   
01:14:18 rearm-keycloak-0                       2m     724Mi    
01:14:18 rearm-keycloak-postgres-0              1m     34Mi     
01:14:18 rearm-oci-artifact-5c8686f45c-mmxzz    4m     68Mi     
01:14:18 rearm-postgresql-0                     295m   397Mi    
01:14:18 rearm-rebom-backend-768fd58455-46nwc   1m     127Mi    
01:14:18 rearm-rebom-backend-768fd58455-dp9ps   1m     92Mi     
01:14:18 rearm-rebom-backend-768fd58455-tmqdc   1m     115Mi    
01:14:18 rearm-rebom-backend-768fd58455-vkfb5   6m     83Mi     
01:14:18 rearm-rebom-postgres-0                 14m    157Mi    
01:14:18 rearm-ui-5c9b8ddf9d-krkqk              1m     2Mi      
01:14:18 testreg-66bb8f476c-wt2mf               1m     417Mi    
01:14:18 zottest-ff7cfd65c-xbgvk                887m   311Mi    
01:14:49 rearm-backend-6d79d5dcc8-rj9w4         31m    4703Mi   
01:14:49 rearm-keycloak-0                       2m     724Mi    
01:14:49 rearm-keycloak-postgres-0              1m     34Mi     
01:14:49 rearm-oci-artifact-5c8686f45c-mmxzz    4m     69Mi     
01:14:49 rearm-postgresql-0                     309m   397Mi    
01:14:49 rearm-rebom-backend-768fd58455-46nwc   1m     127Mi    
01:14:49 rearm-rebom-backend-768fd58455-dp9ps   1m     92Mi     
01:14:49 rearm-rebom-backend-768fd58455-tmqdc   0m     115Mi    
01:14:49 rearm-rebom-backend-768fd58455-vkfb5   6m     84Mi     
01:14:49 rearm-rebom-postgres-0                 12m    157Mi    
01:14:49 rearm-ui-5c9b8ddf9d-krkqk              1m     2Mi      
01:14:49 testreg-66bb8f476c-wt2mf               1m     417Mi    
01:14:49 zottest-ff7cfd65c-xbgvk                903m   322Mi    
01:15:20 rearm-backend-6d79d5dcc8-rj9w4         30m    4703Mi   
01:15:20 rearm-keycloak-0                       2m     724Mi    
01:15:20 rearm-keycloak-postgres-0              1m     34Mi     
01:15:20 rearm-oci-artifact-5c8686f45c-mmxzz    4m     68Mi     
01:15:20 rearm-postgresql-0                     323m   397Mi    
01:15:20 rearm-rebom-backend-768fd58455-46nwc   3m     127Mi    
01:15:20 rearm-rebom-backend-768fd58455-dp9ps   1m     92Mi     
01:15:20 rearm-rebom-backend-768fd58455-tmqdc   0m     115Mi    
01:15:20 rearm-rebom-backend-768fd58455-vkfb5   6m     87Mi     
01:15:20 rearm-rebom-postgres-0                 14m    157Mi    
01:15:20 rearm-ui-5c9b8ddf9d-krkqk              1m     2Mi      
01:15:20 testreg-66bb8f476c-wt2mf               1m     417Mi    
01:15:20 zottest-ff7cfd65c-xbgvk                903m   312Mi    
01:15:51 rearm-backend-6d79d5dcc8-rj9w4         37m    4613Mi   
01:15:51 rearm-keycloak-0                       2m     724Mi    
01:15:51 rearm-keycloak-postgres-0              1m     34Mi     
01:15:51 rearm-oci-artifact-5c8686f45c-mmxzz    5m     66Mi     
01:15:51 rearm-postgresql-0                     303m   393Mi    
01:15:51 rearm-rebom-backend-768fd58455-46nwc   6m     79Mi     
01:15:51 rearm-rebom-backend-768fd58455-dp9ps   1m     92Mi     
01:15:51 rearm-rebom-backend-768fd58455-tmqdc   1m     115Mi    
01:15:51 rearm-rebom-backend-768fd58455-vkfb5   1m     87Mi     
01:15:51 rearm-rebom-postgres-0                 14m    157Mi    
01:15:51 rearm-ui-5c9b8ddf9d-krkqk              1m     2Mi      
01:15:51 testreg-66bb8f476c-wt2mf               1m     417Mi    
01:15:51 zottest-ff7cfd65c-xbgvk                917m   273Mi    
01:16:21 rearm-backend-6d79d5dcc8-rj9w4         39m    4341Mi   
01:16:21 rearm-keycloak-0                       2m     724Mi    
01:16:21 rearm-keycloak-postgres-0              1m     34Mi     
01:16:21 rearm-oci-artifact-5c8686f45c-mmxzz    4m     67Mi     
01:16:21 rearm-postgresql-0                     296m   396Mi    
01:16:21 rearm-rebom-backend-768fd58455-46nwc   10m    76Mi     
01:16:21 rearm-rebom-backend-768fd58455-dp9ps   0m     92Mi     
01:16:21 rearm-rebom-backend-768fd58455-tmqdc   1m     115Mi    
01:16:21 rearm-rebom-backend-768fd58455-vkfb5   0m     87Mi     
01:16:21 rearm-rebom-postgres-0                 13m    157Mi    
01:16:21 rearm-ui-5c9b8ddf9d-krkqk              1m     2Mi      
01:16:21 testreg-66bb8f476c-wt2mf               1m     417Mi    
01:16:21 zottest-ff7cfd65c-xbgvk                926m   287Mi    
01:16:52 rearm-backend-6d79d5dcc8-rj9w4         35m    4070Mi   
01:16:52 rearm-keycloak-0                       2m     724Mi    
01:16:52 rearm-keycloak-postgres-0              1m     34Mi     
01:16:52 rearm-oci-artifact-5c8686f45c-mmxzz    4m     68Mi     
01:16:52 rearm-postgresql-0                     303m   388Mi    
01:16:52 rearm-rebom-backend-768fd58455-46nwc   6m     77Mi     
01:16:52 rearm-rebom-backend-768fd58455-dp9ps   0m     92Mi     
01:16:52 rearm-rebom-backend-768fd58455-tmqdc   0m     115Mi    
01:16:52 rearm-rebom-backend-768fd58455-vkfb5   1m     87Mi     
01:16:52 rearm-rebom-postgres-0                 19m    157Mi    
01:16:52 rearm-ui-5c9b8ddf9d-krkqk              1m     2Mi      
01:16:52 testreg-66bb8f476c-wt2mf               1m     417Mi    
01:16:52 zottest-ff7cfd65c-xbgvk                898m   347Mi    
01:17:23 rearm-backend-6d79d5dcc8-rj9w4         133m   3890Mi   
01:17:23 rearm-keycloak-0                       2m     724Mi    
01:17:23 rearm-keycloak-postgres-0              1m     34Mi     
01:17:23 rearm-oci-artifact-5c8686f45c-mmxzz    4m     67Mi     
01:17:23 rearm-postgresql-0                     505m   405Mi    
01:17:23 rearm-rebom-backend-768fd58455-46nwc   6m     85Mi     
01:17:23 rearm-rebom-backend-768fd58455-dp9ps   0m     92Mi     
01:17:23 rearm-rebom-backend-768fd58455-tmqdc   1m     115Mi    
01:17:23 rearm-rebom-backend-768fd58455-vkfb5   0m     87Mi     
01:17:23 rearm-rebom-postgres-0                 13m    157Mi    
01:17:23 rearm-ui-5c9b8ddf9d-krkqk              1m     2Mi      
01:17:23 testreg-66bb8f476c-wt2mf               1m     417Mi    
01:17:23 zottest-ff7cfd65c-xbgvk                897m   328Mi    
01:17:54 rearm-backend-6d79d5dcc8-rj9w4         966m   7580Mi   
01:17:54 rearm-keycloak-0                       2m     724Mi    
01:17:54 rearm-keycloak-postgres-0              1m     34Mi     
01:17:54 rearm-oci-artifact-5c8686f45c-mmxzz    4m     67Mi     
01:17:54 rearm-postgresql-0                     803m   416Mi    
01:17:54 rearm-rebom-backend-768fd58455-46nwc   5m     86Mi     
01:17:54 rearm-rebom-backend-768fd58455-dp9ps   0m     92Mi     
01:17:54 rearm-rebom-backend-768fd58455-tmqdc   1m     115Mi    
01:17:54 rearm-rebom-backend-768fd58455-vkfb5   0m     87Mi     
01:17:54 rearm-rebom-postgres-0                 13m    157Mi    
01:17:54 rearm-ui-5c9b8ddf9d-krkqk              1m     2Mi      
01:17:54 testreg-66bb8f476c-wt2mf               1m     417Mi    
01:17:54 zottest-ff7cfd65c-xbgvk                811m   348Mi    
01:18:25 rearm-backend-6d79d5dcc8-rj9w4         341m   7618Mi   
01:18:25 rearm-keycloak-0                       2m     724Mi    
01:18:25 rearm-keycloak-postgres-0              1m     34Mi     
01:18:25 rearm-oci-artifact-5c8686f45c-mmxzz    4m     67Mi     
01:18:25 rearm-postgresql-0                     492m   416Mi    
01:18:25 rearm-rebom-backend-768fd58455-46nwc   6m     88Mi     
01:18:25 rearm-rebom-backend-768fd58455-dp9ps   1m     92Mi     
01:18:25 rearm-rebom-backend-768fd58455-tmqdc   0m     115Mi    
01:18:25 rearm-rebom-backend-768fd58455-vkfb5   0m     87Mi     
01:18:25 rearm-rebom-postgres-0                 13m    157Mi    
01:18:25 rearm-ui-5c9b8ddf9d-krkqk              1m     2Mi      
01:18:25 testreg-66bb8f476c-wt2mf               1m     417Mi    
01:18:25 zottest-ff7cfd65c-xbgvk                849m   307Mi    
01:18:55 rearm-backend-6d79d5dcc8-rj9w4         32m    7618Mi   
01:18:55 rearm-keycloak-0                       2m     724Mi    
01:18:55 rearm-keycloak-postgres-0              1m     34Mi     
01:18:55 rearm-oci-artifact-5c8686f45c-mmxzz    4m     68Mi     
01:18:55 rearm-postgresql-0                     265m   416Mi    
01:18:55 rearm-rebom-backend-768fd58455-46nwc   6m     90Mi     
01:18:55 rearm-rebom-backend-768fd58455-dp9ps   1m     92Mi     
01:18:55 rearm-rebom-backend-768fd58455-tmqdc   0m     115Mi    
01:18:55 rearm-rebom-backend-768fd58455-vkfb5   1m     87Mi     
01:18:55 rearm-rebom-postgres-0                 12m    157Mi    
01:18:55 rearm-ui-5c9b8ddf9d-krkqk              1m     2Mi      
01:18:55 testreg-66bb8f476c-wt2mf               1m     417Mi    
01:18:55 zottest-ff7cfd65c-xbgvk                920m   355Mi    
01:19:26 rearm-backend-6d79d5dcc8-rj9w4         53m    7618Mi   
01:19:26 rearm-keycloak-0                       2m     724Mi    
01:19:26 rearm-keycloak-postgres-0              1m     34Mi     
01:19:26 rearm-oci-artifact-5c8686f45c-mmxzz    4m     67Mi     
01:19:26 rearm-postgresql-0                     281m   417Mi    
01:19:26 rearm-rebom-backend-768fd58455-46nwc   7m     87Mi     
01:19:26 rearm-rebom-backend-768fd58455-dp9ps   1m     92Mi     
01:19:26 rearm-rebom-backend-768fd58455-tmqdc   1m     115Mi    
01:19:26 rearm-rebom-backend-768fd58455-vkfb5   0m     87Mi     
01:19:26 rearm-rebom-postgres-0                 13m    157Mi    
01:19:26 rearm-ui-5c9b8ddf9d-krkqk              1m     2Mi      
01:19:26 testreg-66bb8f476c-wt2mf               1m     417Mi    
01:19:26 zottest-ff7cfd65c-xbgvk                927m   332Mi    
01:19:57 rearm-backend-6d79d5dcc8-rj9w4         60m    7618Mi   
01:19:57 rearm-keycloak-0                       2m     724Mi    
01:19:57 rearm-keycloak-postgres-0              1m     34Mi     
01:19:57 rearm-oci-artifact-5c8686f45c-mmxzz    6m     69Mi     
01:19:57 rearm-postgresql-0                     274m   414Mi    
01:19:57 rearm-rebom-backend-768fd58455-46nwc   11m    86Mi     
01:19:57 rearm-rebom-backend-768fd58455-dp9ps   1m     92Mi     
01:19:57 rearm-rebom-backend-768fd58455-tmqdc   0m     115Mi    
01:19:57 rearm-rebom-backend-768fd58455-vkfb5   1m     87Mi     
01:19:57 rearm-rebom-postgres-0                 12m    157Mi    
01:19:57 rearm-ui-5c9b8ddf9d-krkqk              1m     2Mi      
01:19:57 testreg-66bb8f476c-wt2mf               1m     417Mi    
01:19:57 zottest-ff7cfd65c-xbgvk                929m   367Mi    
01:20:28 rearm-backend-6d79d5dcc8-rj9w4         53m    7618Mi   
01:20:28 rearm-keycloak-0                       2m     724Mi    
01:20:28 rearm-keycloak-postgres-0              1m     34Mi     
01:20:28 rearm-oci-artifact-5c8686f45c-mmxzz    4m     71Mi     
01:20:28 rearm-postgresql-0                     269m   414Mi    
01:20:28 rearm-rebom-backend-768fd58455-46nwc   1m     103Mi    
01:20:28 rearm-rebom-backend-768fd58455-dp9ps   1m     92Mi     
01:20:28 rearm-rebom-backend-768fd58455-tmqdc   11m    110Mi    
01:20:28 rearm-rebom-backend-768fd58455-vkfb5   0m     87Mi     
01:20:28 rearm-rebom-postgres-0                 15m    157Mi    
01:20:28 rearm-ui-5c9b8ddf9d-krkqk              1m     2Mi      
01:20:28 testreg-66bb8f476c-wt2mf               1m     417Mi    
01:20:28 zottest-ff7cfd65c-xbgvk                936m   346Mi    
01:20:58 rearm-backend-6d79d5dcc8-rj9w4         31m    7618Mi   
01:20:58 rearm-keycloak-0                       2m     724Mi    
01:20:58 rearm-keycloak-postgres-0              1m     34Mi     
01:20:58 rearm-oci-artifact-5c8686f45c-mmxzz    5m     68Mi     
01:20:58 rearm-postgresql-0                     271m   414Mi    
01:20:58 rearm-rebom-backend-768fd58455-46nwc   1m     103Mi    
01:20:58 rearm-rebom-backend-768fd58455-dp9ps   0m     92Mi     
01:20:58 rearm-rebom-backend-768fd58455-tmqdc   8m     67Mi     
01:20:58 rearm-rebom-backend-768fd58455-vkfb5   0m     87Mi     
01:20:58 rearm-rebom-postgres-0                 13m    157Mi    
01:20:58 rearm-ui-5c9b8ddf9d-krkqk              1m     2Mi      
01:20:58 testreg-66bb8f476c-wt2mf               1m     417Mi    
01:20:58 zottest-ff7cfd65c-xbgvk                947m   329Mi    
01:21:29 rearm-backend-6d79d5dcc8-rj9w4         54m    7618Mi   
01:21:29 rearm-keycloak-0                       2m     724Mi    
01:21:29 rearm-keycloak-postgres-0              1m     34Mi     
01:21:29 rearm-oci-artifact-5c8686f45c-mmxzz    4m     67Mi     
01:21:29 rearm-postgresql-0                     282m   400Mi    
01:21:29 rearm-rebom-backend-768fd58455-46nwc   0m     103Mi    
01:21:29 rearm-rebom-backend-768fd58455-dp9ps   0m     92Mi     
01:21:29 rearm-rebom-backend-768fd58455-tmqdc   13m    65Mi     
01:21:29 rearm-rebom-backend-768fd58455-vkfb5   1m     87Mi     
01:21:29 rearm-rebom-postgres-0                 13m    157Mi    
01:21:29 rearm-ui-5c9b8ddf9d-krkqk              1m     2Mi      
01:21:29 testreg-66bb8f476c-wt2mf               1m     417Mi    
01:21:29 zottest-ff7cfd65c-xbgvk                936m   320Mi    
01:22:00 rearm-backend-6d79d5dcc8-rj9w4         33m    7618Mi   
01:22:00 rearm-keycloak-0                       2m     724Mi    
01:22:00 rearm-keycloak-postgres-0              1m     34Mi     
01:22:00 rearm-oci-artifact-5c8686f45c-mmxzz    4m     68Mi     
01:22:00 rearm-postgresql-0                     258m   395Mi    
01:22:00 rearm-rebom-backend-768fd58455-46nwc   1m     103Mi    
01:22:00 rearm-rebom-backend-768fd58455-dp9ps   0m     92Mi     
01:22:00 rearm-rebom-backend-768fd58455-tmqdc   7m     66Mi     
01:22:00 rearm-rebom-backend-768fd58455-vkfb5   1m     87Mi     
01:22:00 rearm-rebom-postgres-0                 13m    157Mi    
01:22:00 rearm-ui-5c9b8ddf9d-krkqk              1m     2Mi      
01:22:00 testreg-66bb8f476c-wt2mf               1m     417Mi    
01:22:00 zottest-ff7cfd65c-xbgvk                934m   310Mi    
01:22:31 rearm-backend-6d79d5dcc8-rj9w4         36m    7618Mi   
01:22:31 rearm-keycloak-0                       2m     724Mi    
01:22:31 rearm-keycloak-postgres-0              1m     34Mi     
01:22:31 rearm-oci-artifact-5c8686f45c-mmxzz    5m     68Mi     
01:22:31 rearm-postgresql-0                     259m   399Mi    
01:22:31 rearm-rebom-backend-768fd58455-46nwc   1m     103Mi    
01:22:31 rearm-rebom-backend-768fd58455-dp9ps   1m     92Mi     
01:22:31 rearm-rebom-backend-768fd58455-tmqdc   10m    74Mi     
01:22:31 rearm-rebom-backend-768fd58455-vkfb5   1m     87Mi     
01:22:31 rearm-rebom-postgres-0                 13m    157Mi    
01:22:31 rearm-ui-5c9b8ddf9d-krkqk              1m     2Mi      
01:22:31 testreg-66bb8f476c-wt2mf               1m     417Mi    
01:22:31 zottest-ff7cfd65c-xbgvk                933m   337Mi    
01:23:01 rearm-backend-6d79d5dcc8-rj9w4         47m    7618Mi   
01:23:01 rearm-keycloak-0                       2m     724Mi    
01:23:01 rearm-keycloak-postgres-0              1m     34Mi     
01:23:01 rearm-oci-artifact-5c8686f45c-mmxzz    6m     69Mi     
01:23:01 rearm-postgresql-0                     283m   394Mi    
01:23:01 rearm-rebom-backend-768fd58455-46nwc   1m     103Mi    
01:23:01 rearm-rebom-backend-768fd58455-dp9ps   0m     92Mi     
01:23:01 rearm-rebom-backend-768fd58455-tmqdc   7m     75Mi     
01:23:01 rearm-rebom-backend-768fd58455-vkfb5   0m     87Mi     
01:23:01 rearm-rebom-postgres-0                 14m    157Mi    
01:23:01 rearm-ui-5c9b8ddf9d-krkqk              1m     2Mi      
01:23:01 testreg-66bb8f476c-wt2mf               1m     417Mi    
01:23:01 zottest-ff7cfd65c-xbgvk                923m   326Mi    
01:23:32 rearm-backend-6d79d5dcc8-rj9w4         51m    7618Mi   
01:23:32 rearm-keycloak-0                       2m     724Mi    
01:23:32 rearm-keycloak-postgres-0              1m     34Mi     
01:23:32 rearm-oci-artifact-5c8686f45c-mmxzz    4m     69Mi     
01:23:32 rearm-postgresql-0                     293m   397Mi    
01:23:32 rearm-rebom-backend-768fd58455-46nwc   1m     103Mi    
01:23:32 rearm-rebom-backend-768fd58455-dp9ps   0m     92Mi     
01:23:32 rearm-rebom-backend-768fd58455-tmqdc   7m     76Mi     
01:23:32 rearm-rebom-backend-768fd58455-vkfb5   1m     87Mi     
01:23:32 rearm-rebom-postgres-0                 12m    157Mi    
01:23:32 rearm-ui-5c9b8ddf9d-krkqk              1m     2Mi      
01:23:32 testreg-66bb8f476c-wt2mf               1m     417Mi    
01:23:32 zottest-ff7cfd65c-xbgvk                937m   350Mi    
01:24:03 rearm-backend-6d79d5dcc8-rj9w4         32m    7618Mi   
01:24:03 rearm-keycloak-0                       2m     724Mi    
01:24:03 rearm-keycloak-postgres-0              1m     34Mi     
01:24:03 rearm-oci-artifact-5c8686f45c-mmxzz    4m     69Mi     
01:24:03 rearm-postgresql-0                     287m   397Mi    
01:24:03 rearm-rebom-backend-768fd58455-46nwc   0m     103Mi    
01:24:03 rearm-rebom-backend-768fd58455-dp9ps   1m     92Mi     
01:24:03 rearm-rebom-backend-768fd58455-tmqdc   6m     78Mi     
01:24:03 rearm-rebom-backend-768fd58455-vkfb5   0m     87Mi     
01:24:03 rearm-rebom-postgres-0                 12m    157Mi    
01:24:03 rearm-ui-5c9b8ddf9d-krkqk              1m     2Mi      
01:24:03 testreg-66bb8f476c-wt2mf               1m     417Mi    
01:24:03 zottest-ff7cfd65c-xbgvk                922m   316Mi    
01:24:34 rearm-backend-6d79d5dcc8-rj9w4         36m    7618Mi   
01:24:34 rearm-keycloak-0                       2m     724Mi    
01:24:34 rearm-keycloak-postgres-0              1m     34Mi     
01:24:34 rearm-oci-artifact-5c8686f45c-mmxzz    4m     70Mi     
01:24:34 rearm-postgresql-0                     324m   397Mi    
01:24:34 rearm-rebom-backend-768fd58455-46nwc   1m     103Mi    
01:24:34 rearm-rebom-backend-768fd58455-dp9ps   0m     92Mi     
01:24:34 rearm-rebom-backend-768fd58455-tmqdc   7m     75Mi     
01:24:34 rearm-rebom-backend-768fd58455-vkfb5   1m     87Mi     
01:24:34 rearm-rebom-postgres-0                 12m    157Mi    
01:24:34 rearm-ui-5c9b8ddf9d-krkqk              1m     2Mi      
01:24:34 testreg-66bb8f476c-wt2mf               1m     417Mi    
01:24:34 zottest-ff7cfd65c-xbgvk                911m   322Mi    
01:25:05 rearm-backend-6d79d5dcc8-rj9w4         63m    7618Mi   
01:25:05 rearm-keycloak-0                       2m     724Mi    
01:25:05 rearm-keycloak-postgres-0              1m     34Mi     
01:25:05 rearm-oci-artifact-5c8686f45c-mmxzz    5m     68Mi     
01:25:05 rearm-postgresql-0                     285m   397Mi    
01:25:05 rearm-rebom-backend-768fd58455-46nwc   0m     103Mi    
01:25:05 rearm-rebom-backend-768fd58455-dp9ps   1m     92Mi     
01:25:05 rearm-rebom-backend-768fd58455-tmqdc   7m     76Mi     
01:25:05 rearm-rebom-backend-768fd58455-vkfb5   0m     87Mi     
01:25:05 rearm-rebom-postgres-0                 12m    157Mi    
01:25:05 rearm-ui-5c9b8ddf9d-krkqk              1m     2Mi      
01:25:05 testreg-66bb8f476c-wt2mf               1m     417Mi    
01:25:05 zottest-ff7cfd65c-xbgvk                921m   275Mi    
01:25:35 rearm-backend-6d79d5dcc8-rj9w4         30m    7618Mi   
01:25:35 rearm-keycloak-0                       2m     724Mi    
01:25:35 rearm-keycloak-postgres-0              1m     34Mi     
01:25:35 rearm-oci-artifact-5c8686f45c-mmxzz    5m     70Mi     
01:25:35 rearm-postgresql-0                     257m   395Mi    
01:25:35 rearm-rebom-backend-768fd58455-46nwc   10m    74Mi     
01:25:35 rearm-rebom-backend-768fd58455-dp9ps   1m     92Mi     
01:25:35 rearm-rebom-backend-768fd58455-tmqdc   0m     84Mi     
01:25:35 rearm-rebom-backend-768fd58455-vkfb5   1m     87Mi     
01:25:35 rearm-rebom-postgres-0                 13m    157Mi    
01:25:35 rearm-ui-5c9b8ddf9d-krkqk              1m     2Mi      
01:25:35 testreg-66bb8f476c-wt2mf               1m     417Mi    
01:25:35 zottest-ff7cfd65c-xbgvk                928m   272Mi    
01:26:06 rearm-backend-6d79d5dcc8-rj9w4         30m    7618Mi   
01:26:06 rearm-keycloak-0                       2m     724Mi    
01:26:06 rearm-keycloak-postgres-0              1m     34Mi     
01:26:06 rearm-oci-artifact-5c8686f45c-mmxzz    5m     69Mi     
01:26:06 rearm-postgresql-0                     263m   391Mi    
01:26:06 rearm-rebom-backend-768fd58455-46nwc   7m     75Mi     
01:26:06 rearm-rebom-backend-768fd58455-dp9ps   1m     92Mi     
01:26:06 rearm-rebom-backend-768fd58455-tmqdc   0m     84Mi     
01:26:06 rearm-rebom-backend-768fd58455-vkfb5   1m     87Mi     
01:26:06 rearm-rebom-postgres-0                 11m    157Mi    
01:26:06 rearm-ui-5c9b8ddf9d-krkqk              1m     2Mi      
01:26:06 testreg-66bb8f476c-wt2mf               1m     417Mi    
01:26:06 zottest-ff7cfd65c-xbgvk                900m   324Mi    
01:26:37 rearm-backend-6d79d5dcc8-rj9w4         30m    7618Mi   
01:26:37 rearm-keycloak-0                       2m     724Mi    
01:26:37 rearm-keycloak-postgres-0              1m     34Mi     
01:26:37 rearm-oci-artifact-5c8686f45c-mmxzz    4m     71Mi     
01:26:37 rearm-postgresql-0                     246m   394Mi    
01:26:37 rearm-rebom-backend-768fd58455-46nwc   6m     82Mi     
01:26:37 rearm-rebom-backend-768fd58455-dp9ps   0m     92Mi     
01:26:37 rearm-rebom-backend-768fd58455-tmqdc   1m     84Mi     
01:26:37 rearm-rebom-backend-768fd58455-vkfb5   1m     87Mi     
01:26:37 rearm-rebom-postgres-0                 13m    157Mi    
01:26:37 rearm-ui-5c9b8ddf9d-krkqk              1m     2Mi      
01:26:37 testreg-66bb8f476c-wt2mf               1m     417Mi    
01:26:37 zottest-ff7cfd65c-xbgvk                942m   337Mi    
01:27:08 rearm-backend-6d79d5dcc8-rj9w4         61m    7618Mi   
01:27:08 rearm-keycloak-0                       2m     724Mi    
01:27:08 rearm-keycloak-postgres-0              1m     34Mi     
01:27:08 rearm-oci-artifact-5c8686f45c-mmxzz    4m     68Mi     
01:27:08 rearm-postgresql-0                     269m   392Mi    
01:27:08 rearm-rebom-backend-768fd58455-46nwc   6m     83Mi     
01:27:08 rearm-rebom-backend-768fd58455-dp9ps   1m     92Mi     
01:27:08 rearm-rebom-backend-768fd58455-tmqdc   0m     84Mi     
01:27:08 rearm-rebom-backend-768fd58455-vkfb5   1m     87Mi     
01:27:08 rearm-rebom-postgres-0                 12m    157Mi    
01:27:08 rearm-ui-5c9b8ddf9d-krkqk              1m     2Mi      
01:27:08 testreg-66bb8f476c-wt2mf               1m     417Mi    
01:27:08 zottest-ff7cfd65c-xbgvk                903m   304Mi    
01:27:38 rearm-backend-6d79d5dcc8-rj9w4         31m    7618Mi   
01:27:38 rearm-keycloak-0                       2m     724Mi    
01:27:38 rearm-keycloak-postgres-0              1m     34Mi     
01:27:38 rearm-oci-artifact-5c8686f45c-mmxzz    4m     72Mi     
01:27:38 rearm-postgresql-0                     266m   396Mi    
01:27:38 rearm-rebom-backend-768fd58455-46nwc   6m     84Mi     
01:27:38 rearm-rebom-backend-768fd58455-dp9ps   1m     92Mi     
01:27:38 rearm-rebom-backend-768fd58455-tmqdc   0m     84Mi     
01:27:38 rearm-rebom-backend-768fd58455-vkfb5   1m     87Mi     
01:27:38 rearm-rebom-postgres-0                 12m    157Mi    
01:27:38 rearm-ui-5c9b8ddf9d-krkqk              1m     2Mi      
01:27:38 testreg-66bb8f476c-wt2mf               1m     417Mi    
01:27:38 zottest-ff7cfd65c-xbgvk                911m   339Mi    
01:28:09 rearm-backend-6d79d5dcc8-rj9w4         28m    7618Mi   
01:28:09 rearm-keycloak-0                       2m     724Mi    
01:28:09 rearm-keycloak-postgres-0              1m     34Mi     
01:28:09 rearm-oci-artifact-5c8686f45c-mmxzz    4m     70Mi     
01:28:09 rearm-postgresql-0                     292m   397Mi    
01:28:09 rearm-rebom-backend-768fd58455-46nwc   6m     87Mi     
01:28:09 rearm-rebom-backend-768fd58455-dp9ps   0m     92Mi     
01:28:09 rearm-rebom-backend-768fd58455-tmqdc   1m     84Mi     
01:28:09 rearm-rebom-backend-768fd58455-vkfb5   1m     87Mi     
01:28:09 rearm-rebom-postgres-0                 12m    157Mi    
01:28:09 rearm-ui-5c9b8ddf9d-krkqk              1m     2Mi      
01:28:09 testreg-66bb8f476c-wt2mf               1m     417Mi    
01:28:09 zottest-ff7cfd65c-xbgvk                917m   275Mi    
01:28:40 rearm-backend-6d79d5dcc8-rj9w4         67m    7166Mi   
01:28:40 rearm-keycloak-0                       2m     724Mi    
01:28:40 rearm-keycloak-postgres-0              1m     34Mi     
01:28:40 rearm-oci-artifact-5c8686f45c-mmxzz    4m     69Mi     
01:28:40 rearm-postgresql-0                     280m   397Mi    
01:28:40 rearm-rebom-backend-768fd58455-46nwc   10m    87Mi     
01:28:40 rearm-rebom-backend-768fd58455-dp9ps   1m     92Mi     
01:28:40 rearm-rebom-backend-768fd58455-tmqdc   1m     84Mi     
01:28:40 rearm-rebom-backend-768fd58455-vkfb5   0m     87Mi     
01:28:40 rearm-rebom-postgres-0                 12m    157Mi    
01:28:40 rearm-ui-5c9b8ddf9d-krkqk              1m     2Mi      
01:28:40 testreg-66bb8f476c-wt2mf               1m     417Mi    
01:28:40 zottest-ff7cfd65c-xbgvk                928m   346Mi    
01:29:11 rearm-backend-6d79d5dcc8-rj9w4         34m    6714Mi   
01:29:11 rearm-keycloak-0                       2m     724Mi    
01:29:11 rearm-keycloak-postgres-0              1m     34Mi     
01:29:11 rearm-oci-artifact-5c8686f45c-mmxzz    7m     69Mi     
01:29:11 rearm-postgresql-0                     276m   393Mi    
01:29:11 rearm-rebom-backend-768fd58455-46nwc   9m     95Mi     
01:29:11 rearm-rebom-backend-768fd58455-dp9ps   0m     92Mi     
01:29:11 rearm-rebom-backend-768fd58455-tmqdc   0m     84Mi     
01:29:11 rearm-rebom-backend-768fd58455-vkfb5   1m     87Mi     
01:29:11 rearm-rebom-postgres-0                 24m    157Mi    
01:29:11 rearm-ui-5c9b8ddf9d-krkqk              1m     2Mi      
01:29:11 testreg-66bb8f476c-wt2mf               1m     417Mi    
01:29:11 zottest-ff7cfd65c-xbgvk                862m   356Mi    
01:29:41 rearm-backend-6d79d5dcc8-rj9w4         32m    6172Mi   
01:29:41 rearm-keycloak-0                       2m     724Mi    
01:29:41 rearm-keycloak-postgres-0              1m     34Mi     
01:29:41 rearm-oci-artifact-5c8686f45c-mmxzz    5m     69Mi     
01:29:41 rearm-postgresql-0                     263m   400Mi    
01:29:41 rearm-rebom-backend-768fd58455-46nwc   6m     96Mi     
01:29:41 rearm-rebom-backend-768fd58455-dp9ps   1m     92Mi     
01:29:41 rearm-rebom-backend-768fd58455-tmqdc   1m     84Mi     
01:29:41 rearm-rebom-backend-768fd58455-vkfb5   1m     87Mi     
01:29:41 rearm-rebom-postgres-0                 13m    157Mi    
01:29:41 rearm-ui-5c9b8ddf9d-krkqk              1m     2Mi      
01:29:41 testreg-66bb8f476c-wt2mf               1m     417Mi    
01:29:41 zottest-ff7cfd65c-xbgvk                929m   359Mi    
01:30:12 rearm-backend-6d79d5dcc8-rj9w4         33m    5720Mi   
01:30:12 rearm-keycloak-0                       2m     724Mi    
01:30:12 rearm-keycloak-postgres-0              1m     34Mi     
01:30:12 rearm-oci-artifact-5c8686f45c-mmxzz    4m     70Mi     
01:30:12 rearm-postgresql-0                     259m   400Mi    
01:30:12 rearm-rebom-backend-768fd58455-46nwc   6m     98Mi     
01:30:12 rearm-rebom-backend-768fd58455-dp9ps   1m     92Mi     
01:30:12 rearm-rebom-backend-768fd58455-tmqdc   0m     84Mi     
01:30:12 rearm-rebom-backend-768fd58455-vkfb5   2m     88Mi     
01:30:12 rearm-rebom-postgres-0                 12m    157Mi    
01:30:12 rearm-ui-5c9b8ddf9d-krkqk              1m     2Mi      
01:30:12 testreg-66bb8f476c-wt2mf               1m     417Mi    
01:30:12 zottest-ff7cfd65c-xbgvk                893m   350Mi    
01:30:43 rearm-backend-6d79d5dcc8-rj9w4         54m    5087Mi   
01:30:43 rearm-keycloak-0                       2m     724Mi    
01:30:43 rearm-keycloak-postgres-0              1m     34Mi     
01:30:43 rearm-oci-artifact-5c8686f45c-mmxzz    4m     69Mi     
01:30:43 rearm-postgresql-0                     264m   401Mi    
01:30:43 rearm-rebom-backend-768fd58455-46nwc   1m     98Mi     
01:30:43 rearm-rebom-backend-768fd58455-dp9ps   0m     92Mi     
01:30:43 rearm-rebom-backend-768fd58455-tmqdc   0m     84Mi     
01:30:43 rearm-rebom-backend-768fd58455-vkfb5   10m    60Mi     
01:30:43 rearm-rebom-postgres-0                 12m    157Mi    
01:30:43 rearm-ui-5c9b8ddf9d-krkqk              1m     2Mi      
01:30:43 testreg-66bb8f476c-wt2mf               1m     417Mi    
01:30:43 zottest-ff7cfd65c-xbgvk                918m   285Mi    
01:31:14 rearm-backend-6d79d5dcc8-rj9w4         33m    4816Mi   
01:31:14 rearm-keycloak-0                       2m     724Mi    
01:31:14 rearm-keycloak-postgres-0              1m     34Mi     
01:31:14 rearm-oci-artifact-5c8686f45c-mmxzz    4m     68Mi     
01:31:14 rearm-postgresql-0                     304m   401Mi    
01:31:14 rearm-rebom-backend-768fd58455-46nwc   1m     98Mi     
01:31:14 rearm-rebom-backend-768fd58455-dp9ps   1m     92Mi     
01:31:14 rearm-rebom-backend-768fd58455-tmqdc   1m     84Mi     
01:31:14 rearm-rebom-backend-768fd58455-vkfb5   6m     64Mi     
01:31:14 rearm-rebom-postgres-0                 12m    157Mi    
01:31:14 rearm-ui-5c9b8ddf9d-krkqk              1m     2Mi      
01:31:14 testreg-66bb8f476c-wt2mf               1m     417Mi    
01:31:14 zottest-ff7cfd65c-xbgvk                913m   320Mi    
01:31:44 rearm-backend-6d79d5dcc8-rj9w4         30m    4455Mi   
01:31:44 rearm-keycloak-0                       2m     724Mi    
01:31:44 rearm-keycloak-postgres-0              1m     34Mi     
01:31:44 rearm-oci-artifact-5c8686f45c-mmxzz    4m     67Mi     
01:31:44 rearm-postgresql-0                     287m   401Mi    
01:31:44 rearm-rebom-backend-768fd58455-46nwc   1m     98Mi     
01:31:44 rearm-rebom-backend-768fd58455-dp9ps   0m     92Mi     
01:31:44 rearm-rebom-backend-768fd58455-tmqdc   1m     84Mi     
01:31:44 rearm-rebom-backend-768fd58455-vkfb5   9m     70Mi     
01:31:44 rearm-rebom-postgres-0                 12m    157Mi    
01:31:44 rearm-ui-5c9b8ddf9d-krkqk              1m     2Mi      
01:31:44 testreg-66bb8f476c-wt2mf               1m     417Mi    
01:31:44 zottest-ff7cfd65c-xbgvk                922m   365Mi    
01:32:15 rearm-backend-6d79d5dcc8-rj9w4         32m    4455Mi   
01:32:15 rearm-keycloak-0                       2m     724Mi    
01:32:15 rearm-keycloak-postgres-0              1m     34Mi     
01:32:15 rearm-oci-artifact-5c8686f45c-mmxzz    4m     69Mi     
01:32:15 rearm-postgresql-0                     284m   401Mi    
01:32:15 rearm-rebom-backend-768fd58455-46nwc   0m     98Mi     
01:32:15 rearm-rebom-backend-768fd58455-dp9ps   1m     92Mi     
01:32:15 rearm-rebom-backend-768fd58455-tmqdc   1m     84Mi     
01:32:15 rearm-rebom-backend-768fd58455-vkfb5   6m     71Mi     
01:32:15 rearm-rebom-postgres-0                 12m    157Mi    
01:32:15 rearm-ui-5c9b8ddf9d-krkqk              1m     2Mi      
01:32:15 testreg-66bb8f476c-wt2mf               1m     417Mi    
01:32:15 zottest-ff7cfd65c-xbgvk                911m   309Mi    
01:32:46 rearm-backend-6d79d5dcc8-rj9w4         53m    4455Mi   
01:32:46 rearm-keycloak-0                       2m     724Mi    
01:32:46 rearm-keycloak-postgres-0              1m     34Mi     
01:32:46 rearm-oci-artifact-5c8686f45c-mmxzz    4m     67Mi     
01:32:46 rearm-postgresql-0                     292m   398Mi    
01:32:46 rearm-rebom-backend-768fd58455-46nwc   1m     98Mi     
01:32:46 rearm-rebom-backend-768fd58455-dp9ps   1m     92Mi     
01:32:46 rearm-rebom-backend-768fd58455-tmqdc   0m     84Mi     
01:32:46 rearm-rebom-backend-768fd58455-vkfb5   6m     73Mi     
01:32:46 rearm-rebom-postgres-0                 13m    157Mi    
01:32:46 rearm-ui-5c9b8ddf9d-krkqk              1m     2Mi      
01:32:46 testreg-66bb8f476c-wt2mf               1m     417Mi    
01:32:46 zottest-ff7cfd65c-xbgvk                955m   310Mi    
01:33:17 rearm-backend-6d79d5dcc8-rj9w4         47m    4455Mi   
01:33:17 rearm-keycloak-0                       2m     724Mi    
01:33:17 rearm-keycloak-postgres-0              1m     34Mi     
01:33:17 rearm-oci-artifact-5c8686f45c-mmxzz    4m     68Mi     
01:33:17 rearm-postgresql-0                     268m   398Mi    
01:33:17 rearm-rebom-backend-768fd58455-46nwc   1m     98Mi     
01:33:17 rearm-rebom-backend-768fd58455-dp9ps   1m     92Mi     
01:33:17 rearm-rebom-backend-768fd58455-tmqdc   0m     84Mi     
01:33:17 rearm-rebom-backend-768fd58455-vkfb5   5m     74Mi     
01:33:17 rearm-rebom-postgres-0                 12m    157Mi    
01:33:17 rearm-ui-5c9b8ddf9d-krkqk              1m     2Mi      
01:33:17 testreg-66bb8f476c-wt2mf               1m     417Mi    
01:33:17 zottest-ff7cfd65c-xbgvk                931m   318Mi    
01:33:48 rearm-backend-6d79d5dcc8-rj9w4         31m    4455Mi   
01:33:48 rearm-keycloak-0                       2m     724Mi    
01:33:48 rearm-keycloak-postgres-0              1m     34Mi     
01:33:48 rearm-oci-artifact-5c8686f45c-mmxzz    4m     68Mi     
01:33:48 rearm-postgresql-0                     279m   402Mi    
01:33:48 rearm-rebom-backend-768fd58455-46nwc   1m     98Mi     
01:33:48 rearm-rebom-backend-768fd58455-dp9ps   1m     92Mi     
01:33:48 rearm-rebom-backend-768fd58455-tmqdc   1m     84Mi     
01:33:48 rearm-rebom-backend-768fd58455-vkfb5   9m     72Mi     
01:33:48 rearm-rebom-postgres-0                 12m    157Mi    
01:33:48 rearm-ui-5c9b8ddf9d-krkqk              1m     2Mi      
01:33:48 testreg-66bb8f476c-wt2mf               1m     417Mi    
01:33:48 zottest-ff7cfd65c-xbgvk                915m   324Mi    
01:34:18 rearm-backend-6d79d5dcc8-rj9w4         62m    4455Mi   
01:34:18 rearm-keycloak-0                       2m     724Mi    
01:34:18 rearm-keycloak-postgres-0              1m     34Mi     
01:34:18 rearm-oci-artifact-5c8686f45c-mmxzz    4m     68Mi     
01:34:18 rearm-postgresql-0                     288m   401Mi    
01:34:18 rearm-rebom-backend-768fd58455-46nwc   0m     98Mi     
01:34:18 rearm-rebom-backend-768fd58455-dp9ps   0m     92Mi     
01:34:18 rearm-rebom-backend-768fd58455-tmqdc   0m     84Mi     
01:34:18 rearm-rebom-backend-768fd58455-vkfb5   6m     82Mi     
01:34:18 rearm-rebom-postgres-0                 13m    157Mi    
01:34:18 rearm-ui-5c9b8ddf9d-krkqk              1m     2Mi      
01:34:18 testreg-66bb8f476c-wt2mf               1m     417Mi    
01:34:18 zottest-ff7cfd65c-xbgvk                921m   273Mi    
01:34:49 rearm-backend-6d79d5dcc8-rj9w4         28m    4455Mi   
01:34:49 rearm-keycloak-0                       2m     724Mi    
01:34:49 rearm-keycloak-postgres-0              1m     34Mi     
01:34:49 rearm-oci-artifact-5c8686f45c-mmxzz    4m     68Mi     
01:34:49 rearm-postgresql-0                     270m   401Mi    
01:34:49 rearm-rebom-backend-768fd58455-46nwc   1m     98Mi     
01:34:49 rearm-rebom-backend-768fd58455-dp9ps   1m     92Mi     
01:34:49 rearm-rebom-backend-768fd58455-tmqdc   0m     84Mi     
01:34:49 rearm-rebom-backend-768fd58455-vkfb5   6m     83Mi     
01:34:49 rearm-rebom-postgres-0                 12m    157Mi    
01:34:49 rearm-ui-5c9b8ddf9d-krkqk              1m     2Mi      
01:34:49 testreg-66bb8f476c-wt2mf               1m     417Mi    
01:34:49 zottest-ff7cfd65c-xbgvk                930m   315Mi    
01:35:20 rearm-backend-6d79d5dcc8-rj9w4         35m    4455Mi   
01:35:20 rearm-keycloak-0                       2m     724Mi    
01:35:20 rearm-keycloak-postgres-0              1m     34Mi     
01:35:20 rearm-oci-artifact-5c8686f45c-mmxzz    5m     68Mi     
01:35:20 rearm-postgresql-0                     262m   397Mi    
01:35:20 rearm-rebom-backend-768fd58455-46nwc   0m     98Mi     
01:35:20 rearm-rebom-backend-768fd58455-dp9ps   1m     92Mi     
01:35:20 rearm-rebom-backend-768fd58455-tmqdc   7m     84Mi     
01:35:20 rearm-rebom-backend-768fd58455-vkfb5   1m     85Mi     
01:35:20 rearm-rebom-postgres-0                 14m    157Mi    
01:35:20 rearm-ui-5c9b8ddf9d-krkqk              1m     2Mi      
01:35:20 testreg-66bb8f476c-wt2mf               1m     417Mi    
01:35:20 zottest-ff7cfd65c-xbgvk                932m   275Mi    
01:35:51 rearm-backend-6d79d5dcc8-rj9w4         78m    4454Mi   
01:35:51 rearm-keycloak-0                       2m     724Mi    
01:35:51 rearm-keycloak-postgres-0              1m     34Mi     
01:35:51 rearm-oci-artifact-5c8686f45c-mmxzz    4m     71Mi     
01:35:51 rearm-postgresql-0                     279m   394Mi    
01:35:51 rearm-rebom-backend-768fd58455-46nwc   0m     98Mi     
01:35:51 rearm-rebom-backend-768fd58455-dp9ps   0m     92Mi     
01:35:51 rearm-rebom-backend-768fd58455-tmqdc   12m    64Mi     
01:35:51 rearm-rebom-backend-768fd58455-vkfb5   0m     85Mi     
01:35:51 rearm-rebom-postgres-0                 23m    157Mi    
01:35:51 rearm-ui-5c9b8ddf9d-krkqk              1m     2Mi      
01:35:51 testreg-66bb8f476c-wt2mf               1m     417Mi    
01:35:51 zottest-ff7cfd65c-xbgvk                929m   276Mi    
01:36:21 rearm-backend-6d79d5dcc8-rj9w4         35m    4454Mi   
01:36:21 rearm-keycloak-0                       2m     724Mi    
01:36:21 rearm-keycloak-postgres-0              1m     34Mi     
01:36:21 rearm-oci-artifact-5c8686f45c-mmxzz    4m     69Mi     
01:36:21 rearm-postgresql-0                     267m   397Mi    
01:36:21 rearm-rebom-backend-768fd58455-46nwc   1m     98Mi     
01:36:21 rearm-rebom-backend-768fd58455-dp9ps   1m     92Mi     
01:36:21 rearm-rebom-backend-768fd58455-tmqdc   7m     72Mi     
01:36:21 rearm-rebom-backend-768fd58455-vkfb5   0m     85Mi     
01:36:21 rearm-rebom-postgres-0                 13m    157Mi    
01:36:21 rearm-ui-5c9b8ddf9d-krkqk              1m     2Mi      
01:36:21 testreg-66bb8f476c-wt2mf               1m     417Mi    
01:36:21 zottest-ff7cfd65c-xbgvk                927m   295Mi    
01:36:52 rearm-backend-6d79d5dcc8-rj9w4         32m    4182Mi   
01:36:52 rearm-keycloak-0                       2m     724Mi    
01:36:52 rearm-keycloak-postgres-0              1m     34Mi     
01:36:52 rearm-oci-artifact-5c8686f45c-mmxzz    4m     69Mi     
01:36:52 rearm-postgresql-0                     255m   398Mi    
01:36:52 rearm-rebom-backend-768fd58455-46nwc   1m     98Mi     
01:36:52 rearm-rebom-backend-768fd58455-dp9ps   1m     92Mi     
01:36:52 rearm-rebom-backend-768fd58455-tmqdc   6m     71Mi     
01:36:52 rearm-rebom-backend-768fd58455-vkfb5   1m     85Mi     
01:36:52 rearm-rebom-postgres-0                 14m    157Mi    
01:36:52 rearm-ui-5c9b8ddf9d-krkqk              1m     2Mi      
01:36:52 testreg-66bb8f476c-wt2mf               1m     417Mi    
01:36:52 zottest-ff7cfd65c-xbgvk                952m   314Mi    
01:37:23 rearm-backend-6d79d5dcc8-rj9w4         961m   7652Mi   
01:37:23 rearm-keycloak-0                       2m     724Mi    
01:37:23 rearm-keycloak-postgres-0              1m     34Mi     
01:37:23 rearm-oci-artifact-5c8686f45c-mmxzz    4m     70Mi     
01:37:23 rearm-postgresql-0                     559m   496Mi    
01:37:23 rearm-rebom-backend-768fd58455-46nwc   0m     98Mi     
01:37:23 rearm-rebom-backend-768fd58455-dp9ps   0m     92Mi     
01:37:23 rearm-rebom-backend-768fd58455-tmqdc   6m     72Mi     
01:37:23 rearm-rebom-backend-768fd58455-vkfb5   0m     85Mi     
01:37:23 rearm-rebom-postgres-0                 12m    157Mi    
01:37:23 rearm-ui-5c9b8ddf9d-krkqk              1m     2Mi      
01:37:23 testreg-66bb8f476c-wt2mf               1m     417Mi    
01:37:23 zottest-ff7cfd65c-xbgvk                887m   274Mi    
01:37:54 rearm-backend-6d79d5dcc8-rj9w4         965m   7842Mi   
01:37:54 rearm-keycloak-0                       2m     724Mi    
01:37:54 rearm-keycloak-postgres-0              1m     34Mi     
01:37:54 rearm-oci-artifact-5c8686f45c-mmxzz    4m     69Mi     
01:37:54 rearm-postgresql-0                     786m   563Mi    
01:37:54 rearm-rebom-backend-768fd58455-46nwc   1m     98Mi     
01:37:54 rearm-rebom-backend-768fd58455-dp9ps   1m     92Mi     
01:37:54 rearm-rebom-backend-768fd58455-tmqdc   6m     72Mi     
01:37:54 rearm-rebom-backend-768fd58455-vkfb5   0m     85Mi     
01:37:54 rearm-rebom-postgres-0                 11m    157Mi    
01:37:54 rearm-ui-5c9b8ddf9d-krkqk              1m     2Mi      
01:37:54 testreg-66bb8f476c-wt2mf               1m     413Mi    
01:37:54 zottest-ff7cfd65c-xbgvk                822m   321Mi    
01:38:24 rearm-backend-6d79d5dcc8-rj9w4         128m   7842Mi   
01:38:24 rearm-keycloak-0                       2m     724Mi    
01:38:24 rearm-keycloak-postgres-0              1m     34Mi     
01:38:24 rearm-oci-artifact-5c8686f45c-mmxzz    4m     70Mi     
01:38:24 rearm-postgresql-0                     565m   608Mi    
01:38:24 rearm-rebom-backend-768fd58455-46nwc   0m     98Mi     
01:38:24 rearm-rebom-backend-768fd58455-dp9ps   0m     92Mi     
01:38:24 rearm-rebom-backend-768fd58455-tmqdc   6m     74Mi     
01:38:24 rearm-rebom-backend-768fd58455-vkfb5   0m     85Mi     
01:38:24 rearm-rebom-postgres-0                 12m    157Mi    
01:38:24 rearm-ui-5c9b8ddf9d-krkqk              1m     2Mi      
01:38:24 testreg-66bb8f476c-wt2mf               1m     409Mi    
01:38:24 zottest-ff7cfd65c-xbgvk                931m   281Mi    
01:38:55 rearm-backend-6d79d5dcc8-rj9w4         29m    7842Mi   
01:38:55 rearm-keycloak-0                       2m     724Mi    
01:38:55 rearm-keycloak-postgres-0              1m     34Mi     
01:38:55 rearm-oci-artifact-5c8686f45c-mmxzz    4m     68Mi     
01:38:55 rearm-postgresql-0                     241m   608Mi    
01:38:55 rearm-rebom-backend-768fd58455-46nwc   1m     98Mi     
01:38:55 rearm-rebom-backend-768fd58455-dp9ps   1m     92Mi     
01:38:55 rearm-rebom-backend-768fd58455-tmqdc   9m     72Mi     
01:38:55 rearm-rebom-backend-768fd58455-vkfb5   1m     85Mi     
01:38:55 rearm-rebom-postgres-0                 12m    157Mi    
01:38:55 rearm-ui-5c9b8ddf9d-krkqk              1m     2Mi      
01:38:55 testreg-66bb8f476c-wt2mf               1m     409Mi    
01:38:55 zottest-ff7cfd65c-xbgvk                930m   319Mi    
01:39:26 rearm-backend-6d79d5dcc8-rj9w4         30m    7842Mi   
01:39:26 rearm-keycloak-0                       2m     724Mi    
01:39:26 rearm-keycloak-postgres-0              1m     34Mi     
01:39:26 rearm-oci-artifact-5c8686f45c-mmxzz    6m     69Mi     
01:39:26 rearm-postgresql-0                     243m   603Mi    
01:39:26 rearm-rebom-backend-768fd58455-46nwc   0m     98Mi     
01:39:26 rearm-rebom-backend-768fd58455-dp9ps   0m     92Mi     
01:39:26 rearm-rebom-backend-768fd58455-tmqdc   7m     85Mi     
01:39:26 rearm-rebom-backend-768fd58455-vkfb5   0m     85Mi     
01:39:26 rearm-rebom-postgres-0                 23m    157Mi    
01:39:26 rearm-ui-5c9b8ddf9d-krkqk              1m     2Mi      
01:39:26 testreg-66bb8f476c-wt2mf               1m     409Mi    
01:39:26 zottest-ff7cfd65c-xbgvk                880m   366Mi    
01:39:57 rearm-backend-6d79d5dcc8-rj9w4         29m    7842Mi   
01:39:57 rearm-keycloak-0                       2m     724Mi    
01:39:57 rearm-keycloak-postgres-0              1m     34Mi     
01:39:57 rearm-oci-artifact-5c8686f45c-mmxzz    4m     70Mi     
01:39:57 rearm-postgresql-0                     262m   603Mi    
01:39:57 rearm-rebom-backend-768fd58455-46nwc   0m     98Mi     
01:39:57 rearm-rebom-backend-768fd58455-dp9ps   1m     92Mi     
01:39:57 rearm-rebom-backend-768fd58455-tmqdc   7m     86Mi     
01:39:57 rearm-rebom-backend-768fd58455-vkfb5   1m     85Mi     
01:39:57 rearm-rebom-postgres-0                 11m    157Mi    
01:39:57 rearm-ui-5c9b8ddf9d-krkqk              1m     2Mi      
01:39:57 testreg-66bb8f476c-wt2mf               1m     409Mi    
01:39:57 zottest-ff7cfd65c-xbgvk                922m   306Mi    
01:40:28 rearm-backend-6d79d5dcc8-rj9w4         33m    7842Mi   
01:40:28 rearm-keycloak-0                       2m     724Mi    
01:40:28 rearm-keycloak-postgres-0              1m     34Mi     
01:40:28 rearm-oci-artifact-5c8686f45c-mmxzz    4m     70Mi     
01:40:28 rearm-postgresql-0                     265m   604Mi    
01:40:28 rearm-rebom-backend-768fd58455-46nwc   0m     98Mi     
01:40:28 rearm-rebom-backend-768fd58455-dp9ps   0m     92Mi     
01:40:28 rearm-rebom-backend-768fd58455-tmqdc   4m     86Mi     
01:40:28 rearm-rebom-backend-768fd58455-vkfb5   4m     86Mi     
01:40:28 rearm-rebom-postgres-0                 12m    157Mi    
01:40:28 rearm-ui-5c9b8ddf9d-krkqk              1m     2Mi      
01:40:28 testreg-66bb8f476c-wt2mf               1m     409Mi    
01:40:28 zottest-ff7cfd65c-xbgvk                937m   282Mi    
01:40:58 rearm-backend-6d79d5dcc8-rj9w4         47m    7842Mi   
01:40:58 rearm-keycloak-0                       2m     724Mi    
01:40:58 rearm-keycloak-postgres-0              1m     34Mi     
01:40:58 rearm-oci-artifact-5c8686f45c-mmxzz    4m     67Mi     
01:40:58 rearm-postgresql-0                     282m   605Mi    
01:40:58 rearm-rebom-backend-768fd58455-46nwc   0m     98Mi     
01:40:58 rearm-rebom-backend-768fd58455-dp9ps   0m     92Mi     
01:40:58 rearm-rebom-backend-768fd58455-tmqdc   1m     86Mi     
01:40:58 rearm-rebom-backend-768fd58455-vkfb5   6m     64Mi     
01:40:58 rearm-rebom-postgres-0                 12m    157Mi    
01:40:58 rearm-ui-5c9b8ddf9d-krkqk              1m     2Mi      
01:40:58 testreg-66bb8f476c-wt2mf               1m     409Mi    
01:40:58 zottest-ff7cfd65c-xbgvk                908m   319Mi    
01:41:29 rearm-backend-6d79d5dcc8-rj9w4         37m    7842Mi   
01:41:29 rearm-keycloak-0                       2m     724Mi    
01:41:29 rearm-keycloak-postgres-0              1m     34Mi     
01:41:29 rearm-oci-artifact-5c8686f45c-mmxzz    4m     70Mi     
01:41:29 rearm-postgresql-0                     324m   606Mi    
01:41:29 rearm-rebom-backend-768fd58455-46nwc   1m     98Mi     
01:41:29 rearm-rebom-backend-768fd58455-dp9ps   1m     92Mi     
01:41:29 rearm-rebom-backend-768fd58455-tmqdc   1m     86Mi     
01:41:29 rearm-rebom-backend-768fd58455-vkfb5   5m     65Mi     
01:41:29 rearm-rebom-postgres-0                 12m    157Mi    
01:41:29 rearm-ui-5c9b8ddf9d-krkqk              1m     2Mi      
01:41:29 testreg-66bb8f476c-wt2mf               1m     409Mi    
01:41:29 zottest-ff7cfd65c-xbgvk                911m   322Mi    
01:42:00 rearm-backend-6d79d5dcc8-rj9w4         29m    7842Mi   
01:42:00 rearm-keycloak-0                       2m     724Mi    
01:42:00 rearm-keycloak-postgres-0              1m     34Mi     
01:42:00 rearm-oci-artifact-5c8686f45c-mmxzz    4m     69Mi     
01:42:00 rearm-postgresql-0                     255m   606Mi    
01:42:00 rearm-rebom-backend-768fd58455-46nwc   0m     98Mi     
01:42:00 rearm-rebom-backend-768fd58455-dp9ps   0m     92Mi     
01:42:00 rearm-rebom-backend-768fd58455-tmqdc   1m     86Mi     
01:42:00 rearm-rebom-backend-768fd58455-vkfb5   6m     71Mi     
01:42:00 rearm-rebom-postgres-0                 11m    157Mi    
01:42:00 rearm-ui-5c9b8ddf9d-krkqk              1m     2Mi      
01:42:00 testreg-66bb8f476c-wt2mf               1m     409Mi    
01:42:00 zottest-ff7cfd65c-xbgvk                934m   331Mi    
01:42:31 rearm-backend-6d79d5dcc8-rj9w4         58m    7842Mi   
01:42:31 rearm-keycloak-0                       2m     724Mi    
01:42:31 rearm-keycloak-postgres-0              1m     34Mi     
01:42:31 rearm-oci-artifact-5c8686f45c-mmxzz    4m     71Mi     
01:42:31 rearm-postgresql-0                     425m   610Mi    
01:42:31 rearm-rebom-backend-768fd58455-46nwc   0m     98Mi     
01:42:31 rearm-rebom-backend-768fd58455-dp9ps   1m     92Mi     
01:42:31 rearm-rebom-backend-768fd58455-tmqdc   1m     86Mi     
01:42:31 rearm-rebom-backend-768fd58455-vkfb5   5m     72Mi     
01:42:31 rearm-rebom-postgres-0                 12m    157Mi    
01:42:31 rearm-ui-5c9b8ddf9d-krkqk              1m     2Mi      
01:42:31 testreg-66bb8f476c-wt2mf               1m     409Mi    
01:42:31 zottest-ff7cfd65c-xbgvk                922m   366Mi    
01:43:01 rearm-backend-6d79d5dcc8-rj9w4         69m    7842Mi   
01:43:01 rearm-keycloak-0                       2m     724Mi    
01:43:01 rearm-keycloak-postgres-0              1m     34Mi     
01:43:01 rearm-oci-artifact-5c8686f45c-mmxzz    4m     67Mi     
01:43:01 rearm-postgresql-0                     272m   607Mi    
01:43:01 rearm-rebom-backend-768fd58455-46nwc   0m     98Mi     
01:43:01 rearm-rebom-backend-768fd58455-dp9ps   0m     92Mi     
01:43:01 rearm-rebom-backend-768fd58455-tmqdc   1m     86Mi     
01:43:01 rearm-rebom-backend-768fd58455-vkfb5   5m     73Mi     
01:43:01 rearm-rebom-postgres-0                 11m    157Mi    
01:43:01 rearm-ui-5c9b8ddf9d-krkqk              1m     2Mi      
01:43:01 testreg-66bb8f476c-wt2mf               1m     409Mi    
01:43:01 zottest-ff7cfd65c-xbgvk                913m   327Mi    
01:43:32 rearm-backend-6d79d5dcc8-rj9w4         34m    7842Mi   
01:43:32 rearm-keycloak-0                       2m     724Mi    
01:43:32 rearm-keycloak-postgres-0              1m     34Mi     
01:43:32 rearm-oci-artifact-5c8686f45c-mmxzz    4m     71Mi     
01:43:32 rearm-postgresql-0                     287m   605Mi    
01:43:32 rearm-rebom-backend-768fd58455-46nwc   0m     98Mi     
01:43:32 rearm-rebom-backend-768fd58455-dp9ps   1m     92Mi     
01:43:32 rearm-rebom-backend-768fd58455-tmqdc   1m     86Mi     
01:43:32 rearm-rebom-backend-768fd58455-vkfb5   6m     75Mi     
01:43:32 rearm-rebom-postgres-0                 12m    157Mi    
01:43:32 rearm-ui-5c9b8ddf9d-krkqk              1m     2Mi      
01:43:32 testreg-66bb8f476c-wt2mf               1m     409Mi    
01:43:32 zottest-ff7cfd65c-xbgvk                925m   279Mi    
01:44:03 rearm-backend-6d79d5dcc8-rj9w4         27m    7842Mi   
01:44:03 rearm-keycloak-0                       2m     724Mi    
01:44:03 rearm-keycloak-postgres-0              1m     34Mi     
01:44:03 rearm-oci-artifact-5c8686f45c-mmxzz    4m     71Mi     
01:44:03 rearm-postgresql-0                     286m   595Mi    
01:44:03 rearm-rebom-backend-768fd58455-46nwc   1m     98Mi     
01:44:03 rearm-rebom-backend-768fd58455-dp9ps   0m     92Mi     
01:44:03 rearm-rebom-backend-768fd58455-tmqdc   0m     86Mi     
01:44:03 rearm-rebom-backend-768fd58455-vkfb5   10m    72Mi     
01:44:03 rearm-rebom-postgres-0                 12m    157Mi    
01:44:03 rearm-ui-5c9b8ddf9d-krkqk              1m     2Mi      
01:44:03 testreg-66bb8f476c-wt2mf               1m     409Mi    
01:44:03 zottest-ff7cfd65c-xbgvk                910m   317Mi    
01:44:34 rearm-backend-6d79d5dcc8-rj9w4         34m    7842Mi   
01:44:34 rearm-keycloak-0                       2m     724Mi    
01:44:34 rearm-keycloak-postgres-0              1m     34Mi     
01:44:34 rearm-oci-artifact-5c8686f45c-mmxzz    4m     71Mi     
01:44:34 rearm-postgresql-0                     344m   598Mi    
01:44:34 rearm-rebom-backend-768fd58455-46nwc   0m     98Mi     
01:44:34 rearm-rebom-backend-768fd58455-dp9ps   0m     92Mi     
01:44:34 rearm-rebom-backend-768fd58455-tmqdc   1m     86Mi     
01:44:34 rearm-rebom-backend-768fd58455-vkfb5   6m     81Mi     
01:44:34 rearm-rebom-postgres-0                 13m    157Mi    
01:44:34 rearm-ui-5c9b8ddf9d-krkqk              1m     2Mi      
01:44:34 testreg-66bb8f476c-wt2mf               1m     409Mi    
01:44:34 zottest-ff7cfd65c-xbgvk                913m   296Mi    
01:45:05 rearm-backend-6d79d5dcc8-rj9w4         31m     7842Mi   
01:45:05 rearm-keycloak-0                       2m      724Mi    
01:45:05 rearm-keycloak-postgres-0              1m      34Mi     
01:45:05 rearm-oci-artifact-5c8686f45c-mmxzz    4m      67Mi     
01:45:05 rearm-postgresql-0                     226m    589Mi    
01:45:05 rearm-rebom-backend-768fd58455-46nwc   0m      98Mi     
01:45:05 rearm-rebom-backend-768fd58455-dp9ps   1m      92Mi     
01:45:05 rearm-rebom-backend-768fd58455-tmqdc   0m      86Mi     
01:45:05 rearm-rebom-backend-768fd58455-vkfb5   6m      83Mi     
01:45:05 rearm-rebom-postgres-0                 13m     157Mi    
01:45:05 rearm-ui-5c9b8ddf9d-krkqk              1m      2Mi      
01:45:05 testreg-66bb8f476c-wt2mf               1m      409Mi    
01:45:05 zottest-ff7cfd65c-xbgvk                1004m   376Mi    
01:45:35 rearm-backend-6d79d5dcc8-rj9w4         336m   7849Mi   
01:45:35 rearm-keycloak-0                       2m     724Mi    
01:45:35 rearm-keycloak-postgres-0              1m     34Mi     
01:45:35 rearm-oci-artifact-5c8686f45c-mmxzz    5m     68Mi     
01:45:35 rearm-postgresql-0                     789m   1386Mi   
01:45:35 rearm-rebom-backend-768fd58455-46nwc   1m     98Mi     
01:45:35 rearm-rebom-backend-768fd58455-dp9ps   1m     92Mi     
01:45:35 rearm-rebom-backend-768fd58455-tmqdc   0m     86Mi     
01:45:35 rearm-rebom-backend-768fd58455-vkfb5   6m     85Mi     
01:45:35 rearm-rebom-postgres-0                 12m    157Mi    
01:45:35 rearm-ui-5c9b8ddf9d-krkqk              1m     2Mi      
01:45:35 testreg-66bb8f476c-wt2mf               1m     409Mi    
01:45:35 zottest-ff7cfd65c-xbgvk                958m   361Mi    
01:46:06 rearm-backend-6d79d5dcc8-rj9w4         391m   7848Mi   
01:46:06 rearm-keycloak-0                       2m     724Mi    
01:46:06 rearm-keycloak-postgres-0              1m     34Mi     
01:46:06 rearm-oci-artifact-5c8686f45c-mmxzz    6m     68Mi     
01:46:06 rearm-postgresql-0                     855m   1819Mi   
01:46:06 rearm-rebom-backend-768fd58455-46nwc   1m     98Mi     
01:46:06 rearm-rebom-backend-768fd58455-dp9ps   1m     92Mi     
01:46:06 rearm-rebom-backend-768fd58455-tmqdc   0m     86Mi     
01:46:06 rearm-rebom-backend-768fd58455-vkfb5   9m     84Mi     
01:46:06 rearm-rebom-postgres-0                 22m    157Mi    
01:46:06 rearm-ui-5c9b8ddf9d-krkqk              1m     2Mi      
01:46:06 testreg-66bb8f476c-wt2mf               1m     409Mi    
01:46:06 zottest-ff7cfd65c-xbgvk                852m   305Mi    
01:46:37 rearm-backend-6d79d5dcc8-rj9w4         236m   7842Mi   
01:46:37 rearm-keycloak-0                       2m     724Mi    
01:46:37 rearm-keycloak-postgres-0              1m     34Mi     
01:46:37 rearm-oci-artifact-5c8686f45c-mmxzz    4m     71Mi     
01:46:37 rearm-postgresql-0                     813m   2275Mi   
01:46:37 rearm-rebom-backend-768fd58455-46nwc   0m     98Mi     
01:46:37 rearm-rebom-backend-768fd58455-dp9ps   0m     92Mi     
01:46:37 rearm-rebom-backend-768fd58455-tmqdc   1m     86Mi     
01:46:37 rearm-rebom-backend-768fd58455-vkfb5   5m     85Mi     
01:46:37 rearm-rebom-postgres-0                 13m    157Mi    
01:46:37 rearm-ui-5c9b8ddf9d-krkqk              1m     2Mi      
01:46:37 testreg-66bb8f476c-wt2mf               1m     409Mi    
01:46:37 zottest-ff7cfd65c-xbgvk                925m   369Mi    
01:47:08 rearm-backend-6d79d5dcc8-rj9w4         36m     7843Mi   
01:47:08 rearm-keycloak-0                       2m      724Mi    
01:47:08 rearm-keycloak-postgres-0              1m      34Mi     
01:47:08 rearm-oci-artifact-5c8686f45c-mmxzz    4m      68Mi     
01:47:08 rearm-postgresql-0                     213m    2438Mi   
01:47:08 rearm-rebom-backend-768fd58455-46nwc   1m      98Mi     
01:47:08 rearm-rebom-backend-768fd58455-dp9ps   1m      92Mi     
01:47:08 rearm-rebom-backend-768fd58455-tmqdc   1m      86Mi     
01:47:08 rearm-rebom-backend-768fd58455-vkfb5   6m      87Mi     
01:47:08 rearm-rebom-postgres-0                 12m     157Mi    
01:47:08 rearm-ui-5c9b8ddf9d-krkqk              1m      2Mi      
01:47:08 testreg-66bb8f476c-wt2mf               1m      409Mi    
01:47:08 zottest-ff7cfd65c-xbgvk                1001m   345Mi    
01:47:38 rearm-backend-6d79d5dcc8-rj9w4         31m     7843Mi   
01:47:38 rearm-keycloak-0                       2m      724Mi    
01:47:38 rearm-keycloak-postgres-0              1m      34Mi     
01:47:38 rearm-oci-artifact-5c8686f45c-mmxzz    4m      69Mi     
01:47:38 rearm-postgresql-0                     207m    2438Mi   
01:47:38 rearm-rebom-backend-768fd58455-46nwc   1m      98Mi     
01:47:38 rearm-rebom-backend-768fd58455-dp9ps   1m      92Mi     
01:47:38 rearm-rebom-backend-768fd58455-tmqdc   1m      86Mi     
01:47:38 rearm-rebom-backend-768fd58455-vkfb5   6m      88Mi     
01:47:38 rearm-rebom-postgres-0                 13m     157Mi    
01:47:38 rearm-ui-5c9b8ddf9d-krkqk              1m      2Mi      
01:47:38 testreg-66bb8f476c-wt2mf               1m      409Mi    
01:47:38 zottest-ff7cfd65c-xbgvk                1001m   281Mi    
01:48:09 rearm-backend-6d79d5dcc8-rj9w4         28m     7753Mi   
01:48:09 rearm-keycloak-0                       2m      724Mi    
01:48:09 rearm-keycloak-postgres-0              1m      34Mi     
01:48:09 rearm-oci-artifact-5c8686f45c-mmxzz    4m      67Mi     
01:48:09 rearm-postgresql-0                     204m    2446Mi   
01:48:09 rearm-rebom-backend-768fd58455-46nwc   1m      98Mi     
01:48:09 rearm-rebom-backend-768fd58455-dp9ps   0m      92Mi     
01:48:09 rearm-rebom-backend-768fd58455-tmqdc   0m      86Mi     
01:48:09 rearm-rebom-backend-768fd58455-vkfb5   9m      86Mi     
01:48:09 rearm-rebom-postgres-0                 12m     157Mi    
01:48:09 rearm-ui-5c9b8ddf9d-krkqk              1m      2Mi      
01:48:09 testreg-66bb8f476c-wt2mf               1m      409Mi    
01:48:09 zottest-ff7cfd65c-xbgvk                1014m   354Mi    
01:48:40 rearm-backend-6d79d5dcc8-rj9w4         28m     7751Mi   
01:48:40 rearm-keycloak-0                       2m      724Mi    
01:48:40 rearm-keycloak-postgres-0              1m      34Mi     
01:48:40 rearm-oci-artifact-5c8686f45c-mmxzz    4m      68Mi     
01:48:40 rearm-postgresql-0                     363m    2448Mi   
01:48:40 rearm-rebom-backend-768fd58455-46nwc   1m      98Mi     
01:48:40 rearm-rebom-backend-768fd58455-dp9ps   1m      92Mi     
01:48:40 rearm-rebom-backend-768fd58455-tmqdc   1m      86Mi     
01:48:40 rearm-rebom-backend-768fd58455-vkfb5   6m      87Mi     
01:48:40 rearm-rebom-postgres-0                 12m     157Mi    
01:48:40 rearm-ui-5c9b8ddf9d-krkqk              1m      2Mi      
01:48:40 testreg-66bb8f476c-wt2mf               1m      409Mi    
01:48:40 zottest-ff7cfd65c-xbgvk                1018m   281Mi    
01:49:11 rearm-backend-6d79d5dcc8-rj9w4         24m     7751Mi   
01:49:11 rearm-keycloak-0                       2m      724Mi    
01:49:11 rearm-keycloak-postgres-0              1m      34Mi     
01:49:11 rearm-oci-artifact-5c8686f45c-mmxzz    4m      68Mi     
01:49:11 rearm-postgresql-0                     198m    2448Mi   
01:49:11 rearm-rebom-backend-768fd58455-46nwc   0m      98Mi     
01:49:11 rearm-rebom-backend-768fd58455-dp9ps   1m      92Mi     
01:49:11 rearm-rebom-backend-768fd58455-tmqdc   0m      86Mi     
01:49:11 rearm-rebom-backend-768fd58455-vkfb5   8m      90Mi     
01:49:11 rearm-rebom-postgres-0                 10m     157Mi    
01:49:11 rearm-ui-5c9b8ddf9d-krkqk              1m      2Mi      
01:49:11 testreg-66bb8f476c-wt2mf               1m      409Mi    
01:49:11 zottest-ff7cfd65c-xbgvk                1064m   282Mi    
01:49:41 rearm-backend-6d79d5dcc8-rj9w4         71m    7752Mi   
01:49:41 rearm-keycloak-0                       2m     724Mi    
01:49:41 rearm-keycloak-postgres-0              1m     34Mi     
01:49:41 rearm-oci-artifact-5c8686f45c-mmxzz    6m     68Mi     
01:49:41 rearm-postgresql-0                     247m   2444Mi   
01:49:41 rearm-rebom-backend-768fd58455-46nwc   1m     98Mi     
01:49:41 rearm-rebom-backend-768fd58455-dp9ps   0m     92Mi     
01:49:41 rearm-rebom-backend-768fd58455-tmqdc   1m     86Mi     
01:49:41 rearm-rebom-backend-768fd58455-vkfb5   8m     110Mi    
01:49:41 rearm-rebom-postgres-0                 20m    157Mi    
01:49:41 rearm-ui-5c9b8ddf9d-krkqk              1m     2Mi      
01:49:41 testreg-66bb8f476c-wt2mf               1m     409Mi    
01:49:41 zottest-ff7cfd65c-xbgvk                925m   331Mi    
01:50:12 rearm-backend-6d79d5dcc8-rj9w4         27m    7752Mi   
01:50:12 rearm-keycloak-0                       2m     724Mi    
01:50:12 rearm-keycloak-postgres-0              1m     34Mi     
01:50:12 rearm-oci-artifact-5c8686f45c-mmxzz    4m     70Mi     
01:50:12 rearm-postgresql-0                     200m   2445Mi   
01:50:12 rearm-rebom-backend-768fd58455-46nwc   1m     98Mi     
01:50:12 rearm-rebom-backend-768fd58455-dp9ps   1m     92Mi     
01:50:12 rearm-rebom-backend-768fd58455-tmqdc   0m     86Mi     
01:50:12 rearm-rebom-backend-768fd58455-vkfb5   5m     112Mi    
01:50:12 rearm-rebom-postgres-0                 12m    157Mi    
01:50:12 rearm-ui-5c9b8ddf9d-krkqk              1m     2Mi      
01:50:12 testreg-66bb8f476c-wt2mf               1m     409Mi    
01:50:12 zottest-ff7cfd65c-xbgvk                986m   323Mi    
01:50:43 rearm-backend-6d79d5dcc8-rj9w4         27m    7661Mi   
01:50:43 rearm-keycloak-0                       2m     724Mi    
01:50:43 rearm-keycloak-postgres-0              1m     34Mi     
01:50:43 rearm-oci-artifact-5c8686f45c-mmxzz    5m     69Mi     
01:50:43 rearm-postgresql-0                     202m   2450Mi   
01:50:43 rearm-rebom-backend-768fd58455-46nwc   0m     98Mi     
01:50:43 rearm-rebom-backend-768fd58455-dp9ps   1m     92Mi     
01:50:43 rearm-rebom-backend-768fd58455-tmqdc   11m    65Mi     
01:50:43 rearm-rebom-backend-768fd58455-vkfb5   1m     112Mi    
01:50:43 rearm-rebom-postgres-0                 12m    157Mi    
01:50:43 rearm-ui-5c9b8ddf9d-krkqk              1m     2Mi      
01:50:43 testreg-66bb8f476c-wt2mf               1m     409Mi    
01:50:43 zottest-ff7cfd65c-xbgvk                982m   281Mi    
01:51:14 rearm-backend-6d79d5dcc8-rj9w4         30m     7661Mi   
01:51:14 rearm-keycloak-0                       2m      724Mi    
01:51:14 rearm-keycloak-postgres-0              1m      34Mi     
01:51:14 rearm-oci-artifact-5c8686f45c-mmxzz    4m      71Mi     
01:51:14 rearm-postgresql-0                     210m    2451Mi   
01:51:14 rearm-rebom-backend-768fd58455-46nwc   1m      98Mi     
01:51:14 rearm-rebom-backend-768fd58455-dp9ps   0m      92Mi     
01:51:14 rearm-rebom-backend-768fd58455-tmqdc   8m      66Mi     
01:51:14 rearm-rebom-backend-768fd58455-vkfb5   0m      112Mi    
01:51:14 rearm-rebom-postgres-0                 12m     157Mi    
01:51:14 rearm-ui-5c9b8ddf9d-krkqk              1m      2Mi      
01:51:14 testreg-66bb8f476c-wt2mf               1m      409Mi    
01:51:14 zottest-ff7cfd65c-xbgvk                1003m   350Mi    
01:51:44 rearm-backend-6d79d5dcc8-rj9w4         28m     7661Mi   
01:51:44 rearm-keycloak-0                       2m      724Mi    
01:51:44 rearm-keycloak-postgres-0              1m      34Mi     
01:51:44 rearm-oci-artifact-5c8686f45c-mmxzz    4m      71Mi     
01:51:44 rearm-postgresql-0                     213m    2451Mi   
01:51:44 rearm-rebom-backend-768fd58455-46nwc   0m      98Mi     
01:51:44 rearm-rebom-backend-768fd58455-dp9ps   1m      92Mi     
01:51:44 rearm-rebom-backend-768fd58455-tmqdc   6m      67Mi     
01:51:44 rearm-rebom-backend-768fd58455-vkfb5   1m      112Mi    
01:51:44 rearm-rebom-postgres-0                 13m     157Mi    
01:51:44 rearm-ui-5c9b8ddf9d-krkqk              1m      2Mi      
01:51:44 testreg-66bb8f476c-wt2mf               1m      409Mi    
01:51:44 zottest-ff7cfd65c-xbgvk                1012m   294Mi    
01:52:15 rearm-backend-6d79d5dcc8-rj9w4         35m     7661Mi   
01:52:15 rearm-keycloak-0                       2m      724Mi    
01:52:15 rearm-keycloak-postgres-0              1m      34Mi     
01:52:15 rearm-oci-artifact-5c8686f45c-mmxzz    4m      71Mi     
01:52:15 rearm-postgresql-0                     222m    2450Mi   
01:52:15 rearm-rebom-backend-768fd58455-46nwc   1m      98Mi     
01:52:15 rearm-rebom-backend-768fd58455-dp9ps   1m      92Mi     
01:52:15 rearm-rebom-backend-768fd58455-tmqdc   8m      72Mi     
01:52:15 rearm-rebom-backend-768fd58455-vkfb5   1m      112Mi    
01:52:15 rearm-rebom-postgres-0                 12m     157Mi    
01:52:15 rearm-ui-5c9b8ddf9d-krkqk              1m      2Mi      
01:52:15 testreg-66bb8f476c-wt2mf               1m      409Mi    
01:52:15 zottest-ff7cfd65c-xbgvk                1002m   279Mi    
01:52:46 rearm-backend-6d79d5dcc8-rj9w4         47m     7661Mi   
01:52:46 rearm-keycloak-0                       2m      724Mi    
01:52:46 rearm-keycloak-postgres-0              1m      34Mi     
01:52:46 rearm-oci-artifact-5c8686f45c-mmxzz    4m      69Mi     
01:52:46 rearm-postgresql-0                     227m    2451Mi   
01:52:46 rearm-rebom-backend-768fd58455-46nwc   0m      98Mi     
01:52:46 rearm-rebom-backend-768fd58455-dp9ps   1m      92Mi     
01:52:46 rearm-rebom-backend-768fd58455-tmqdc   6m      73Mi     
01:52:46 rearm-rebom-backend-768fd58455-vkfb5   0m      112Mi    
01:52:46 rearm-rebom-postgres-0                 12m     157Mi    
01:52:46 rearm-ui-5c9b8ddf9d-krkqk              1m      2Mi      
01:52:46 testreg-66bb8f476c-wt2mf               1m      409Mi    
01:52:46 zottest-ff7cfd65c-xbgvk                1006m   286Mi    
01:53:17 rearm-backend-6d79d5dcc8-rj9w4         78m    7262Mi   
01:53:17 rearm-keycloak-0                       2m     724Mi    
01:53:17 rearm-keycloak-postgres-0              1m     34Mi     
01:53:17 rearm-oci-artifact-5c8686f45c-mmxzz    5m     70Mi     
01:53:17 rearm-postgresql-0                     191m   2443Mi   
01:53:17 rearm-rebom-backend-768fd58455-46nwc   1m     98Mi     
01:53:17 rearm-rebom-backend-768fd58455-dp9ps   1m     92Mi     
01:53:17 rearm-rebom-backend-768fd58455-tmqdc   7m     75Mi     
01:53:17 rearm-rebom-backend-768fd58455-vkfb5   1m     112Mi    
01:53:17 rearm-rebom-postgres-0                 13m    157Mi    
01:53:17 rearm-ui-5c9b8ddf9d-krkqk              1m     2Mi      
01:53:17 testreg-66bb8f476c-wt2mf               1m     409Mi    
01:53:17 zottest-ff7cfd65c-xbgvk                957m   350Mi    
01:53:48 rearm-backend-6d79d5dcc8-rj9w4         29m     6719Mi   
01:53:48 rearm-keycloak-0                       2m      724Mi    
01:53:48 rearm-keycloak-postgres-0              1m      34Mi     
01:53:48 rearm-oci-artifact-5c8686f45c-mmxzz    4m      67Mi     
01:53:48 rearm-postgresql-0                     217m    2447Mi   
01:53:48 rearm-rebom-backend-768fd58455-46nwc   1m      98Mi     
01:53:48 rearm-rebom-backend-768fd58455-dp9ps   0m      92Mi     
01:53:48 rearm-rebom-backend-768fd58455-tmqdc   9m      73Mi     
01:53:48 rearm-rebom-backend-768fd58455-vkfb5   1m      112Mi    
01:53:48 rearm-rebom-postgres-0                 12m     157Mi    
01:53:48 rearm-ui-5c9b8ddf9d-krkqk              1m      2Mi      
01:53:48 testreg-66bb8f476c-wt2mf               1m      409Mi    
01:53:48 zottest-ff7cfd65c-xbgvk                1009m   304Mi    
01:54:18 rearm-backend-6d79d5dcc8-rj9w4         41m    6177Mi   
01:54:18 rearm-keycloak-0                       2m     724Mi    
01:54:18 rearm-keycloak-postgres-0              1m     34Mi     
01:54:18 rearm-oci-artifact-5c8686f45c-mmxzz    4m     68Mi     
01:54:18 rearm-postgresql-0                     216m   2449Mi   
01:54:18 rearm-rebom-backend-768fd58455-46nwc   1m     98Mi     
01:54:18 rearm-rebom-backend-768fd58455-dp9ps   1m     92Mi     
01:54:18 rearm-rebom-backend-768fd58455-tmqdc   7m     83Mi     
01:54:18 rearm-rebom-backend-768fd58455-vkfb5   1m     112Mi    
01:54:18 rearm-rebom-postgres-0                 12m    157Mi    
01:54:18 rearm-ui-5c9b8ddf9d-krkqk              1m     2Mi      
01:54:18 testreg-66bb8f476c-wt2mf               1m     409Mi    
01:54:18 zottest-ff7cfd65c-xbgvk                999m   318Mi    
01:54:49 rearm-backend-6d79d5dcc8-rj9w4         54m    5726Mi   
01:54:49 rearm-keycloak-0                       2m     724Mi    
01:54:49 rearm-keycloak-postgres-0              1m     34Mi     
01:54:49 rearm-oci-artifact-5c8686f45c-mmxzz    4m     67Mi     
01:54:49 rearm-postgresql-0                     215m   2450Mi   
01:54:49 rearm-rebom-backend-768fd58455-46nwc   1m     98Mi     
01:54:49 rearm-rebom-backend-768fd58455-dp9ps   1m     92Mi     
01:54:49 rearm-rebom-backend-768fd58455-tmqdc   7m     84Mi     
01:54:49 rearm-rebom-backend-768fd58455-vkfb5   1m     112Mi    
01:54:49 rearm-rebom-postgres-0                 12m    157Mi    
01:54:49 rearm-ui-5c9b8ddf9d-krkqk              1m     2Mi      
01:54:49 testreg-66bb8f476c-wt2mf               1m     409Mi    
01:54:49 zottest-ff7cfd65c-xbgvk                998m   288Mi    
01:55:20 rearm-backend-6d79d5dcc8-rj9w4         32m    5454Mi   
01:55:20 rearm-keycloak-0                       2m     724Mi    
01:55:20 rearm-keycloak-postgres-0              1m     34Mi     
01:55:20 rearm-oci-artifact-5c8686f45c-mmxzz    4m     68Mi     
01:55:20 rearm-postgresql-0                     213m   2450Mi   
01:55:20 rearm-rebom-backend-768fd58455-46nwc   1m     98Mi     
01:55:20 rearm-rebom-backend-768fd58455-dp9ps   1m     92Mi     
01:55:20 rearm-rebom-backend-768fd58455-tmqdc   6m     87Mi     
01:55:20 rearm-rebom-backend-768fd58455-vkfb5   1m     112Mi    
01:55:20 rearm-rebom-postgres-0                 11m    157Mi    
01:55:20 rearm-ui-5c9b8ddf9d-krkqk              1m     2Mi      
01:55:20 testreg-66bb8f476c-wt2mf               1m     409Mi    
01:55:20 zottest-ff7cfd65c-xbgvk                996m   281Mi    
01:55:51 rearm-backend-6d79d5dcc8-rj9w4         32m     4641Mi   
01:55:51 rearm-keycloak-0                       2m      724Mi    
01:55:51 rearm-keycloak-postgres-0              1m      34Mi     
01:55:51 rearm-oci-artifact-5c8686f45c-mmxzz    4m      71Mi     
01:55:51 rearm-postgresql-0                     185m    2445Mi   
01:55:51 rearm-rebom-backend-768fd58455-46nwc   0m      98Mi     
01:55:51 rearm-rebom-backend-768fd58455-dp9ps   0m      92Mi     
01:55:51 rearm-rebom-backend-768fd58455-tmqdc   1m      87Mi     
01:55:51 rearm-rebom-backend-768fd58455-vkfb5   9m      62Mi     
01:55:51 rearm-rebom-postgres-0                 12m     157Mi    
01:55:51 rearm-ui-5c9b8ddf9d-krkqk              1m      2Mi      
01:55:51 testreg-66bb8f476c-wt2mf               1m      409Mi    
01:55:51 zottest-ff7cfd65c-xbgvk                1014m   317Mi    
01:56:21 rearm-backend-6d79d5dcc8-rj9w4         79m    4641Mi   
01:56:21 rearm-keycloak-0                       2m     724Mi    
01:56:21 rearm-keycloak-postgres-0              1m     34Mi     
01:56:21 rearm-oci-artifact-5c8686f45c-mmxzz    6m     70Mi     
01:56:21 rearm-postgresql-0                     199m   2445Mi   
01:56:21 rearm-rebom-backend-768fd58455-46nwc   0m     98Mi     
01:56:21 rearm-rebom-backend-768fd58455-dp9ps   0m     92Mi     
01:56:21 rearm-rebom-backend-768fd58455-tmqdc   1m     87Mi     
01:56:21 rearm-rebom-backend-768fd58455-vkfb5   8m     68Mi     
01:56:21 rearm-rebom-postgres-0                 21m    157Mi    
01:56:21 rearm-ui-5c9b8ddf9d-krkqk              1m     2Mi      
01:56:21 testreg-66bb8f476c-wt2mf               1m     409Mi    
01:56:21 zottest-ff7cfd65c-xbgvk                975m   342Mi    
01:56:52 rearm-backend-6d79d5dcc8-rj9w4         56m     4641Mi   
01:56:52 rearm-keycloak-0                       2m      724Mi    
01:56:52 rearm-keycloak-postgres-0              1m      34Mi     
01:56:52 rearm-oci-artifact-5c8686f45c-mmxzz    4m      69Mi     
01:56:52 rearm-postgresql-0                     177m    2446Mi   
01:56:52 rearm-rebom-backend-768fd58455-46nwc   1m      98Mi     
01:56:52 rearm-rebom-backend-768fd58455-dp9ps   1m      92Mi     
01:56:52 rearm-rebom-backend-768fd58455-tmqdc   0m      87Mi     
01:56:52 rearm-rebom-backend-768fd58455-vkfb5   9m      65Mi     
01:56:52 rearm-rebom-postgres-0                 12m     157Mi    
01:56:52 rearm-ui-5c9b8ddf9d-krkqk              1m      2Mi      
01:56:52 testreg-66bb8f476c-wt2mf               1m      409Mi    
01:56:52 zottest-ff7cfd65c-xbgvk                1007m   280Mi    
01:57:23 rearm-backend-6d79d5dcc8-rj9w4         548m   4889Mi   
01:57:23 rearm-keycloak-0                       2m     724Mi    
01:57:23 rearm-keycloak-postgres-0              1m     34Mi     
01:57:23 rearm-oci-artifact-5c8686f45c-mmxzz    3m     72Mi     
01:57:23 rearm-postgresql-0                     581m   2465Mi   
01:57:23 rearm-rebom-backend-768fd58455-46nwc   0m     98Mi     
01:57:23 rearm-rebom-backend-768fd58455-dp9ps   1m     92Mi     
01:57:23 rearm-rebom-backend-768fd58455-tmqdc   1m     87Mi     
01:57:23 rearm-rebom-backend-768fd58455-vkfb5   11m    68Mi     
01:57:23 rearm-rebom-postgres-0                 11m    157Mi    
01:57:23 rearm-ui-5c9b8ddf9d-krkqk              1m     2Mi      
01:57:23 testreg-66bb8f476c-wt2mf               1m     409Mi    
01:57:23 zottest-ff7cfd65c-xbgvk                929m   278Mi    
01:57:54 rearm-backend-6d79d5dcc8-rj9w4         933m   7625Mi   
01:57:54 rearm-keycloak-0                       2m     724Mi    
01:57:54 rearm-keycloak-postgres-0              1m     34Mi     
01:57:54 rearm-oci-artifact-5c8686f45c-mmxzz    4m     66Mi     
01:57:54 rearm-postgresql-0                     749m   2467Mi   
01:57:54 rearm-rebom-backend-768fd58455-46nwc   0m     98Mi     
01:57:54 rearm-rebom-backend-768fd58455-dp9ps   1m     92Mi     
01:57:54 rearm-rebom-backend-768fd58455-tmqdc   1m     87Mi     
01:57:54 rearm-rebom-backend-768fd58455-vkfb5   6m     73Mi     
01:57:54 rearm-rebom-postgres-0                 11m    157Mi    
01:57:54 rearm-ui-5c9b8ddf9d-krkqk              1m     2Mi      
01:57:54 testreg-66bb8f476c-wt2mf               1m     409Mi    
01:57:54 zottest-ff7cfd65c-xbgvk                877m   281Mi    
01:58:25 rearm-backend-6d79d5dcc8-rj9w4         128m   7796Mi   
01:58:25 rearm-keycloak-0                       2m     724Mi    
01:58:25 rearm-keycloak-postgres-0              1m     34Mi     
01:58:25 rearm-oci-artifact-5c8686f45c-mmxzz    4m     69Mi     
01:58:25 rearm-postgresql-0                     175m   2479Mi   
01:58:25 rearm-rebom-backend-768fd58455-46nwc   0m     98Mi     
01:58:25 rearm-rebom-backend-768fd58455-dp9ps   1m     92Mi     
01:58:25 rearm-rebom-backend-768fd58455-tmqdc   1m     87Mi     
01:58:25 rearm-rebom-backend-768fd58455-vkfb5   5m     74Mi     
01:58:25 rearm-rebom-postgres-0                 11m    157Mi    
01:58:25 rearm-ui-5c9b8ddf9d-krkqk              1m     2Mi      
01:58:25 testreg-66bb8f476c-wt2mf               1m     405Mi    
01:58:25 zottest-ff7cfd65c-xbgvk                978m   369Mi    
01:58:55 rearm-backend-6d79d5dcc8-rj9w4         27m     7796Mi   
01:58:55 rearm-keycloak-0                       2m      724Mi    
01:58:55 rearm-keycloak-postgres-0              1m      34Mi     
01:58:55 rearm-oci-artifact-5c8686f45c-mmxzz    4m      69Mi     
01:58:55 rearm-postgresql-0                     181m    2479Mi   
01:58:55 rearm-rebom-backend-768fd58455-46nwc   1m      98Mi     
01:58:55 rearm-rebom-backend-768fd58455-dp9ps   0m      92Mi     
01:58:55 rearm-rebom-backend-768fd58455-tmqdc   1m      87Mi     
01:58:55 rearm-rebom-backend-768fd58455-vkfb5   5m      75Mi     
01:58:55 rearm-rebom-postgres-0                 11m     157Mi    
01:58:55 rearm-ui-5c9b8ddf9d-krkqk              1m      2Mi      
01:58:55 testreg-66bb8f476c-wt2mf               1m      405Mi    
01:58:55 zottest-ff7cfd65c-xbgvk                1019m   281Mi    
01:59:26 rearm-backend-6d79d5dcc8-rj9w4         35m    7796Mi   
01:59:26 rearm-keycloak-0                       2m     724Mi    
01:59:26 rearm-keycloak-postgres-0              1m     34Mi     
01:59:26 rearm-oci-artifact-5c8686f45c-mmxzz    4m     70Mi     
01:59:26 rearm-postgresql-0                     237m   2480Mi   
01:59:26 rearm-rebom-backend-768fd58455-46nwc   1m     98Mi     
01:59:26 rearm-rebom-backend-768fd58455-dp9ps   0m     92Mi     
01:59:26 rearm-rebom-backend-768fd58455-tmqdc   1m     87Mi     
01:59:26 rearm-rebom-backend-768fd58455-vkfb5   5m     77Mi     
01:59:26 rearm-rebom-postgres-0                 12m    157Mi    
01:59:26 rearm-ui-5c9b8ddf9d-krkqk              1m     2Mi      
01:59:26 testreg-66bb8f476c-wt2mf               1m     405Mi    
01:59:26 zottest-ff7cfd65c-xbgvk                984m   311Mi    
01:59:57 rearm-backend-6d79d5dcc8-rj9w4         91m    7796Mi   
01:59:57 rearm-keycloak-0                       2m     724Mi    
01:59:57 rearm-keycloak-postgres-0              1m     34Mi     
01:59:57 rearm-oci-artifact-5c8686f45c-mmxzz    5m     70Mi     
01:59:57 rearm-postgresql-0                     203m   2481Mi   
01:59:57 rearm-rebom-backend-768fd58455-46nwc   0m     98Mi     
01:59:57 rearm-rebom-backend-768fd58455-dp9ps   0m     92Mi     
01:59:57 rearm-rebom-backend-768fd58455-tmqdc   0m     87Mi     
01:59:57 rearm-rebom-backend-768fd58455-vkfb5   14m    74Mi     
01:59:57 rearm-rebom-postgres-0                 22m    157Mi    
01:59:57 rearm-ui-5c9b8ddf9d-krkqk              1m     2Mi      
01:59:57 testreg-66bb8f476c-wt2mf               1m     405Mi    
01:59:57 zottest-ff7cfd65c-xbgvk                925m   282Mi    
02:00:28 rearm-backend-6d79d5dcc8-rj9w4         30m    7796Mi   
02:00:28 rearm-keycloak-0                       2m     724Mi    
02:00:28 rearm-keycloak-postgres-0              1m     34Mi     
02:00:28 rearm-oci-artifact-5c8686f45c-mmxzz    4m     70Mi     
02:00:28 rearm-postgresql-0                     174m   2481Mi   
02:00:28 rearm-rebom-backend-768fd58455-46nwc   1m     98Mi     
02:00:28 rearm-rebom-backend-768fd58455-dp9ps   0m     92Mi     
02:00:28 rearm-rebom-backend-768fd58455-tmqdc   1m     87Mi     
02:00:28 rearm-rebom-backend-768fd58455-vkfb5   8m     75Mi     
02:00:28 rearm-rebom-postgres-0                 11m    157Mi    
02:00:28 rearm-ui-5c9b8ddf9d-krkqk              1m     2Mi      
02:00:28 testreg-66bb8f476c-wt2mf               1m     405Mi    
02:00:28 zottest-ff7cfd65c-xbgvk                992m   283Mi    
02:00:58 rearm-backend-6d79d5dcc8-rj9w4         31m     7796Mi   
02:00:58 rearm-keycloak-0                       2m      724Mi    
02:00:58 rearm-keycloak-postgres-0              1m      34Mi     
02:00:58 rearm-oci-artifact-5c8686f45c-mmxzz    4m      70Mi     
02:00:58 rearm-postgresql-0                     203m    2481Mi   
02:00:58 rearm-rebom-backend-768fd58455-46nwc   0m      98Mi     
02:00:58 rearm-rebom-backend-768fd58455-dp9ps   0m      92Mi     
02:00:58 rearm-rebom-backend-768fd58455-tmqdc   1m      87Mi     
02:00:58 rearm-rebom-backend-768fd58455-vkfb5   6m      86Mi     
02:00:58 rearm-rebom-postgres-0                 11m     157Mi    
02:00:58 rearm-ui-5c9b8ddf9d-krkqk              1m      2Mi      
02:00:58 testreg-66bb8f476c-wt2mf               1m      405Mi    
02:00:58 zottest-ff7cfd65c-xbgvk                1024m   323Mi    
02:01:29 rearm-backend-6d79d5dcc8-rj9w4         37m     7796Mi   
02:01:29 rearm-keycloak-0                       2m      724Mi    
02:01:29 rearm-keycloak-postgres-0              1m      34Mi     
02:01:29 rearm-oci-artifact-5c8686f45c-mmxzz    4m      71Mi     
02:01:29 rearm-postgresql-0                     240m    2481Mi   
02:01:29 rearm-rebom-backend-768fd58455-46nwc   0m      98Mi     
02:01:29 rearm-rebom-backend-768fd58455-dp9ps   1m      92Mi     
02:01:29 rearm-rebom-backend-768fd58455-tmqdc   0m      87Mi     
02:01:29 rearm-rebom-backend-768fd58455-vkfb5   5m      92Mi     
02:01:29 rearm-rebom-postgres-0                 12m     157Mi    
02:01:29 rearm-ui-5c9b8ddf9d-krkqk              1m      2Mi      
02:01:29 testreg-66bb8f476c-wt2mf               1m      405Mi    
02:01:29 zottest-ff7cfd65c-xbgvk                1014m   313Mi    
02:02:00 rearm-backend-6d79d5dcc8-rj9w4         29m     7796Mi   
02:02:00 rearm-keycloak-0                       2m      724Mi    
02:02:00 rearm-keycloak-postgres-0              1m      34Mi     
02:02:00 rearm-oci-artifact-5c8686f45c-mmxzz    4m      70Mi     
02:02:00 rearm-postgresql-0                     202m    2481Mi   
02:02:00 rearm-rebom-backend-768fd58455-46nwc   1m      98Mi     
02:02:00 rearm-rebom-backend-768fd58455-dp9ps   1m      92Mi     
02:02:00 rearm-rebom-backend-768fd58455-tmqdc   1m      87Mi     
02:02:00 rearm-rebom-backend-768fd58455-vkfb5   5m      93Mi     
02:02:00 rearm-rebom-postgres-0                 11m     157Mi    
02:02:00 rearm-ui-5c9b8ddf9d-krkqk              1m      2Mi      
02:02:00 testreg-66bb8f476c-wt2mf               1m      405Mi    
02:02:00 zottest-ff7cfd65c-xbgvk                1019m   352Mi    
02:02:31 rearm-backend-6d79d5dcc8-rj9w4         34m     7796Mi   
02:02:31 rearm-keycloak-0                       2m      724Mi    
02:02:31 rearm-keycloak-postgres-0              1m      34Mi     
02:02:31 rearm-oci-artifact-5c8686f45c-mmxzz    4m      69Mi     
02:02:31 rearm-postgresql-0                     221m    2474Mi   
02:02:31 rearm-rebom-backend-768fd58455-46nwc   0m      98Mi     
02:02:31 rearm-rebom-backend-768fd58455-dp9ps   1m      92Mi     
02:02:31 rearm-rebom-backend-768fd58455-tmqdc   1m      87Mi     
02:02:31 rearm-rebom-backend-768fd58455-vkfb5   5m      94Mi     
02:02:31 rearm-rebom-postgres-0                 12m     157Mi    
02:02:31 rearm-ui-5c9b8ddf9d-krkqk              1m      2Mi      
02:02:31 testreg-66bb8f476c-wt2mf               1m      405Mi    
02:02:31 zottest-ff7cfd65c-xbgvk                1008m   347Mi    
02:03:01 rearm-backend-6d79d5dcc8-rj9w4         27m     7796Mi   
02:03:01 rearm-keycloak-0                       2m      724Mi    
02:03:01 rearm-keycloak-postgres-0              1m      34Mi     
02:03:01 rearm-oci-artifact-5c8686f45c-mmxzz    4m      70Mi     
02:03:01 rearm-postgresql-0                     176m    2470Mi   
02:03:01 rearm-rebom-backend-768fd58455-46nwc   1m      98Mi     
02:03:01 rearm-rebom-backend-768fd58455-dp9ps   0m      92Mi     
02:03:01 rearm-rebom-backend-768fd58455-tmqdc   1m      87Mi     
02:03:01 rearm-rebom-backend-768fd58455-vkfb5   9m      92Mi     
02:03:01 rearm-rebom-postgres-0                 11m     157Mi    
02:03:01 rearm-ui-5c9b8ddf9d-krkqk              1m      2Mi      
02:03:01 testreg-66bb8f476c-wt2mf               1m      405Mi    
02:03:01 zottest-ff7cfd65c-xbgvk                1008m   340Mi    
02:03:32 rearm-backend-6d79d5dcc8-rj9w4         91m    7796Mi   
02:03:32 rearm-keycloak-0                       2m     724Mi    
02:03:32 rearm-keycloak-postgres-0              1m     34Mi     
02:03:32 rearm-oci-artifact-5c8686f45c-mmxzz    6m     68Mi     
02:03:32 rearm-postgresql-0                     255m   2457Mi   
02:03:32 rearm-rebom-backend-768fd58455-46nwc   0m     98Mi     
02:03:32 rearm-rebom-backend-768fd58455-dp9ps   0m     92Mi     
02:03:32 rearm-rebom-backend-768fd58455-tmqdc   1m     87Mi     
02:03:32 rearm-rebom-backend-768fd58455-vkfb5   8m     93Mi     
02:03:32 rearm-rebom-postgres-0                 12m    157Mi    
02:03:32 rearm-ui-5c9b8ddf9d-krkqk              1m     2Mi      
02:03:32 testreg-66bb8f476c-wt2mf               1m     405Mi    
02:03:32 zottest-ff7cfd65c-xbgvk                996m   282Mi    
02:04:03 rearm-backend-6d79d5dcc8-rj9w4         28m     7796Mi   
02:04:03 rearm-keycloak-0                       2m      724Mi    
02:04:03 rearm-keycloak-postgres-0              1m      34Mi     
02:04:03 rearm-oci-artifact-5c8686f45c-mmxzz    4m      71Mi     
02:04:03 rearm-postgresql-0                     190m    2457Mi   
02:04:03 rearm-rebom-backend-768fd58455-46nwc   1m      98Mi     
02:04:03 rearm-rebom-backend-768fd58455-dp9ps   1m      92Mi     
02:04:03 rearm-rebom-backend-768fd58455-tmqdc   0m      87Mi     
02:04:03 rearm-rebom-backend-768fd58455-vkfb5   5m      93Mi     
02:04:03 rearm-rebom-postgres-0                 12m     157Mi    
02:04:03 rearm-ui-5c9b8ddf9d-krkqk              1m      2Mi      
02:04:03 testreg-66bb8f476c-wt2mf               1m      405Mi    
02:04:03 zottest-ff7cfd65c-xbgvk                1012m   282Mi    
02:04:34 rearm-backend-6d79d5dcc8-rj9w4         33m     7796Mi   
02:04:34 rearm-keycloak-0                       2m      724Mi    
02:04:34 rearm-keycloak-postgres-0              1m      34Mi     
02:04:34 rearm-oci-artifact-5c8686f45c-mmxzz    4m      72Mi     
02:04:34 rearm-postgresql-0                     262m    2460Mi   
02:04:34 rearm-rebom-backend-768fd58455-46nwc   0m      98Mi     
02:04:34 rearm-rebom-backend-768fd58455-dp9ps   0m      92Mi     
02:04:34 rearm-rebom-backend-768fd58455-tmqdc   1m      87Mi     
02:04:34 rearm-rebom-backend-768fd58455-vkfb5   5m      95Mi     
02:04:34 rearm-rebom-postgres-0                 11m     157Mi    
02:04:34 rearm-ui-5c9b8ddf9d-krkqk              1m      2Mi      
02:04:34 testreg-66bb8f476c-wt2mf               1m      405Mi    
02:04:34 zottest-ff7cfd65c-xbgvk                1006m   287Mi    
02:05:04 rearm-backend-6d79d5dcc8-rj9w4         27m    7796Mi   
02:05:04 rearm-keycloak-0                       2m     724Mi    
02:05:04 rearm-keycloak-postgres-0              1m     34Mi     
02:05:04 rearm-oci-artifact-5c8686f45c-mmxzz    4m     69Mi     
02:05:04 rearm-postgresql-0                     213m   2451Mi   
02:05:04 rearm-rebom-backend-768fd58455-46nwc   0m     98Mi     
02:05:04 rearm-rebom-backend-768fd58455-dp9ps   0m     92Mi     
02:05:04 rearm-rebom-backend-768fd58455-tmqdc   0m     87Mi     
02:05:04 rearm-rebom-backend-768fd58455-vkfb5   7m     92Mi     
02:05:04 rearm-rebom-postgres-0                 11m    157Mi    
02:05:04 rearm-ui-5c9b8ddf9d-krkqk              1m     2Mi      
02:05:04 testreg-66bb8f476c-wt2mf               1m     405Mi    
02:05:04 zottest-ff7cfd65c-xbgvk                996m   296Mi    
02:05:35 rearm-backend-6d79d5dcc8-rj9w4         31m     7798Mi   
02:05:35 rearm-keycloak-0                       2m      724Mi    
02:05:35 rearm-keycloak-postgres-0              1m      34Mi     
02:05:35 rearm-oci-artifact-5c8686f45c-mmxzz    4m      70Mi     
02:05:35 rearm-postgresql-0                     176m    2456Mi   
02:05:35 rearm-rebom-backend-768fd58455-46nwc   1m      98Mi     
02:05:35 rearm-rebom-backend-768fd58455-dp9ps   1m      92Mi     
02:05:35 rearm-rebom-backend-768fd58455-tmqdc   8m      61Mi     
02:05:35 rearm-rebom-backend-768fd58455-vkfb5   1m      92Mi     
02:05:35 rearm-rebom-postgres-0                 12m     157Mi    
02:05:35 rearm-ui-5c9b8ddf9d-krkqk              1m      2Mi      
02:05:35 testreg-66bb8f476c-wt2mf               1m      405Mi    
02:05:35 zottest-ff7cfd65c-xbgvk                1017m   306Mi    
02:06:06 rearm-backend-6d79d5dcc8-rj9w4         37m     7798Mi   
02:06:06 rearm-keycloak-0                       2m      724Mi    
02:06:06 rearm-keycloak-postgres-0              1m      34Mi     
02:06:06 rearm-oci-artifact-5c8686f45c-mmxzz    4m      71Mi     
02:06:06 rearm-postgresql-0                     173m    2456Mi   
02:06:06 rearm-rebom-backend-768fd58455-46nwc   1m      98Mi     
02:06:06 rearm-rebom-backend-768fd58455-dp9ps   1m      92Mi     
02:06:06 rearm-rebom-backend-768fd58455-tmqdc   7m      66Mi     
02:06:06 rearm-rebom-backend-768fd58455-vkfb5   1m      92Mi     
02:06:06 rearm-rebom-postgres-0                 11m     157Mi    
02:06:06 rearm-ui-5c9b8ddf9d-krkqk              1m      2Mi      
02:06:06 testreg-66bb8f476c-wt2mf               1m      405Mi    
02:06:06 zottest-ff7cfd65c-xbgvk                1024m   328Mi    
02:06:37 rearm-backend-6d79d5dcc8-rj9w4         55m     7796Mi   
02:06:37 rearm-keycloak-0                       2m      724Mi    
02:06:37 rearm-keycloak-postgres-0              1m      34Mi     
02:06:37 rearm-oci-artifact-5c8686f45c-mmxzz    4m      73Mi     
02:06:37 rearm-postgresql-0                     172m    2456Mi   
02:06:37 rearm-rebom-backend-768fd58455-46nwc   1m      98Mi     
02:06:37 rearm-rebom-backend-768fd58455-dp9ps   0m      92Mi     
02:06:37 rearm-rebom-backend-768fd58455-tmqdc   6m      67Mi     
02:06:37 rearm-rebom-backend-768fd58455-vkfb5   0m      92Mi     
02:06:37 rearm-rebom-postgres-0                 12m     157Mi    
02:06:37 rearm-ui-5c9b8ddf9d-krkqk              1m      2Mi      
02:06:37 testreg-66bb8f476c-wt2mf               1m      405Mi    
02:06:37 zottest-ff7cfd65c-xbgvk                1014m   282Mi    
02:07:08 rearm-backend-6d79d5dcc8-rj9w4         65m    7797Mi   
02:07:08 rearm-keycloak-0                       2m     724Mi    
02:07:08 rearm-keycloak-postgres-0              1m     34Mi     
02:07:08 rearm-oci-artifact-5c8686f45c-mmxzz    4m     69Mi     
02:07:08 rearm-postgresql-0                     185m   2455Mi   
02:07:08 rearm-rebom-backend-768fd58455-46nwc   1m     98Mi     
02:07:08 rearm-rebom-backend-768fd58455-dp9ps   1m     92Mi     
02:07:08 rearm-rebom-backend-768fd58455-tmqdc   6m     73Mi     
02:07:08 rearm-rebom-backend-768fd58455-vkfb5   1m     92Mi     
02:07:08 rearm-rebom-postgres-0                 24m    157Mi    
02:07:08 rearm-ui-5c9b8ddf9d-krkqk              1m     2Mi      
02:07:08 testreg-66bb8f476c-wt2mf               1m     405Mi    
02:07:08 zottest-ff7cfd65c-xbgvk                913m   357Mi    
02:07:38 rearm-backend-6d79d5dcc8-rj9w4         25m     7797Mi   
02:07:38 rearm-keycloak-0                       2m      724Mi    
02:07:38 rearm-keycloak-postgres-0              1m      34Mi     
02:07:38 rearm-oci-artifact-5c8686f45c-mmxzz    4m      68Mi     
02:07:38 rearm-postgresql-0                     174m    2458Mi   
02:07:38 rearm-rebom-backend-768fd58455-46nwc   1m      98Mi     
02:07:38 rearm-rebom-backend-768fd58455-dp9ps   0m      92Mi     
02:07:38 rearm-rebom-backend-768fd58455-tmqdc   6m      73Mi     
02:07:38 rearm-rebom-backend-768fd58455-vkfb5   0m      92Mi     
02:07:38 rearm-rebom-postgres-0                 11m     157Mi    
02:07:38 rearm-ui-5c9b8ddf9d-krkqk              1m      2Mi      
02:07:38 testreg-66bb8f476c-wt2mf               1m      405Mi    
02:07:38 zottest-ff7cfd65c-xbgvk                1000m   289Mi    
02:08:09 rearm-backend-6d79d5dcc8-rj9w4         30m     7436Mi   
02:08:09 rearm-keycloak-0                       2m      724Mi    
02:08:09 rearm-keycloak-postgres-0              1m      34Mi     
02:08:09 rearm-oci-artifact-5c8686f45c-mmxzz    4m      67Mi     
02:08:09 rearm-postgresql-0                     175m    2458Mi   
02:08:09 rearm-rebom-backend-768fd58455-46nwc   0m      98Mi     
02:08:09 rearm-rebom-backend-768fd58455-dp9ps   1m      92Mi     
02:08:09 rearm-rebom-backend-768fd58455-tmqdc   6m      74Mi     
02:08:09 rearm-rebom-backend-768fd58455-vkfb5   1m      92Mi     
02:08:09 rearm-rebom-postgres-0                 12m     157Mi    
02:08:09 rearm-ui-5c9b8ddf9d-krkqk              1m      2Mi      
02:08:09 testreg-66bb8f476c-wt2mf               1m      405Mi    
02:08:09 zottest-ff7cfd65c-xbgvk                1009m   334Mi    
02:08:40 rearm-backend-6d79d5dcc8-rj9w4         36m     7074Mi   
02:08:40 rearm-keycloak-0                       2m      724Mi    
02:08:40 rearm-keycloak-postgres-0              1m      34Mi     
02:08:40 rearm-oci-artifact-5c8686f45c-mmxzz    4m      67Mi     
02:08:40 rearm-postgresql-0                     169m    2458Mi   
02:08:40 rearm-rebom-backend-768fd58455-46nwc   1m      98Mi     
02:08:40 rearm-rebom-backend-768fd58455-dp9ps   0m      92Mi     
02:08:40 rearm-rebom-backend-768fd58455-tmqdc   6m      75Mi     
02:08:40 rearm-rebom-backend-768fd58455-vkfb5   1m      92Mi     
02:08:40 rearm-rebom-postgres-0                 11m     157Mi    
02:08:40 rearm-ui-5c9b8ddf9d-krkqk              1m      2Mi      
02:08:40 testreg-66bb8f476c-wt2mf               1m      405Mi    
02:08:40 zottest-ff7cfd65c-xbgvk                1015m   353Mi    
02:09:11 rearm-backend-6d79d5dcc8-rj9w4         49m     6621Mi   
02:09:11 rearm-keycloak-0                       2m      724Mi    
02:09:11 rearm-keycloak-postgres-0              1m      34Mi     
02:09:11 rearm-oci-artifact-5c8686f45c-mmxzz    4m      68Mi     
02:09:11 rearm-postgresql-0                     177m    2460Mi   
02:09:11 rearm-rebom-backend-768fd58455-46nwc   1m      98Mi     
02:09:11 rearm-rebom-backend-768fd58455-dp9ps   1m      92Mi     
02:09:11 rearm-rebom-backend-768fd58455-tmqdc   6m      73Mi     
02:09:11 rearm-rebom-backend-768fd58455-vkfb5   0m      92Mi     
02:09:11 rearm-rebom-postgres-0                 12m     157Mi    
02:09:11 rearm-ui-5c9b8ddf9d-krkqk              1m      2Mi      
02:09:11 testreg-66bb8f476c-wt2mf               1m      405Mi    
02:09:11 zottest-ff7cfd65c-xbgvk                1014m   325Mi    
02:09:41 rearm-backend-6d79d5dcc8-rj9w4         32m     5988Mi   
02:09:41 rearm-keycloak-0                       2m      724Mi    
02:09:41 rearm-keycloak-postgres-0              1m      34Mi     
02:09:41 rearm-oci-artifact-5c8686f45c-mmxzz    4m      71Mi     
02:09:41 rearm-postgresql-0                     175m    2462Mi   
02:09:41 rearm-rebom-backend-768fd58455-46nwc   1m      98Mi     
02:09:41 rearm-rebom-backend-768fd58455-dp9ps   1m      92Mi     
02:09:41 rearm-rebom-backend-768fd58455-tmqdc   7m      84Mi     
02:09:41 rearm-rebom-backend-768fd58455-vkfb5   1m      92Mi     
02:09:41 rearm-rebom-postgres-0                 11m     157Mi    
02:09:41 rearm-ui-5c9b8ddf9d-krkqk              1m      2Mi      
02:09:41 testreg-66bb8f476c-wt2mf               2m      405Mi    
02:09:41 zottest-ff7cfd65c-xbgvk                1005m   283Mi    
02:10:12 rearm-backend-6d79d5dcc8-rj9w4         31m    5536Mi   
02:10:12 rearm-keycloak-0                       2m     724Mi    
02:10:12 rearm-keycloak-postgres-0              1m     34Mi     
02:10:12 rearm-oci-artifact-5c8686f45c-mmxzz    3m     71Mi     
02:10:12 rearm-postgresql-0                     173m   2461Mi   
02:10:12 rearm-rebom-backend-768fd58455-46nwc   1m     98Mi     
02:10:12 rearm-rebom-backend-768fd58455-dp9ps   1m     92Mi     
02:10:12 rearm-rebom-backend-768fd58455-tmqdc   5m     86Mi     
02:10:12 rearm-rebom-backend-768fd58455-vkfb5   0m     92Mi     
02:10:12 rearm-rebom-postgres-0                 11m    157Mi    
02:10:12 rearm-ui-5c9b8ddf9d-krkqk              1m     2Mi      
02:10:12 testreg-66bb8f476c-wt2mf               1m     405Mi    
02:10:12 zottest-ff7cfd65c-xbgvk                972m   284Mi    
02:10:43 rearm-backend-6d79d5dcc8-rj9w4         52m    5084Mi   
02:10:43 rearm-keycloak-0                       2m     724Mi    
02:10:43 rearm-keycloak-postgres-0              1m     34Mi     
02:10:43 rearm-oci-artifact-5c8686f45c-mmxzz    6m     71Mi     
02:10:43 rearm-postgresql-0                     208m   2461Mi   
02:10:43 rearm-rebom-backend-768fd58455-46nwc   9m     73Mi     
02:10:43 rearm-rebom-backend-768fd58455-dp9ps   1m     92Mi     
02:10:43 rearm-rebom-backend-768fd58455-tmqdc   0m     86Mi     
02:10:43 rearm-rebom-backend-768fd58455-vkfb5   1m     92Mi     
02:10:43 rearm-rebom-postgres-0                 12m    157Mi    
02:10:43 rearm-ui-5c9b8ddf9d-krkqk              1m     2Mi      
02:10:43 testreg-66bb8f476c-wt2mf               1m     405Mi    
02:10:43 zottest-ff7cfd65c-xbgvk                975m   292Mi    
02:11:14 rearm-backend-6d79d5dcc8-rj9w4         25m     4723Mi   
02:11:14 rearm-keycloak-0                       2m      724Mi    
02:11:14 rearm-keycloak-postgres-0              1m      34Mi     
02:11:14 rearm-oci-artifact-5c8686f45c-mmxzz    4m      69Mi     
02:11:14 rearm-postgresql-0                     193m    2463Mi   
02:11:14 rearm-rebom-backend-768fd58455-46nwc   6m      74Mi     
02:11:14 rearm-rebom-backend-768fd58455-dp9ps   1m      92Mi     
02:11:14 rearm-rebom-backend-768fd58455-tmqdc   1m      86Mi     
02:11:14 rearm-rebom-backend-768fd58455-vkfb5   1m      92Mi     
02:11:14 rearm-rebom-postgres-0                 17m     157Mi    
02:11:14 rearm-ui-5c9b8ddf9d-krkqk              1m      2Mi      
02:11:14 testreg-66bb8f476c-wt2mf               1m      405Mi    
02:11:14 zottest-ff7cfd65c-xbgvk                1008m   284Mi    
02:11:45 rearm-backend-6d79d5dcc8-rj9w4         26m     4723Mi   
02:11:45 rearm-keycloak-0                       2m      724Mi    
02:11:45 rearm-keycloak-postgres-0              1m      34Mi     
02:11:45 rearm-oci-artifact-5c8686f45c-mmxzz    4m      69Mi     
02:11:45 rearm-postgresql-0                     208m    2458Mi   
02:11:45 rearm-rebom-backend-768fd58455-46nwc   7m      76Mi     
02:11:45 rearm-rebom-backend-768fd58455-dp9ps   1m      92Mi     
02:11:45 rearm-rebom-backend-768fd58455-tmqdc   0m      86Mi     
02:11:45 rearm-rebom-backend-768fd58455-vkfb5   1m      92Mi     
02:11:45 rearm-rebom-postgres-0                 11m     157Mi    
02:11:45 rearm-ui-5c9b8ddf9d-krkqk              1m      2Mi      
02:11:45 testreg-66bb8f476c-wt2mf               1m      405Mi    
02:11:45 zottest-ff7cfd65c-xbgvk                1024m   349Mi    
02:12:15 rearm-backend-6d79d5dcc8-rj9w4         26m     4723Mi   
02:12:15 rearm-keycloak-0                       2m      724Mi    
02:12:15 rearm-keycloak-postgres-0              1m      34Mi     
02:12:15 rearm-oci-artifact-5c8686f45c-mmxzz    4m      70Mi     
02:12:15 rearm-postgresql-0                     207m    2457Mi   
02:12:15 rearm-rebom-backend-768fd58455-46nwc   5m      77Mi     
02:12:15 rearm-rebom-backend-768fd58455-dp9ps   1m      92Mi     
02:12:15 rearm-rebom-backend-768fd58455-tmqdc   0m      86Mi     
02:12:15 rearm-rebom-backend-768fd58455-vkfb5   0m      92Mi     
02:12:15 rearm-rebom-postgres-0                 11m     157Mi    
02:12:15 rearm-ui-5c9b8ddf9d-krkqk              1m      2Mi      
02:12:15 testreg-66bb8f476c-wt2mf               1m      405Mi    
02:12:15 zottest-ff7cfd65c-xbgvk                1014m   321Mi    
02:12:46 rearm-backend-6d79d5dcc8-rj9w4         31m    4723Mi   
02:12:46 rearm-keycloak-0                       2m     724Mi    
02:12:46 rearm-keycloak-postgres-0              1m     34Mi     
02:12:46 rearm-oci-artifact-5c8686f45c-mmxzz    4m     72Mi     
02:12:46 rearm-postgresql-0                     198m   2483Mi   
02:12:46 rearm-rebom-backend-768fd58455-46nwc   8m     83Mi     
02:12:46 rearm-rebom-backend-768fd58455-dp9ps   1m     92Mi     
02:12:46 rearm-rebom-backend-768fd58455-tmqdc   1m     86Mi     
02:12:46 rearm-rebom-backend-768fd58455-vkfb5   1m     92Mi     
02:12:46 rearm-rebom-postgres-0                 11m    157Mi    
02:12:46 rearm-ui-5c9b8ddf9d-krkqk              1m     2Mi      
02:12:46 testreg-66bb8f476c-wt2mf               1m     405Mi    
02:12:46 zottest-ff7cfd65c-xbgvk                999m   319Mi    
02:13:17 rearm-backend-6d79d5dcc8-rj9w4         23m     4723Mi   
02:13:17 rearm-keycloak-0                       2m      724Mi    
02:13:17 rearm-keycloak-postgres-0              1m      34Mi     
02:13:17 rearm-oci-artifact-5c8686f45c-mmxzz    4m      70Mi     
02:13:17 rearm-postgresql-0                     206m    2483Mi   
02:13:17 rearm-rebom-backend-768fd58455-46nwc   6m      84Mi     
02:13:17 rearm-rebom-backend-768fd58455-dp9ps   1m      92Mi     
02:13:17 rearm-rebom-backend-768fd58455-tmqdc   0m      86Mi     
02:13:17 rearm-rebom-backend-768fd58455-vkfb5   1m      92Mi     
02:13:17 rearm-rebom-postgres-0                 11m     157Mi    
02:13:17 rearm-ui-5c9b8ddf9d-krkqk              1m      2Mi      
02:13:17 testreg-66bb8f476c-wt2mf               1m      405Mi    
02:13:17 zottest-ff7cfd65c-xbgvk                1006m   322Mi    
02:13:48 rearm-backend-6d79d5dcc8-rj9w4         27m     4723Mi   
02:13:48 rearm-keycloak-0                       2m      724Mi    
02:13:48 rearm-keycloak-postgres-0              1m      34Mi     
02:13:48 rearm-oci-artifact-5c8686f45c-mmxzz    4m      67Mi     
02:13:48 rearm-postgresql-0                     204m    2479Mi   
02:13:48 rearm-rebom-backend-768fd58455-46nwc   5m      85Mi     
02:13:48 rearm-rebom-backend-768fd58455-dp9ps   0m      92Mi     
02:13:48 rearm-rebom-backend-768fd58455-tmqdc   0m      86Mi     
02:13:48 rearm-rebom-backend-768fd58455-vkfb5   1m      92Mi     
02:13:48 rearm-rebom-postgres-0                 11m     157Mi    
02:13:48 rearm-ui-5c9b8ddf9d-krkqk              1m      2Mi      
02:13:48 testreg-66bb8f476c-wt2mf               1m      405Mi    
02:13:48 zottest-ff7cfd65c-xbgvk                1005m   351Mi    
02:14:18 rearm-backend-6d79d5dcc8-rj9w4         26m     4723Mi   
02:14:18 rearm-keycloak-0                       2m      724Mi    
02:14:18 rearm-keycloak-postgres-0              1m      34Mi     
02:14:18 rearm-oci-artifact-5c8686f45c-mmxzz    4m      69Mi     
02:14:18 rearm-postgresql-0                     222m    2485Mi   
02:14:18 rearm-rebom-backend-768fd58455-46nwc   5m      85Mi     
02:14:18 rearm-rebom-backend-768fd58455-dp9ps   1m      92Mi     
02:14:18 rearm-rebom-backend-768fd58455-tmqdc   0m      86Mi     
02:14:18 rearm-rebom-backend-768fd58455-vkfb5   1m      92Mi     
02:14:18 rearm-rebom-postgres-0                 10m     157Mi    
02:14:18 rearm-ui-5c9b8ddf9d-krkqk              1m      2Mi      
02:14:18 testreg-66bb8f476c-wt2mf               1m      405Mi    
02:14:18 zottest-ff7cfd65c-xbgvk                1004m   304Mi    
02:14:49 rearm-backend-6d79d5dcc8-rj9w4         25m    4724Mi   
02:14:49 rearm-keycloak-0                       2m     724Mi    
02:14:49 rearm-keycloak-postgres-0              1m     34Mi     
02:14:49 rearm-oci-artifact-5c8686f45c-mmxzz    4m     68Mi     
02:14:49 rearm-postgresql-0                     217m   2482Mi   
02:14:49 rearm-rebom-backend-768fd58455-46nwc   10m    84Mi     
02:14:49 rearm-rebom-backend-768fd58455-dp9ps   1m     92Mi     
02:14:49 rearm-rebom-backend-768fd58455-tmqdc   1m     86Mi     
02:14:49 rearm-rebom-backend-768fd58455-vkfb5   0m     92Mi     
02:14:49 rearm-rebom-postgres-0                 11m    157Mi    
02:14:49 rearm-ui-5c9b8ddf9d-krkqk              1m     2Mi      
02:14:49 testreg-66bb8f476c-wt2mf               1m     405Mi    
02:14:49 zottest-ff7cfd65c-xbgvk                998m   370Mi    
02:15:20 rearm-backend-6d79d5dcc8-rj9w4         27m    4724Mi   
02:15:20 rearm-keycloak-0                       2m     724Mi    
02:15:20 rearm-keycloak-postgres-0              1m     34Mi     
02:15:20 rearm-oci-artifact-5c8686f45c-mmxzz    4m     68Mi     
02:15:20 rearm-postgresql-0                     206m   2483Mi   
02:15:20 rearm-rebom-backend-768fd58455-46nwc   5m     95Mi     
02:15:20 rearm-rebom-backend-768fd58455-dp9ps   0m     92Mi     
02:15:20 rearm-rebom-backend-768fd58455-tmqdc   0m     86Mi     
02:15:20 rearm-rebom-backend-768fd58455-vkfb5   1m     92Mi     
02:15:20 rearm-rebom-postgres-0                 11m    157Mi    
02:15:20 rearm-ui-5c9b8ddf9d-krkqk              1m     2Mi      
02:15:20 testreg-66bb8f476c-wt2mf               1m     405Mi    
02:15:20 zottest-ff7cfd65c-xbgvk                995m   325Mi    
02:15:51 rearm-backend-6d79d5dcc8-rj9w4         29m    4633Mi   
02:15:51 rearm-keycloak-0                       2m     724Mi    
02:15:51 rearm-keycloak-postgres-0              1m     34Mi     
02:15:51 rearm-oci-artifact-5c8686f45c-mmxzz    4m     69Mi     
02:15:51 rearm-postgresql-0                     195m   2485Mi   
02:15:51 rearm-rebom-backend-768fd58455-46nwc   5m     97Mi     
02:15:51 rearm-rebom-backend-768fd58455-dp9ps   0m     92Mi     
02:15:51 rearm-rebom-backend-768fd58455-tmqdc   1m     86Mi     
02:15:51 rearm-rebom-backend-768fd58455-vkfb5   1m     92Mi     
02:15:51 rearm-rebom-postgres-0                 11m    157Mi    
02:15:51 rearm-ui-5c9b8ddf9d-krkqk              1m     2Mi      
02:15:51 testreg-66bb8f476c-wt2mf               1m     405Mi    
02:15:51 zottest-ff7cfd65c-xbgvk                996m   332Mi    
02:16:21 rearm-backend-6d79d5dcc8-rj9w4         35m    4452Mi   
02:16:21 rearm-keycloak-0                       2m     724Mi    
02:16:21 rearm-keycloak-postgres-0              1m     34Mi     
02:16:21 rearm-oci-artifact-5c8686f45c-mmxzz    3m     72Mi     
02:16:21 rearm-postgresql-0                     197m   2485Mi   
02:16:21 rearm-rebom-backend-768fd58455-46nwc   5m     98Mi     
02:16:21 rearm-rebom-backend-768fd58455-dp9ps   1m     92Mi     
02:16:21 rearm-rebom-backend-768fd58455-tmqdc   1m     86Mi     
02:16:21 rearm-rebom-backend-768fd58455-vkfb5   0m     92Mi     
02:16:21 rearm-rebom-postgres-0                 11m    157Mi    
02:16:21 rearm-ui-5c9b8ddf9d-krkqk              1m     2Mi      
02:16:21 testreg-66bb8f476c-wt2mf               1m     405Mi    
02:16:21 zottest-ff7cfd65c-xbgvk                996m   322Mi    
02:16:52 rearm-backend-6d79d5dcc8-rj9w4         28m    4181Mi   
02:16:52 rearm-keycloak-0                       2m     724Mi    
02:16:52 rearm-keycloak-postgres-0              1m     34Mi     
02:16:52 rearm-oci-artifact-5c8686f45c-mmxzz    3m     72Mi     
02:16:52 rearm-postgresql-0                     195m   2484Mi   
02:16:52 rearm-rebom-backend-768fd58455-46nwc   9m     97Mi     
02:16:52 rearm-rebom-backend-768fd58455-dp9ps   0m     92Mi     
02:16:52 rearm-rebom-backend-768fd58455-tmqdc   1m     86Mi     
02:16:52 rearm-rebom-backend-768fd58455-vkfb5   0m     92Mi     
02:16:52 rearm-rebom-postgres-0                 10m    157Mi    
02:16:52 rearm-ui-5c9b8ddf9d-krkqk              1m     2Mi      
02:16:52 testreg-66bb8f476c-wt2mf               1m     405Mi    
02:16:52 zottest-ff7cfd65c-xbgvk                996m   355Mi    
02:17:23 rearm-backend-6d79d5dcc8-rj9w4         969m   7670Mi   
02:17:23 rearm-keycloak-0                       2m     724Mi    
02:17:23 rearm-keycloak-postgres-0              1m     34Mi     
02:17:23 rearm-oci-artifact-5c8686f45c-mmxzz    3m     69Mi     
02:17:23 rearm-postgresql-0                     560m   2514Mi   
02:17:23 rearm-rebom-backend-768fd58455-46nwc   5m     97Mi     
02:17:23 rearm-rebom-backend-768fd58455-dp9ps   1m     92Mi     
02:17:23 rearm-rebom-backend-768fd58455-tmqdc   0m     86Mi     
02:17:23 rearm-rebom-backend-768fd58455-vkfb5   1m     92Mi     
02:17:23 rearm-rebom-postgres-0                 11m    157Mi    
02:17:23 rearm-ui-5c9b8ddf9d-krkqk              1m     2Mi      
02:17:23 testreg-66bb8f476c-wt2mf               1m     405Mi    
02:17:23 zottest-ff7cfd65c-xbgvk                988m   301Mi    
02:17:54 rearm-backend-6d79d5dcc8-rj9w4         972m   7670Mi   
02:17:54 rearm-keycloak-0                       2m     724Mi    
02:17:54 rearm-keycloak-postgres-0              1m     34Mi     
02:17:54 rearm-oci-artifact-5c8686f45c-mmxzz    3m     71Mi     
02:17:54 rearm-postgresql-0                     746m   2543Mi   
02:17:54 rearm-rebom-backend-768fd58455-46nwc   4m     98Mi     
02:17:54 rearm-rebom-backend-768fd58455-dp9ps   1m     92Mi     
02:17:54 rearm-rebom-backend-768fd58455-tmqdc   1m     86Mi     
02:17:54 rearm-rebom-backend-768fd58455-vkfb5   0m     92Mi     
02:17:54 rearm-rebom-postgres-0                 9m     157Mi    
02:17:54 rearm-ui-5c9b8ddf9d-krkqk              1m     2Mi      
02:17:54 testreg-66bb8f476c-wt2mf               1m     405Mi    
02:17:54 zottest-ff7cfd65c-xbgvk                856m   311Mi    
02:18:24 rearm-backend-6d79d5dcc8-rj9w4         282m   7911Mi   
02:18:24 rearm-keycloak-0                       2m     724Mi    
02:18:24 rearm-keycloak-postgres-0              1m     34Mi     
02:18:24 rearm-oci-artifact-5c8686f45c-mmxzz    5m     72Mi     
02:18:24 rearm-postgresql-0                     214m   2544Mi   
02:18:24 rearm-rebom-backend-768fd58455-46nwc   7m     99Mi     
02:18:24 rearm-rebom-backend-768fd58455-dp9ps   0m     92Mi     
02:18:24 rearm-rebom-backend-768fd58455-tmqdc   1m     86Mi     
02:18:24 rearm-rebom-backend-768fd58455-vkfb5   1m     92Mi     
02:18:24 rearm-rebom-postgres-0                 25m    156Mi    
02:18:24 rearm-ui-5c9b8ddf9d-krkqk              1m     2Mi      
02:18:24 testreg-66bb8f476c-wt2mf               1m     400Mi    
02:18:24 zottest-ff7cfd65c-xbgvk                861m   280Mi    
02:18:55 rearm-backend-6d79d5dcc8-rj9w4         28m    7911Mi   
02:18:55 rearm-keycloak-0                       2m     724Mi    
02:18:55 rearm-keycloak-postgres-0              1m     34Mi     
02:18:55 rearm-oci-artifact-5c8686f45c-mmxzz    4m     71Mi     
02:18:55 rearm-postgresql-0                     197m   2554Mi   
02:18:55 rearm-rebom-backend-768fd58455-46nwc   5m     100Mi    
02:18:55 rearm-rebom-backend-768fd58455-dp9ps   0m     92Mi     
02:18:55 rearm-rebom-backend-768fd58455-tmqdc   0m     86Mi     
02:18:55 rearm-rebom-backend-768fd58455-vkfb5   1m     92Mi     
02:18:55 rearm-rebom-postgres-0                 10m    156Mi    
02:18:55 rearm-ui-5c9b8ddf9d-krkqk              1m     2Mi      
02:18:55 testreg-66bb8f476c-wt2mf               1m     396Mi    
02:18:55 zottest-ff7cfd65c-xbgvk                988m   319Mi    
02:19:26 rearm-backend-6d79d5dcc8-rj9w4         29m    7911Mi   
02:19:26 rearm-keycloak-0                       2m     724Mi    
02:19:26 rearm-keycloak-postgres-0              1m     34Mi     
02:19:26 rearm-oci-artifact-5c8686f45c-mmxzz    4m     70Mi     
02:19:26 rearm-postgresql-0                     214m   2555Mi   
02:19:26 rearm-rebom-backend-768fd58455-46nwc   8m     97Mi     
02:19:26 rearm-rebom-backend-768fd58455-dp9ps   1m     92Mi     
02:19:26 rearm-rebom-backend-768fd58455-tmqdc   1m     86Mi     
02:19:26 rearm-rebom-backend-768fd58455-vkfb5   1m     92Mi     
02:19:26 rearm-rebom-postgres-0                 10m    156Mi    
02:19:26 rearm-ui-5c9b8ddf9d-krkqk              1m     2Mi      
02:19:26 testreg-66bb8f476c-wt2mf               1m     396Mi    
02:19:26 zottest-ff7cfd65c-xbgvk                977m   290Mi    
02:19:57 rearm-backend-6d79d5dcc8-rj9w4         28m    7911Mi   
02:19:57 rearm-keycloak-0                       2m     724Mi    
02:19:57 rearm-keycloak-postgres-0              1m     34Mi     
02:19:57 rearm-oci-artifact-5c8686f45c-mmxzz    3m     71Mi     
02:19:57 rearm-postgresql-0                     187m   2555Mi   
02:19:57 rearm-rebom-backend-768fd58455-46nwc   6m     98Mi     
02:19:57 rearm-rebom-backend-768fd58455-dp9ps   1m     92Mi     
02:19:57 rearm-rebom-backend-768fd58455-tmqdc   1m     86Mi     
02:19:57 rearm-rebom-backend-768fd58455-vkfb5   1m     92Mi     
02:19:57 rearm-rebom-postgres-0                 10m    156Mi    
02:19:57 rearm-ui-5c9b8ddf9d-krkqk              1m     2Mi      
02:19:57 testreg-66bb8f476c-wt2mf               1m     396Mi    
02:19:57 zottest-ff7cfd65c-xbgvk                980m   290Mi    
02:20:28 rearm-backend-6d79d5dcc8-rj9w4         26m    7910Mi   
02:20:28 rearm-keycloak-0                       2m     724Mi    
02:20:28 rearm-keycloak-postgres-0              1m     34Mi     
02:20:28 rearm-oci-artifact-5c8686f45c-mmxzz    4m     70Mi     
02:20:28 rearm-postgresql-0                     208m   2551Mi   
02:20:28 rearm-rebom-backend-768fd58455-46nwc   5m     109Mi    
02:20:28 rearm-rebom-backend-768fd58455-dp9ps   1m     92Mi     
02:20:28 rearm-rebom-backend-768fd58455-tmqdc   1m     86Mi     
02:20:28 rearm-rebom-backend-768fd58455-vkfb5   0m     92Mi     
02:20:28 rearm-rebom-postgres-0                 12m    160Mi    
02:20:28 rearm-ui-5c9b8ddf9d-krkqk              1m     2Mi      
02:20:28 testreg-66bb8f476c-wt2mf               1m     396Mi    
02:20:28 zottest-ff7cfd65c-xbgvk                990m   353Mi    
02:20:58 rearm-backend-6d79d5dcc8-rj9w4         26m    7910Mi   
02:20:58 rearm-keycloak-0                       2m     724Mi    
02:20:58 rearm-keycloak-postgres-0              1m     34Mi     
02:20:58 rearm-oci-artifact-5c8686f45c-mmxzz    4m     69Mi     
02:20:58 rearm-postgresql-0                     190m   2545Mi   
02:20:58 rearm-rebom-backend-768fd58455-46nwc   5m     122Mi    
02:20:58 rearm-rebom-backend-768fd58455-dp9ps   0m     92Mi     
02:20:58 rearm-rebom-backend-768fd58455-tmqdc   1m     86Mi     
02:20:58 rearm-rebom-backend-768fd58455-vkfb5   0m     92Mi     
02:20:58 rearm-rebom-postgres-0                 11m    156Mi    
02:20:58 rearm-ui-5c9b8ddf9d-krkqk              1m     2Mi      
02:20:58 testreg-66bb8f476c-wt2mf               1m     396Mi    
02:20:58 zottest-ff7cfd65c-xbgvk                980m   290Mi    
02:21:29 rearm-backend-6d79d5dcc8-rj9w4         30m    7910Mi   
02:21:29 rearm-keycloak-0                       2m     724Mi    
02:21:29 rearm-keycloak-postgres-0              1m     34Mi     
02:21:29 rearm-oci-artifact-5c8686f45c-mmxzz    4m     69Mi     
02:21:29 rearm-postgresql-0                     210m   2540Mi   
02:21:29 rearm-rebom-backend-768fd58455-46nwc   5m     123Mi    
02:21:29 rearm-rebom-backend-768fd58455-dp9ps   1m     92Mi     
02:21:29 rearm-rebom-backend-768fd58455-tmqdc   0m     86Mi     
02:21:29 rearm-rebom-backend-768fd58455-vkfb5   1m     92Mi     
02:21:29 rearm-rebom-postgres-0                 11m    156Mi    
02:21:29 rearm-ui-5c9b8ddf9d-krkqk              1m     2Mi      
02:21:29 testreg-66bb8f476c-wt2mf               1m     396Mi    
02:21:29 zottest-ff7cfd65c-xbgvk                982m   287Mi    
02:22:00 rearm-backend-6d79d5dcc8-rj9w4         50m    7910Mi   
02:22:00 rearm-keycloak-0                       2m     724Mi    
02:22:00 rearm-keycloak-postgres-0              1m     34Mi     
02:22:00 rearm-oci-artifact-5c8686f45c-mmxzz    4m     69Mi     
02:22:00 rearm-postgresql-0                     226m   2540Mi   
02:22:00 rearm-rebom-backend-768fd58455-46nwc   5m     125Mi    
02:22:00 rearm-rebom-backend-768fd58455-dp9ps   0m     92Mi     
02:22:00 rearm-rebom-backend-768fd58455-tmqdc   1m     86Mi     
02:22:00 rearm-rebom-backend-768fd58455-vkfb5   0m     92Mi     
02:22:00 rearm-rebom-postgres-0                 10m    156Mi    
02:22:00 rearm-ui-5c9b8ddf9d-krkqk              1m     2Mi      
02:22:00 testreg-66bb8f476c-wt2mf               1m     396Mi    
02:22:00 zottest-ff7cfd65c-xbgvk                985m   304Mi    
02:22:31 rearm-backend-6d79d5dcc8-rj9w4         27m    7910Mi   
02:22:31 rearm-keycloak-0                       2m     724Mi    
02:22:31 rearm-keycloak-postgres-0              1m     34Mi     
02:22:31 rearm-oci-artifact-5c8686f45c-mmxzz    4m     69Mi     
02:22:31 rearm-postgresql-0                     243m   2536Mi   
02:22:31 rearm-rebom-backend-768fd58455-46nwc   9m     123Mi    
02:22:31 rearm-rebom-backend-768fd58455-dp9ps   0m     92Mi     
02:22:31 rearm-rebom-backend-768fd58455-tmqdc   0m     86Mi     
02:22:31 rearm-rebom-backend-768fd58455-vkfb5   1m     92Mi     
02:22:31 rearm-rebom-postgres-0                 11m    156Mi    
02:22:31 rearm-ui-5c9b8ddf9d-krkqk              1m     2Mi      
02:22:31 testreg-66bb8f476c-wt2mf               1m     396Mi    
02:22:31 zottest-ff7cfd65c-xbgvk                982m   300Mi    
02:23:01 rearm-backend-6d79d5dcc8-rj9w4         27m    7912Mi   
02:23:01 rearm-keycloak-0                       2m     724Mi    
02:23:01 rearm-keycloak-postgres-0              1m     34Mi     
02:23:01 rearm-oci-artifact-5c8686f45c-mmxzz    4m     69Mi     
02:23:01 rearm-postgresql-0                     193m   2532Mi   
02:23:01 rearm-rebom-backend-768fd58455-46nwc   5m     124Mi    
02:23:01 rearm-rebom-backend-768fd58455-dp9ps   1m     92Mi     
02:23:01 rearm-rebom-backend-768fd58455-tmqdc   1m     86Mi     
02:23:01 rearm-rebom-backend-768fd58455-vkfb5   0m     92Mi     
02:23:01 rearm-rebom-postgres-0                 11m    156Mi    
02:23:01 rearm-ui-5c9b8ddf9d-krkqk              1m     2Mi      
02:23:01 testreg-66bb8f476c-wt2mf               1m     396Mi    
02:23:01 zottest-ff7cfd65c-xbgvk                973m   289Mi    
02:23:32 rearm-backend-6d79d5dcc8-rj9w4         25m    7912Mi   
02:23:32 rearm-keycloak-0                       2m     724Mi    
02:23:32 rearm-keycloak-postgres-0              1m     34Mi     
02:23:32 rearm-oci-artifact-5c8686f45c-mmxzz    3m     70Mi     
02:23:32 rearm-postgresql-0                     221m   2532Mi   
02:23:32 rearm-rebom-backend-768fd58455-46nwc   5m     125Mi    
02:23:32 rearm-rebom-backend-768fd58455-dp9ps   0m     92Mi     
02:23:32 rearm-rebom-backend-768fd58455-tmqdc   0m     86Mi     
02:23:32 rearm-rebom-backend-768fd58455-vkfb5   1m     92Mi     
02:23:32 rearm-rebom-postgres-0                 11m    156Mi    
02:23:32 rearm-ui-5c9b8ddf9d-krkqk              1m     2Mi      
02:23:32 testreg-66bb8f476c-wt2mf               1m     396Mi    
02:23:32 zottest-ff7cfd65c-xbgvk                985m   296Mi    
02:24:03 rearm-backend-6d79d5dcc8-rj9w4         26m    7912Mi   
02:24:03 rearm-keycloak-0                       2m     724Mi    
02:24:03 rearm-keycloak-postgres-0              1m     34Mi     
02:24:03 rearm-oci-artifact-5c8686f45c-mmxzz    3m     72Mi     
02:24:03 rearm-postgresql-0                     232m   2530Mi   
02:24:03 rearm-rebom-backend-768fd58455-46nwc   4m     126Mi    
02:24:03 rearm-rebom-backend-768fd58455-dp9ps   1m     92Mi     
02:24:03 rearm-rebom-backend-768fd58455-tmqdc   1m     86Mi     
02:24:03 rearm-rebom-backend-768fd58455-vkfb5   1m     92Mi     
02:24:03 rearm-rebom-postgres-0                 10m    156Mi    
02:24:03 rearm-ui-5c9b8ddf9d-krkqk              1m     2Mi      
02:24:03 testreg-66bb8f476c-wt2mf               1m     396Mi    
02:24:03 zottest-ff7cfd65c-xbgvk                961m   329Mi    
02:24:34 rearm-backend-6d79d5dcc8-rj9w4         55m    7910Mi   
02:24:34 rearm-keycloak-0                       2m     724Mi    
02:24:34 rearm-keycloak-postgres-0              1m     34Mi     
02:24:34 rearm-oci-artifact-5c8686f45c-mmxzz    4m     71Mi     
02:24:34 rearm-postgresql-0                     253m   2532Mi   
02:24:34 rearm-rebom-backend-768fd58455-46nwc   5m     127Mi    
02:24:34 rearm-rebom-backend-768fd58455-dp9ps   0m     92Mi     
02:24:34 rearm-rebom-backend-768fd58455-tmqdc   1m     86Mi     
02:24:34 rearm-rebom-backend-768fd58455-vkfb5   0m     92Mi     
02:24:34 rearm-rebom-postgres-0                 10m    156Mi    
02:24:34 rearm-ui-5c9b8ddf9d-krkqk              1m     2Mi      
02:24:34 testreg-66bb8f476c-wt2mf               1m     396Mi    
02:24:34 zottest-ff7cfd65c-xbgvk                964m   290Mi    
02:25:04 rearm-backend-6d79d5dcc8-rj9w4         27m    7910Mi   
02:25:04 rearm-keycloak-0                       2m     724Mi    
02:25:04 rearm-keycloak-postgres-0              1m     34Mi     
02:25:04 rearm-oci-artifact-5c8686f45c-mmxzz    4m     68Mi     
02:25:04 rearm-postgresql-0                     226m   2533Mi   
02:25:04 rearm-rebom-backend-768fd58455-46nwc   7m     124Mi    
02:25:04 rearm-rebom-backend-768fd58455-dp9ps   1m     92Mi     
02:25:04 rearm-rebom-backend-768fd58455-tmqdc   0m     86Mi     
02:25:04 rearm-rebom-backend-768fd58455-vkfb5   0m     92Mi     
02:25:04 rearm-rebom-postgres-0                 10m    156Mi    
02:25:04 rearm-ui-5c9b8ddf9d-krkqk              1m     2Mi      
02:25:04 testreg-66bb8f476c-wt2mf               1m     396Mi    
02:25:04 zottest-ff7cfd65c-xbgvk                973m   344Mi    
02:25:35 rearm-backend-6d79d5dcc8-rj9w4         26m    7910Mi   
02:25:35 rearm-keycloak-0                       2m     724Mi    
02:25:35 rearm-keycloak-postgres-0              1m     34Mi     
02:25:35 rearm-oci-artifact-5c8686f45c-mmxzz    3m     70Mi     
02:25:35 rearm-postgresql-0                     218m   2532Mi   
02:25:35 rearm-rebom-backend-768fd58455-46nwc   1m     125Mi    
02:25:35 rearm-rebom-backend-768fd58455-dp9ps   1m     92Mi     
02:25:35 rearm-rebom-backend-768fd58455-tmqdc   1m     86Mi     
02:25:35 rearm-rebom-backend-768fd58455-vkfb5   6m     62Mi     
02:25:35 rearm-rebom-postgres-0                 10m    156Mi    
02:25:35 rearm-ui-5c9b8ddf9d-krkqk              1m     2Mi      
02:25:35 testreg-66bb8f476c-wt2mf               1m     396Mi    
02:25:35 zottest-ff7cfd65c-xbgvk                966m   287Mi    
02:26:06 rearm-backend-6d79d5dcc8-rj9w4         37m    7910Mi   
02:26:06 rearm-keycloak-0                       2m     724Mi    
02:26:06 rearm-keycloak-postgres-0              1m     34Mi     
02:26:06 rearm-oci-artifact-5c8686f45c-mmxzz    5m     70Mi     
02:26:06 rearm-postgresql-0                     220m   2532Mi   
02:26:06 rearm-rebom-backend-768fd58455-46nwc   1m     125Mi    
02:26:06 rearm-rebom-backend-768fd58455-dp9ps   1m     92Mi     
02:26:06 rearm-rebom-backend-768fd58455-tmqdc   0m     86Mi     
02:26:06 rearm-rebom-backend-768fd58455-vkfb5   7m     67Mi     
02:26:06 rearm-rebom-postgres-0                 20m    156Mi    
02:26:06 rearm-ui-5c9b8ddf9d-krkqk              1m     2Mi      
02:26:06 testreg-66bb8f476c-wt2mf               1m     396Mi    
02:26:06 zottest-ff7cfd65c-xbgvk                939m   301Mi    
02:26:37 rearm-backend-6d79d5dcc8-rj9w4         25m    7910Mi   
02:26:37 rearm-keycloak-0                       2m     724Mi    
02:26:37 rearm-keycloak-postgres-0              1m     34Mi     
02:26:37 rearm-oci-artifact-5c8686f45c-mmxzz    3m     72Mi     
02:26:37 rearm-postgresql-0                     234m   2534Mi   
02:26:37 rearm-rebom-backend-768fd58455-46nwc   0m     125Mi    
02:26:37 rearm-rebom-backend-768fd58455-dp9ps   1m     92Mi     
02:26:37 rearm-rebom-backend-768fd58455-tmqdc   0m     86Mi     
02:26:37 rearm-rebom-backend-768fd58455-vkfb5   5m     64Mi     
02:26:37 rearm-rebom-postgres-0                 10m    156Mi    
02:26:37 rearm-ui-5c9b8ddf9d-krkqk              1m     2Mi      
02:26:37 testreg-66bb8f476c-wt2mf               1m     396Mi    
02:26:37 zottest-ff7cfd65c-xbgvk                948m   294Mi    
02:27:07 rearm-backend-6d79d5dcc8-rj9w4         32m    7910Mi   
02:27:07 rearm-keycloak-0                       2m     724Mi    
02:27:07 rearm-keycloak-postgres-0              1m     34Mi     
02:27:07 rearm-oci-artifact-5c8686f45c-mmxzz    4m     70Mi     
02:27:07 rearm-postgresql-0                     226m   2534Mi   
02:27:07 rearm-rebom-backend-768fd58455-46nwc   1m     125Mi    
02:27:07 rearm-rebom-backend-768fd58455-dp9ps   0m     92Mi     
02:27:07 rearm-rebom-backend-768fd58455-tmqdc   1m     86Mi     
02:27:07 rearm-rebom-backend-768fd58455-vkfb5   5m     72Mi     
02:27:07 rearm-rebom-postgres-0                 10m    156Mi    
02:27:07 rearm-ui-5c9b8ddf9d-krkqk              1m     2Mi      
02:27:07 testreg-66bb8f476c-wt2mf               1m     396Mi    
02:27:07 zottest-ff7cfd65c-xbgvk                960m   326Mi    
02:27:38 rearm-backend-6d79d5dcc8-rj9w4         30m    7910Mi   
02:27:38 rearm-keycloak-0                       2m     724Mi    
02:27:38 rearm-keycloak-postgres-0              1m     34Mi     
02:27:38 rearm-oci-artifact-5c8686f45c-mmxzz    4m     71Mi     
02:27:38 rearm-postgresql-0                     225m   2542Mi   
02:27:38 rearm-rebom-backend-768fd58455-46nwc   1m     125Mi    
02:27:38 rearm-rebom-backend-768fd58455-dp9ps   1m     92Mi     
02:27:38 rearm-rebom-backend-768fd58455-tmqdc   0m     86Mi     
02:27:38 rearm-rebom-backend-768fd58455-vkfb5   5m     71Mi     
02:27:38 rearm-rebom-postgres-0                 10m    156Mi    
02:27:38 rearm-ui-5c9b8ddf9d-krkqk              1m     2Mi      
02:27:38 testreg-66bb8f476c-wt2mf               1m     396Mi    
02:27:38 zottest-ff7cfd65c-xbgvk                962m   324Mi    
02:28:09 rearm-backend-6d79d5dcc8-rj9w4         27m    7639Mi   
02:28:09 rearm-keycloak-0                       2m     724Mi    
02:28:09 rearm-keycloak-postgres-0              1m     34Mi     
02:28:09 rearm-oci-artifact-5c8686f45c-mmxzz    4m     71Mi     
02:28:09 rearm-postgresql-0                     216m   2543Mi   
02:28:09 rearm-rebom-backend-768fd58455-46nwc   0m     125Mi    
02:28:09 rearm-rebom-backend-768fd58455-dp9ps   1m     92Mi     
02:28:09 rearm-rebom-backend-768fd58455-tmqdc   0m     86Mi     
02:28:09 rearm-rebom-backend-768fd58455-vkfb5   5m     72Mi     
02:28:09 rearm-rebom-postgres-0                 10m    156Mi    
02:28:09 rearm-ui-5c9b8ddf9d-krkqk              1m     2Mi      
02:28:09 testreg-66bb8f476c-wt2mf               1m     396Mi    
02:28:09 zottest-ff7cfd65c-xbgvk                971m   339Mi    
02:28:40 rearm-backend-6d79d5dcc8-rj9w4         57m    7187Mi   
02:28:40 rearm-keycloak-0                       2m     724Mi    
02:28:40 rearm-keycloak-postgres-0              1m     34Mi     
02:28:40 rearm-oci-artifact-5c8686f45c-mmxzz    4m     68Mi     
02:28:40 rearm-postgresql-0                     187m   2543Mi   
02:28:40 rearm-rebom-backend-768fd58455-46nwc   1m     125Mi    
02:28:40 rearm-rebom-backend-768fd58455-dp9ps   1m     92Mi     
02:28:40 rearm-rebom-backend-768fd58455-tmqdc   1m     86Mi     
02:28:40 rearm-rebom-backend-768fd58455-vkfb5   5m     73Mi     
02:28:40 rearm-rebom-postgres-0                 9m     156Mi    
02:28:40 rearm-ui-5c9b8ddf9d-krkqk              1m     2Mi      
02:28:40 testreg-66bb8f476c-wt2mf               1m     396Mi    
02:28:40 zottest-ff7cfd65c-xbgvk                980m   293Mi    
02:29:10 rearm-backend-6d79d5dcc8-rj9w4         25m    6555Mi   
02:29:10 rearm-keycloak-0                       2m     724Mi    
02:29:10 rearm-keycloak-postgres-0              1m     34Mi     
02:29:10 rearm-oci-artifact-5c8686f45c-mmxzz    3m     70Mi     
02:29:10 rearm-postgresql-0                     198m   2545Mi   
02:29:10 rearm-rebom-backend-768fd58455-46nwc   1m     125Mi    
02:29:10 rearm-rebom-backend-768fd58455-dp9ps   0m     92Mi     
02:29:10 rearm-rebom-backend-768fd58455-tmqdc   0m     86Mi     
02:29:10 rearm-rebom-backend-768fd58455-vkfb5   5m     73Mi     
02:29:10 rearm-rebom-postgres-0                 11m    156Mi    
02:29:10 rearm-ui-5c9b8ddf9d-krkqk              1m     2Mi      
02:29:10 testreg-66bb8f476c-wt2mf               1m     396Mi    
02:29:10 zottest-ff7cfd65c-xbgvk                977m   358Mi    
02:29:41 rearm-backend-6d79d5dcc8-rj9w4         28m    5922Mi   
02:29:41 rearm-keycloak-0                       2m     724Mi    
02:29:41 rearm-keycloak-postgres-0              1m     34Mi     
02:29:41 rearm-oci-artifact-5c8686f45c-mmxzz    3m     70Mi     
02:29:41 rearm-postgresql-0                     224m   2544Mi   
02:29:41 rearm-rebom-backend-768fd58455-46nwc   1m     125Mi    
02:29:41 rearm-rebom-backend-768fd58455-dp9ps   1m     92Mi     
02:29:41 rearm-rebom-backend-768fd58455-tmqdc   0m     86Mi     
02:29:41 rearm-rebom-backend-768fd58455-vkfb5   5m     74Mi     
02:29:41 rearm-rebom-postgres-0                 10m    156Mi    
02:29:41 rearm-ui-5c9b8ddf9d-krkqk              1m     2Mi      
02:29:41 testreg-66bb8f476c-wt2mf               1m     396Mi    
02:29:41 zottest-ff7cfd65c-xbgvk                963m   309Mi    
02:30:12 rearm-backend-6d79d5dcc8-rj9w4         31m    5560Mi   
02:30:12 rearm-keycloak-0                       2m     724Mi    
02:30:12 rearm-keycloak-postgres-0              1m     34Mi     
02:30:12 rearm-oci-artifact-5c8686f45c-mmxzz    4m     73Mi     
02:30:12 rearm-postgresql-0                     212m   2544Mi   
02:30:12 rearm-rebom-backend-768fd58455-46nwc   0m     125Mi    
02:30:12 rearm-rebom-backend-768fd58455-dp9ps   1m     92Mi     
02:30:12 rearm-rebom-backend-768fd58455-tmqdc   1m     86Mi     
02:30:12 rearm-rebom-backend-768fd58455-vkfb5   10m    79Mi     
02:30:12 rearm-rebom-postgres-0                 27m    156Mi    
02:30:12 rearm-ui-5c9b8ddf9d-krkqk              1m     2Mi      
02:30:12 testreg-66bb8f476c-wt2mf               1m     396Mi    
02:30:12 zottest-ff7cfd65c-xbgvk                873m   339Mi    
02:30:43 rearm-backend-6d79d5dcc8-rj9w4         30m    5018Mi   
02:30:43 rearm-keycloak-0                       2m     724Mi    
02:30:43 rearm-keycloak-postgres-0              1m     34Mi     
02:30:43 rearm-oci-artifact-5c8686f45c-mmxzz    3m     73Mi     
02:30:43 rearm-postgresql-0                     199m   2542Mi   
02:30:43 rearm-rebom-backend-768fd58455-46nwc   1m     125Mi    
02:30:43 rearm-rebom-backend-768fd58455-dp9ps   1m     92Mi     
02:30:43 rearm-rebom-backend-768fd58455-tmqdc   6m     62Mi     
02:30:43 rearm-rebom-backend-768fd58455-vkfb5   1m     84Mi     
02:30:43 rearm-rebom-postgres-0                 10m    156Mi    
02:30:43 rearm-ui-5c9b8ddf9d-krkqk              1m     2Mi      
02:30:43 testreg-66bb8f476c-wt2mf               1m     396Mi    
02:30:43 zottest-ff7cfd65c-xbgvk                959m   292Mi    
02:31:13 rearm-backend-6d79d5dcc8-rj9w4         26m    4781Mi   
02:31:13 rearm-keycloak-0                       2m     724Mi    
02:31:13 rearm-keycloak-postgres-0              1m     34Mi     
02:31:13 rearm-oci-artifact-5c8686f45c-mmxzz    3m     71Mi     
02:31:13 rearm-postgresql-0                     189m   2542Mi   
02:31:13 rearm-rebom-backend-768fd58455-46nwc   0m     125Mi    
02:31:13 rearm-rebom-backend-768fd58455-dp9ps   1m     92Mi     
02:31:13 rearm-rebom-backend-768fd58455-tmqdc   7m     64Mi     
02:31:13 rearm-rebom-backend-768fd58455-vkfb5   1m     84Mi     
02:31:13 rearm-rebom-postgres-0                 10m    156Mi    
02:31:13 rearm-ui-5c9b8ddf9d-krkqk              1m     2Mi      
02:31:13 testreg-66bb8f476c-wt2mf               1m     396Mi    
02:31:13 zottest-ff7cfd65c-xbgvk                975m   353Mi    
02:31:44 rearm-backend-6d79d5dcc8-rj9w4         41m    4781Mi   
02:31:44 rearm-keycloak-0                       2m     724Mi    
02:31:44 rearm-keycloak-postgres-0              1m     34Mi     
02:31:44 rearm-oci-artifact-5c8686f45c-mmxzz    3m     69Mi     
02:31:44 rearm-postgresql-0                     222m   2543Mi   
02:31:44 rearm-rebom-backend-768fd58455-46nwc   1m     125Mi    
02:31:44 rearm-rebom-backend-768fd58455-dp9ps   0m     92Mi     
02:31:44 rearm-rebom-backend-768fd58455-tmqdc   6m     65Mi     
02:31:44 rearm-rebom-backend-768fd58455-vkfb5   0m     84Mi     
02:31:44 rearm-rebom-postgres-0                 10m    156Mi    
02:31:44 rearm-ui-5c9b8ddf9d-krkqk              1m     2Mi      
02:31:44 testreg-66bb8f476c-wt2mf               1m     396Mi    
02:31:44 zottest-ff7cfd65c-xbgvk                962m   290Mi    
02:32:15 rearm-backend-6d79d5dcc8-rj9w4         21m    4781Mi   
02:32:15 rearm-keycloak-0                       2m     724Mi    
02:32:15 rearm-keycloak-postgres-0              1m     34Mi     
02:32:15 rearm-oci-artifact-5c8686f45c-mmxzz    3m     71Mi     
02:32:15 rearm-postgresql-0                     216m   2542Mi   
02:32:15 rearm-rebom-backend-768fd58455-46nwc   1m     125Mi    
02:32:15 rearm-rebom-backend-768fd58455-dp9ps   1m     92Mi     
02:32:15 rearm-rebom-backend-768fd58455-tmqdc   6m     66Mi     
02:32:15 rearm-rebom-backend-768fd58455-vkfb5   1m     84Mi     
02:32:15 rearm-rebom-postgres-0                 10m    156Mi    
02:32:15 rearm-ui-5c9b8ddf9d-krkqk              1m     2Mi      
02:32:15 testreg-66bb8f476c-wt2mf               1m     396Mi    
02:32:15 zottest-ff7cfd65c-xbgvk                978m   334Mi    
02:32:46 rearm-backend-6d79d5dcc8-rj9w4         26m    4781Mi   
02:32:46 rearm-keycloak-0                       2m     724Mi    
02:32:46 rearm-keycloak-postgres-0              1m     34Mi     
02:32:46 rearm-oci-artifact-5c8686f45c-mmxzz    4m     68Mi     
02:32:46 rearm-postgresql-0                     217m   2542Mi   
02:32:46 rearm-rebom-backend-768fd58455-46nwc   1m     125Mi    
02:32:46 rearm-rebom-backend-768fd58455-dp9ps   0m     92Mi     
02:32:46 rearm-rebom-backend-768fd58455-tmqdc   6m     71Mi     
02:32:46 rearm-rebom-backend-768fd58455-vkfb5   0m     84Mi     
02:32:46 rearm-rebom-postgres-0                 10m    156Mi    
02:32:46 rearm-ui-5c9b8ddf9d-krkqk              1m     2Mi      
02:32:46 testreg-66bb8f476c-wt2mf               1m     396Mi    
02:32:46 zottest-ff7cfd65c-xbgvk                975m   374Mi    
02:33:17 rearm-backend-6d79d5dcc8-rj9w4         25m    4781Mi   
02:33:17 rearm-keycloak-0                       2m     724Mi    
02:33:17 rearm-keycloak-postgres-0              1m     34Mi     
02:33:17 rearm-oci-artifact-5c8686f45c-mmxzz    4m     71Mi     
02:33:17 rearm-postgresql-0                     222m   2541Mi   
02:33:17 rearm-rebom-backend-768fd58455-46nwc   1m     125Mi    
02:33:17 rearm-rebom-backend-768fd58455-dp9ps   1m     92Mi     
02:33:17 rearm-rebom-backend-768fd58455-tmqdc   5m     72Mi     
02:33:17 rearm-rebom-backend-768fd58455-vkfb5   1m     84Mi     
02:33:17 rearm-rebom-postgres-0                 10m    156Mi    
02:33:17 rearm-ui-5c9b8ddf9d-krkqk              1m     2Mi      
02:33:17 testreg-66bb8f476c-wt2mf               1m     396Mi    
02:33:17 zottest-ff7cfd65c-xbgvk                988m   301Mi    
02:33:47 rearm-backend-6d79d5dcc8-rj9w4         24m    4782Mi   
02:33:47 rearm-keycloak-0                       2m     724Mi    
02:33:47 rearm-keycloak-postgres-0              1m     34Mi     
02:33:47 rearm-oci-artifact-5c8686f45c-mmxzz    4m     71Mi     
02:33:47 rearm-postgresql-0                     219m   2541Mi   
02:33:47 rearm-rebom-backend-768fd58455-46nwc   0m     125Mi    
02:33:47 rearm-rebom-backend-768fd58455-dp9ps   1m     92Mi     
02:33:47 rearm-rebom-backend-768fd58455-tmqdc   5m     73Mi     
02:33:47 rearm-rebom-backend-768fd58455-vkfb5   1m     84Mi     
02:33:47 rearm-rebom-postgres-0                 9m     156Mi    
02:33:47 rearm-ui-5c9b8ddf9d-krkqk              1m     2Mi      
02:33:47 testreg-66bb8f476c-wt2mf               1m     396Mi    
02:33:47 zottest-ff7cfd65c-xbgvk                970m   329Mi    
02:34:18 rearm-backend-6d79d5dcc8-rj9w4         25m    4782Mi   
02:34:18 rearm-keycloak-0                       2m     724Mi    
02:34:18 rearm-keycloak-postgres-0              1m     34Mi     
02:34:18 rearm-oci-artifact-5c8686f45c-mmxzz    5m     70Mi     
02:34:18 rearm-postgresql-0                     219m   2538Mi   
02:34:18 rearm-rebom-backend-768fd58455-46nwc   1m     125Mi    
02:34:18 rearm-rebom-backend-768fd58455-dp9ps   0m     92Mi     
02:34:18 rearm-rebom-backend-768fd58455-tmqdc   5m     74Mi     
02:34:18 rearm-rebom-backend-768fd58455-vkfb5   1m     84Mi     
02:34:18 rearm-rebom-postgres-0                 24m    156Mi    
02:34:18 rearm-ui-5c9b8ddf9d-krkqk              1m     2Mi      
02:34:18 testreg-66bb8f476c-wt2mf               1m     396Mi    
02:34:18 zottest-ff7cfd65c-xbgvk                979m   301Mi    
02:34:49 rearm-backend-6d79d5dcc8-rj9w4         24m    4782Mi   
02:34:49 rearm-keycloak-0                       2m     724Mi    
02:34:49 rearm-keycloak-postgres-0              1m     34Mi     
02:34:49 rearm-oci-artifact-5c8686f45c-mmxzz    3m     69Mi     
02:34:49 rearm-postgresql-0                     217m   2535Mi   
02:34:49 rearm-rebom-backend-768fd58455-46nwc   1m     125Mi    
02:34:49 rearm-rebom-backend-768fd58455-dp9ps   1m     92Mi     
02:34:49 rearm-rebom-backend-768fd58455-tmqdc   7m     73Mi     
02:34:49 rearm-rebom-backend-768fd58455-vkfb5   0m     84Mi     
02:34:49 rearm-rebom-postgres-0                 10m    156Mi    
02:34:49 rearm-ui-5c9b8ddf9d-krkqk              1m     2Mi      
02:34:49 testreg-66bb8f476c-wt2mf               1m     396Mi    
02:34:49 zottest-ff7cfd65c-xbgvk                976m   291Mi    
02:35:20 rearm-backend-6d79d5dcc8-rj9w4         21m    4782Mi   
02:35:20 rearm-keycloak-0                       2m     724Mi    
02:35:20 rearm-keycloak-postgres-0              1m     34Mi     
02:35:20 rearm-oci-artifact-5c8686f45c-mmxzz    3m     70Mi     
02:35:20 rearm-postgresql-0                     225m   2536Mi   
02:35:20 rearm-rebom-backend-768fd58455-46nwc   0m     125Mi    
02:35:20 rearm-rebom-backend-768fd58455-dp9ps   0m     92Mi     
02:35:20 rearm-rebom-backend-768fd58455-tmqdc   5m     84Mi     
02:35:20 rearm-rebom-backend-768fd58455-vkfb5   0m     84Mi     
02:35:20 rearm-rebom-postgres-0                 10m    156Mi    
02:35:20 rearm-ui-5c9b8ddf9d-krkqk              1m     2Mi      
02:35:20 testreg-66bb8f476c-wt2mf               1m     396Mi    
02:35:20 zottest-ff7cfd65c-xbgvk                970m   357Mi    
02:35:50 rearm-backend-6d79d5dcc8-rj9w4         25m    4782Mi   
02:35:50 rearm-keycloak-0                       2m     724Mi    
02:35:50 rearm-keycloak-postgres-0              1m     34Mi     
02:35:50 rearm-oci-artifact-5c8686f45c-mmxzz    3m     70Mi     
02:35:50 rearm-postgresql-0                     197m   2535Mi   
02:35:50 rearm-rebom-backend-768fd58455-46nwc   0m     125Mi    
02:35:50 rearm-rebom-backend-768fd58455-dp9ps   6m     67Mi     
02:35:50 rearm-rebom-backend-768fd58455-tmqdc   0m     84Mi     
02:35:50 rearm-rebom-backend-768fd58455-vkfb5   0m     84Mi     
02:35:50 rearm-rebom-postgres-0                 9m     156Mi    
02:35:50 rearm-ui-5c9b8ddf9d-krkqk              1m     2Mi      
02:35:50 testreg-66bb8f476c-wt2mf               1m     396Mi    
02:35:50 zottest-ff7cfd65c-xbgvk                974m   291Mi    
02:36:21 rearm-backend-6d79d5dcc8-rj9w4         30m    4510Mi   
02:36:21 rearm-keycloak-0                       2m     724Mi    
02:36:21 rearm-keycloak-postgres-0              1m     34Mi     
02:36:21 rearm-oci-artifact-5c8686f45c-mmxzz    3m     71Mi     
02:36:21 rearm-postgresql-0                     201m   2539Mi   
02:36:21 rearm-rebom-backend-768fd58455-46nwc   1m     125Mi    
02:36:21 rearm-rebom-backend-768fd58455-dp9ps   6m     71Mi     
02:36:21 rearm-rebom-backend-768fd58455-tmqdc   1m     84Mi     
02:36:21 rearm-rebom-backend-768fd58455-vkfb5   0m     84Mi     
02:36:21 rearm-rebom-postgres-0                 10m    156Mi    
02:36:21 rearm-ui-5c9b8ddf9d-krkqk              1m     2Mi      
02:36:21 testreg-66bb8f476c-wt2mf               1m     396Mi    
02:36:21 zottest-ff7cfd65c-xbgvk                974m   294Mi    
02:36:52 rearm-backend-6d79d5dcc8-rj9w4         27m    4239Mi   
02:36:52 rearm-keycloak-0                       2m     724Mi    
02:36:52 rearm-keycloak-postgres-0              1m     34Mi     
02:36:52 rearm-oci-artifact-5c8686f45c-mmxzz    3m     71Mi     
02:36:52 rearm-postgresql-0                     204m   2540Mi   
02:36:52 rearm-rebom-backend-768fd58455-46nwc   1m     125Mi    
02:36:52 rearm-rebom-backend-768fd58455-dp9ps   5m     72Mi     
02:36:52 rearm-rebom-backend-768fd58455-tmqdc   0m     84Mi     
02:36:52 rearm-rebom-backend-768fd58455-vkfb5   1m     84Mi     
02:36:52 rearm-rebom-postgres-0                 11m    156Mi    
02:36:52 rearm-ui-5c9b8ddf9d-krkqk              1m     2Mi      
02:36:52 testreg-66bb8f476c-wt2mf               1m     396Mi    
02:36:52 zottest-ff7cfd65c-xbgvk                978m   293Mi    
02:37:23 rearm-backend-6d79d5dcc8-rj9w4         860m   6582Mi   
02:37:23 rearm-keycloak-0                       2m     724Mi    
02:37:23 rearm-keycloak-postgres-0              1m     34Mi     
02:37:23 rearm-oci-artifact-5c8686f45c-mmxzz    3m     70Mi     
02:37:23 rearm-postgresql-0                     584m   2578Mi   
02:37:23 rearm-rebom-backend-768fd58455-46nwc   0m     125Mi    
02:37:23 rearm-rebom-backend-768fd58455-dp9ps   8m     73Mi     
02:37:23 rearm-rebom-backend-768fd58455-tmqdc   1m     84Mi     
02:37:23 rearm-rebom-backend-768fd58455-vkfb5   1m     84Mi     
02:37:23 rearm-rebom-postgres-0                 10m    156Mi    
02:37:23 rearm-ui-5c9b8ddf9d-krkqk              1m     2Mi      
02:37:23 testreg-66bb8f476c-wt2mf               1m     396Mi    
02:37:23 zottest-ff7cfd65c-xbgvk                885m   355Mi    
02:37:54 rearm-backend-6d79d5dcc8-rj9w4         957m   7818Mi   
02:37:54 rearm-keycloak-0                       2m     724Mi    
02:37:54 rearm-keycloak-postgres-0              1m     34Mi     
02:37:54 rearm-oci-artifact-5c8686f45c-mmxzz    3m     70Mi     
02:37:54 rearm-postgresql-0                     748m   2585Mi   
02:37:54 rearm-rebom-backend-768fd58455-46nwc   1m     125Mi    
02:37:54 rearm-rebom-backend-768fd58455-dp9ps   5m     77Mi     
02:37:54 rearm-rebom-backend-768fd58455-tmqdc   1m     84Mi     
02:37:54 rearm-rebom-backend-768fd58455-vkfb5   0m     84Mi     
02:37:54 rearm-rebom-postgres-0                 9m     156Mi    
02:37:54 rearm-ui-5c9b8ddf9d-krkqk              1m     2Mi      
02:37:54 testreg-66bb8f476c-wt2mf               1m     396Mi    
02:37:54 zottest-ff7cfd65c-xbgvk                853m   311Mi    
02:38:24 rearm-backend-6d79d5dcc8-rj9w4         639m   7818Mi   
02:38:24 rearm-keycloak-0                       2m     724Mi    
02:38:24 rearm-keycloak-postgres-0              1m     34Mi     
02:38:24 rearm-oci-artifact-5c8686f45c-mmxzz    3m     72Mi     
02:38:24 rearm-postgresql-0                     467m   2589Mi   
02:38:24 rearm-rebom-backend-768fd58455-46nwc   0m     125Mi    
02:38:24 rearm-rebom-backend-768fd58455-dp9ps   5m     78Mi     
02:38:24 rearm-rebom-backend-768fd58455-tmqdc   0m     84Mi     
02:38:24 rearm-rebom-backend-768fd58455-vkfb5   0m     84Mi     
02:38:24 rearm-rebom-postgres-0                 10m    156Mi    
02:38:24 rearm-ui-5c9b8ddf9d-krkqk              1m     3Mi      
02:38:24 testreg-66bb8f476c-wt2mf               1m     396Mi    
02:38:24 zottest-ff7cfd65c-xbgvk                991m   292Mi    
02:38:55 rearm-backend-6d79d5dcc8-rj9w4         30m    7818Mi   
02:38:55 rearm-keycloak-0                       2m     724Mi    
02:38:55 rearm-keycloak-postgres-0              1m     34Mi     
02:38:55 rearm-oci-artifact-5c8686f45c-mmxzz    4m     73Mi     
02:38:55 rearm-postgresql-0                     212m   2598Mi   
02:38:55 rearm-rebom-backend-768fd58455-46nwc   1m     125Mi    
02:38:55 rearm-rebom-backend-768fd58455-dp9ps   6m     79Mi     
02:38:55 rearm-rebom-backend-768fd58455-tmqdc   1m     84Mi     
02:38:55 rearm-rebom-backend-768fd58455-vkfb5   1m     84Mi     
02:38:55 rearm-rebom-postgres-0                 10m    156Mi    
02:38:55 rearm-ui-5c9b8ddf9d-krkqk              1m     2Mi      
02:38:55 testreg-66bb8f476c-wt2mf               1m     396Mi    
02:38:55 zottest-ff7cfd65c-xbgvk                991m   288Mi    
02:39:26 rearm-backend-6d79d5dcc8-rj9w4         49m    7818Mi   
02:39:26 rearm-keycloak-0                       2m     724Mi    
02:39:26 rearm-keycloak-postgres-0              1m     34Mi     
02:39:26 rearm-oci-artifact-5c8686f45c-mmxzz    3m     74Mi     
02:39:26 rearm-postgresql-0                     242m   2598Mi   
02:39:26 rearm-rebom-backend-768fd58455-46nwc   0m     125Mi    
02:39:26 rearm-rebom-backend-768fd58455-dp9ps   5m     80Mi     
02:39:26 rearm-rebom-backend-768fd58455-tmqdc   0m     84Mi     
02:39:26 rearm-rebom-backend-768fd58455-vkfb5   0m     84Mi     
02:39:26 rearm-rebom-postgres-0                 10m    156Mi    
02:39:26 rearm-ui-5c9b8ddf9d-krkqk              1m     2Mi      
02:39:26 testreg-66bb8f476c-wt2mf               1m     391Mi    
02:39:26 zottest-ff7cfd65c-xbgvk                957m   297Mi    
02:39:57 rearm-backend-6d79d5dcc8-rj9w4         26m    7818Mi   
02:39:57 rearm-keycloak-0                       2m     724Mi    
02:39:57 rearm-keycloak-postgres-0              1m     34Mi     
02:39:57 rearm-oci-artifact-5c8686f45c-mmxzz    3m     74Mi     
02:39:57 rearm-postgresql-0                     227m   2598Mi   
02:39:57 rearm-rebom-backend-768fd58455-46nwc   0m     125Mi    
02:39:57 rearm-rebom-backend-768fd58455-dp9ps   9m     77Mi     
02:39:57 rearm-rebom-backend-768fd58455-tmqdc   1m     84Mi     
02:39:57 rearm-rebom-backend-768fd58455-vkfb5   0m     84Mi     
02:39:57 rearm-rebom-postgres-0                 10m    156Mi    
02:39:57 rearm-ui-5c9b8ddf9d-krkqk              1m     2Mi      
02:39:57 testreg-66bb8f476c-wt2mf               1m     391Mi    
02:39:57 zottest-ff7cfd65c-xbgvk                982m   325Mi    
02:40:27 rearm-backend-6d79d5dcc8-rj9w4         23m    7818Mi   
02:40:27 rearm-keycloak-0                       2m     724Mi    
02:40:27 rearm-keycloak-postgres-0              1m     34Mi     
02:40:27 rearm-oci-artifact-5c8686f45c-mmxzz    3m     73Mi     
02:40:27 rearm-postgresql-0                     264m   2600Mi   
02:40:27 rearm-rebom-backend-768fd58455-46nwc   1m     125Mi    
02:40:27 rearm-rebom-backend-768fd58455-dp9ps   6m     85Mi     
02:40:27 rearm-rebom-backend-768fd58455-tmqdc   1m     84Mi     
02:40:27 rearm-rebom-backend-768fd58455-vkfb5   1m     84Mi     
02:40:27 rearm-rebom-postgres-0                 10m    156Mi    
02:40:27 rearm-ui-5c9b8ddf9d-krkqk              1m     2Mi      
02:40:27 testreg-66bb8f476c-wt2mf               1m     391Mi    
02:40:27 zottest-ff7cfd65c-xbgvk                982m   345Mi    
02:40:58 rearm-backend-6d79d5dcc8-rj9w4         27m    7818Mi   
02:40:58 rearm-keycloak-0                       2m     724Mi    
02:40:58 rearm-keycloak-postgres-0              1m     34Mi     
02:40:58 rearm-oci-artifact-5c8686f45c-mmxzz    3m     70Mi     
02:40:58 rearm-postgresql-0                     214m   2600Mi   
02:40:58 rearm-rebom-backend-768fd58455-46nwc   1m     125Mi    
02:40:58 rearm-rebom-backend-768fd58455-dp9ps   5m     89Mi     
02:40:58 rearm-rebom-backend-768fd58455-tmqdc   1m     84Mi     
02:40:58 rearm-rebom-backend-768fd58455-vkfb5   1m     84Mi     
02:40:58 rearm-rebom-postgres-0                 9m     156Mi    
02:40:58 rearm-ui-5c9b8ddf9d-krkqk              1m     2Mi      
02:40:58 testreg-66bb8f476c-wt2mf               1m     391Mi    
02:40:58 zottest-ff7cfd65c-xbgvk                985m   291Mi    
02:41:29 rearm-backend-6d79d5dcc8-rj9w4         43m    7818Mi   
02:41:29 rearm-keycloak-0                       2m     724Mi    
02:41:29 rearm-keycloak-postgres-0              1m     34Mi     
02:41:29 rearm-oci-artifact-5c8686f45c-mmxzz    3m     72Mi     
02:41:29 rearm-postgresql-0                     229m   2599Mi   
02:41:29 rearm-rebom-backend-768fd58455-46nwc   1m     125Mi    
02:41:29 rearm-rebom-backend-768fd58455-dp9ps   5m     91Mi     
02:41:29 rearm-rebom-backend-768fd58455-tmqdc   0m     84Mi     
02:41:29 rearm-rebom-backend-768fd58455-vkfb5   0m     84Mi     
02:41:29 rearm-rebom-postgres-0                 10m    156Mi    
02:41:29 rearm-ui-5c9b8ddf9d-krkqk              1m     2Mi      
02:41:29 testreg-66bb8f476c-wt2mf               1m     391Mi    
02:41:29 zottest-ff7cfd65c-xbgvk                978m   301Mi    
02:42:00 rearm-backend-6d79d5dcc8-rj9w4         26m    7818Mi   
02:42:00 rearm-keycloak-0                       2m     724Mi    
02:42:00 rearm-keycloak-postgres-0              1m     34Mi     
02:42:00 rearm-oci-artifact-5c8686f45c-mmxzz    3m     71Mi     
02:42:00 rearm-postgresql-0                     204m   2599Mi   
02:42:00 rearm-rebom-backend-768fd58455-46nwc   0m     125Mi    
02:42:00 rearm-rebom-backend-768fd58455-dp9ps   5m     92Mi     
02:42:00 rearm-rebom-backend-768fd58455-tmqdc   1m     84Mi     
02:42:00 rearm-rebom-backend-768fd58455-vkfb5   0m     84Mi     
02:42:00 rearm-rebom-postgres-0                 10m    156Mi    
02:42:00 rearm-ui-5c9b8ddf9d-krkqk              1m     2Mi      
02:42:00 testreg-66bb8f476c-wt2mf               1m     391Mi    
02:42:00 zottest-ff7cfd65c-xbgvk                981m   291Mi    
02:42:31 rearm-backend-6d79d5dcc8-rj9w4         31m    7818Mi   
02:42:31 rearm-keycloak-0                       2m     724Mi    
02:42:31 rearm-keycloak-postgres-0              1m     34Mi     
02:42:31 rearm-oci-artifact-5c8686f45c-mmxzz    3m     68Mi     
02:42:31 rearm-postgresql-0                     302m   2599Mi   
02:42:31 rearm-rebom-backend-768fd58455-46nwc   1m     125Mi    
02:42:31 rearm-rebom-backend-768fd58455-dp9ps   5m     94Mi     
02:42:31 rearm-rebom-backend-768fd58455-tmqdc   1m     84Mi     
02:42:31 rearm-rebom-backend-768fd58455-vkfb5   1m     84Mi     
02:42:31 rearm-rebom-postgres-0                 10m    156Mi    
02:42:31 rearm-ui-5c9b8ddf9d-krkqk              1m     2Mi      
02:42:31 testreg-66bb8f476c-wt2mf               1m     391Mi    
02:42:31 zottest-ff7cfd65c-xbgvk                972m   356Mi    
02:43:01 rearm-backend-6d79d5dcc8-rj9w4         90m    7818Mi   
02:43:01 rearm-keycloak-0                       2m     724Mi    
02:43:01 rearm-keycloak-postgres-0              1m     34Mi     
02:43:01 rearm-oci-artifact-5c8686f45c-mmxzz    5m     71Mi     
02:43:01 rearm-postgresql-0                     201m   2584Mi   
02:43:01 rearm-rebom-backend-768fd58455-46nwc   0m     125Mi    
02:43:01 rearm-rebom-backend-768fd58455-dp9ps   11m    90Mi     
02:43:01 rearm-rebom-backend-768fd58455-tmqdc   0m     84Mi     
02:43:01 rearm-rebom-backend-768fd58455-vkfb5   0m     84Mi     
02:43:01 rearm-rebom-postgres-0                 21m    156Mi    
02:43:01 rearm-ui-5c9b8ddf9d-krkqk              1m     2Mi      
02:43:01 testreg-66bb8f476c-wt2mf               1m     391Mi    
02:43:01 zottest-ff7cfd65c-xbgvk                943m   381Mi    
02:43:32 rearm-backend-6d79d5dcc8-rj9w4         30m    7818Mi   
02:43:32 rearm-keycloak-0                       2m     724Mi    
02:43:32 rearm-keycloak-postgres-0              1m     34Mi     
02:43:32 rearm-oci-artifact-5c8686f45c-mmxzz    3m     71Mi     
02:43:32 rearm-postgresql-0                     213m   2580Mi   
02:43:32 rearm-rebom-backend-768fd58455-46nwc   0m     125Mi    
02:43:32 rearm-rebom-backend-768fd58455-dp9ps   5m     91Mi     
02:43:32 rearm-rebom-backend-768fd58455-tmqdc   1m     84Mi     
02:43:32 rearm-rebom-backend-768fd58455-vkfb5   0m     84Mi     
02:43:32 rearm-rebom-postgres-0                 10m    156Mi    
02:43:32 rearm-ui-5c9b8ddf9d-krkqk              1m     2Mi      
02:43:32 testreg-66bb8f476c-wt2mf               1m     391Mi    
02:43:32 zottest-ff7cfd65c-xbgvk                975m   359Mi    
02:44:03 rearm-backend-6d79d5dcc8-rj9w4         25m    7818Mi   
02:44:03 rearm-keycloak-0                       2m     724Mi    
02:44:03 rearm-keycloak-postgres-0              1m     34Mi     
02:44:03 rearm-oci-artifact-5c8686f45c-mmxzz    3m     69Mi     
02:44:03 rearm-postgresql-0                     228m   2581Mi   
02:44:03 rearm-rebom-backend-768fd58455-46nwc   0m     125Mi    
02:44:03 rearm-rebom-backend-768fd58455-dp9ps   5m     92Mi     
02:44:03 rearm-rebom-backend-768fd58455-tmqdc   1m     84Mi     
02:44:03 rearm-rebom-backend-768fd58455-vkfb5   1m     84Mi     
02:44:03 rearm-rebom-postgres-0                 9m     156Mi    
02:44:03 rearm-ui-5c9b8ddf9d-krkqk              1m     2Mi      
02:44:03 testreg-66bb8f476c-wt2mf               1m     391Mi    
02:44:03 zottest-ff7cfd65c-xbgvk                965m   313Mi    
02:44:34 rearm-backend-6d79d5dcc8-rj9w4         30m    7818Mi   
02:44:34 rearm-keycloak-0                       2m     724Mi    
02:44:34 rearm-keycloak-postgres-0              1m     34Mi     
02:44:34 rearm-oci-artifact-5c8686f45c-mmxzz    3m     69Mi     
02:44:34 rearm-postgresql-0                     277m   2581Mi   
02:44:34 rearm-rebom-backend-768fd58455-46nwc   0m     125Mi    
02:44:34 rearm-rebom-backend-768fd58455-dp9ps   5m     92Mi     
02:44:34 rearm-rebom-backend-768fd58455-tmqdc   0m     84Mi     
02:44:34 rearm-rebom-backend-768fd58455-vkfb5   0m     84Mi     
02:44:34 rearm-rebom-postgres-0                 10m    156Mi    
02:44:34 rearm-ui-5c9b8ddf9d-krkqk              1m     2Mi      
02:44:34 testreg-66bb8f476c-wt2mf               1m     391Mi    
02:44:34 zottest-ff7cfd65c-xbgvk                967m   303Mi    
02:45:04 rearm-backend-6d79d5dcc8-rj9w4         25m    7818Mi   
02:45:04 rearm-keycloak-0                       2m     724Mi    
02:45:04 rearm-keycloak-postgres-0              1m     34Mi     
02:45:04 rearm-oci-artifact-5c8686f45c-mmxzz    3m     68Mi     
02:45:04 rearm-postgresql-0                     205m   2577Mi   
02:45:04 rearm-rebom-backend-768fd58455-46nwc   1m     125Mi    
02:45:04 rearm-rebom-backend-768fd58455-dp9ps   4m     93Mi     
02:45:04 rearm-rebom-backend-768fd58455-tmqdc   1m     84Mi     
02:45:04 rearm-rebom-backend-768fd58455-vkfb5   0m     84Mi     
02:45:04 rearm-rebom-postgres-0                 10m    156Mi    
02:45:04 rearm-ui-5c9b8ddf9d-krkqk              1m     2Mi      
02:45:04 testreg-66bb8f476c-wt2mf               1m     391Mi    
02:45:04 zottest-ff7cfd65c-xbgvk                970m   320Mi    
02:45:35 rearm-backend-6d79d5dcc8-rj9w4         22m    7818Mi   
02:45:35 rearm-keycloak-0                       2m     724Mi    
02:45:35 rearm-keycloak-postgres-0              1m     34Mi     
02:45:35 rearm-oci-artifact-5c8686f45c-mmxzz    4m     68Mi     
02:45:35 rearm-postgresql-0                     185m   2577Mi   
02:45:35 rearm-rebom-backend-768fd58455-46nwc   5m     74Mi     
02:45:35 rearm-rebom-backend-768fd58455-dp9ps   1m     94Mi     
02:45:35 rearm-rebom-backend-768fd58455-tmqdc   1m     84Mi     
02:45:35 rearm-rebom-backend-768fd58455-vkfb5   1m     84Mi     
02:45:35 rearm-rebom-postgres-0                 10m    156Mi    
02:45:35 rearm-ui-5c9b8ddf9d-krkqk              1m     2Mi      
02:45:35 testreg-66bb8f476c-wt2mf               1m     391Mi    
02:45:35 zottest-ff7cfd65c-xbgvk                973m   289Mi    
02:46:06 rearm-backend-6d79d5dcc8-rj9w4         24m    7818Mi   
02:46:06 rearm-keycloak-0                       2m     724Mi    
02:46:06 rearm-keycloak-postgres-0              1m     34Mi     
02:46:06 rearm-oci-artifact-5c8686f45c-mmxzz    3m     71Mi     
02:46:06 rearm-postgresql-0                     205m   2579Mi   
02:46:06 rearm-rebom-backend-768fd58455-46nwc   7m     76Mi     
02:46:06 rearm-rebom-backend-768fd58455-dp9ps   0m     94Mi     
02:46:06 rearm-rebom-backend-768fd58455-tmqdc   0m     84Mi     
02:46:06 rearm-rebom-backend-768fd58455-vkfb5   1m     84Mi     
02:46:06 rearm-rebom-postgres-0                 9m     156Mi    
02:46:06 rearm-ui-5c9b8ddf9d-krkqk              1m     2Mi      
02:46:06 testreg-66bb8f476c-wt2mf               1m     391Mi    
02:46:06 zottest-ff7cfd65c-xbgvk                973m   306Mi    
02:46:37 rearm-backend-6d79d5dcc8-rj9w4         25m    7818Mi   
02:46:37 rearm-keycloak-0                       2m     724Mi    
02:46:37 rearm-keycloak-postgres-0              1m     34Mi     
02:46:37 rearm-oci-artifact-5c8686f45c-mmxzz    3m     69Mi     
02:46:37 rearm-postgresql-0                     212m   2577Mi   
02:46:37 rearm-rebom-backend-768fd58455-46nwc   5m     77Mi     
02:46:37 rearm-rebom-backend-768fd58455-dp9ps   1m     94Mi     
02:46:37 rearm-rebom-backend-768fd58455-tmqdc   0m     84Mi     
02:46:37 rearm-rebom-backend-768fd58455-vkfb5   1m     84Mi     
02:46:37 rearm-rebom-postgres-0                 9m     156Mi    
02:46:37 rearm-ui-5c9b8ddf9d-krkqk              1m     2Mi      
02:46:37 testreg-66bb8f476c-wt2mf               1m     391Mi    
02:46:37 zottest-ff7cfd65c-xbgvk                987m   360Mi    
02:47:07 rearm-backend-6d79d5dcc8-rj9w4         87m    7818Mi   
02:47:07 rearm-keycloak-0                       2m     724Mi    
02:47:07 rearm-keycloak-postgres-0              1m     34Mi     
02:47:07 rearm-oci-artifact-5c8686f45c-mmxzz    4m     71Mi     
02:47:07 rearm-postgresql-0                     233m   2579Mi   
02:47:07 rearm-rebom-backend-768fd58455-46nwc   7m     78Mi     
02:47:07 rearm-rebom-backend-768fd58455-dp9ps   0m     94Mi     
02:47:07 rearm-rebom-backend-768fd58455-tmqdc   1m     84Mi     
02:47:07 rearm-rebom-backend-768fd58455-vkfb5   0m     84Mi     
02:47:07 rearm-rebom-postgres-0                 21m    156Mi    
02:47:07 rearm-ui-5c9b8ddf9d-krkqk              1m     2Mi      
02:47:07 testreg-66bb8f476c-wt2mf               1m     391Mi    
02:47:07 zottest-ff7cfd65c-xbgvk                934m   334Mi    
02:47:38 rearm-backend-6d79d5dcc8-rj9w4         25m    7637Mi   
02:47:38 rearm-keycloak-0                       2m     724Mi    
02:47:38 rearm-keycloak-postgres-0              1m     34Mi     
02:47:38 rearm-oci-artifact-5c8686f45c-mmxzz    4m     68Mi     
02:47:38 rearm-postgresql-0                     194m   2579Mi   
02:47:38 rearm-rebom-backend-768fd58455-46nwc   9m     76Mi     
02:47:38 rearm-rebom-backend-768fd58455-dp9ps   1m     94Mi     
02:47:38 rearm-rebom-backend-768fd58455-tmqdc   1m     84Mi     
02:47:38 rearm-rebom-backend-768fd58455-vkfb5   1m     84Mi     
02:47:38 rearm-rebom-postgres-0                 10m    156Mi    
02:47:38 rearm-ui-5c9b8ddf9d-krkqk              1m     2Mi      
02:47:38 testreg-66bb8f476c-wt2mf               1m     391Mi    
02:47:38 zottest-ff7cfd65c-xbgvk                972m   292Mi    
02:48:09 rearm-backend-6d79d5dcc8-rj9w4         30m    7185Mi   
02:48:09 rearm-keycloak-0                       2m     724Mi    
02:48:09 rearm-keycloak-postgres-0              1m     34Mi     
02:48:09 rearm-oci-artifact-5c8686f45c-mmxzz    3m     68Mi     
02:48:09 rearm-postgresql-0                     216m   2582Mi   
02:48:09 rearm-rebom-backend-768fd58455-46nwc   5m     86Mi     
02:48:09 rearm-rebom-backend-768fd58455-dp9ps   1m     94Mi     
02:48:09 rearm-rebom-backend-768fd58455-tmqdc   0m     84Mi     
02:48:09 rearm-rebom-backend-768fd58455-vkfb5   1m     84Mi     
02:48:09 rearm-rebom-postgres-0                 10m    156Mi    
02:48:09 rearm-ui-5c9b8ddf9d-krkqk              1m     2Mi      
02:48:09 testreg-66bb8f476c-wt2mf               1m     391Mi    
02:48:09 zottest-ff7cfd65c-xbgvk                982m   299Mi    
02:48:40 rearm-backend-6d79d5dcc8-rj9w4         28m    6643Mi   
02:48:40 rearm-keycloak-0                       2m     724Mi    
02:48:40 rearm-keycloak-postgres-0              1m     34Mi     
02:48:40 rearm-oci-artifact-5c8686f45c-mmxzz    4m     71Mi     
02:48:40 rearm-postgresql-0                     198m   2582Mi   
02:48:40 rearm-rebom-backend-768fd58455-46nwc   5m     87Mi     
02:48:40 rearm-rebom-backend-768fd58455-dp9ps   0m     94Mi     
02:48:40 rearm-rebom-backend-768fd58455-tmqdc   1m     84Mi     
02:48:40 rearm-rebom-backend-768fd58455-vkfb5   1m     84Mi     
02:48:40 rearm-rebom-postgres-0                 11m    156Mi    
02:48:40 rearm-ui-5c9b8ddf9d-krkqk              1m     2Mi      
02:48:40 testreg-66bb8f476c-wt2mf               1m     391Mi    
02:48:40 zottest-ff7cfd65c-xbgvk                969m   293Mi    
02:49:10 rearm-backend-6d79d5dcc8-rj9w4         27m    6101Mi   
02:49:10 rearm-keycloak-0                       2m     724Mi    
02:49:10 rearm-keycloak-postgres-0              1m     34Mi     
02:49:10 rearm-oci-artifact-5c8686f45c-mmxzz    3m     71Mi     
02:49:10 rearm-postgresql-0                     199m   2582Mi   
02:49:10 rearm-rebom-backend-768fd58455-46nwc   5m     87Mi     
02:49:10 rearm-rebom-backend-768fd58455-dp9ps   1m     94Mi     
02:49:10 rearm-rebom-backend-768fd58455-tmqdc   0m     84Mi     
02:49:10 rearm-rebom-backend-768fd58455-vkfb5   0m     84Mi     
02:49:10 rearm-rebom-postgres-0                 10m    156Mi    
02:49:10 rearm-ui-5c9b8ddf9d-krkqk              1m     2Mi      
02:49:10 testreg-66bb8f476c-wt2mf               1m     391Mi    
02:49:10 zottest-ff7cfd65c-xbgvk                985m   335Mi    
02:49:41 rearm-backend-6d79d5dcc8-rj9w4         23m    5559Mi   
02:49:41 rearm-keycloak-0                       2m     724Mi    
02:49:41 rearm-keycloak-postgres-0              1m     34Mi     
02:49:41 rearm-oci-artifact-5c8686f45c-mmxzz    3m     72Mi     
02:49:41 rearm-postgresql-0                     217m   2583Mi   
02:49:41 rearm-rebom-backend-768fd58455-46nwc   5m     88Mi     
02:49:41 rearm-rebom-backend-768fd58455-dp9ps   1m     94Mi     
02:49:41 rearm-rebom-backend-768fd58455-tmqdc   1m     84Mi     
02:49:41 rearm-rebom-backend-768fd58455-vkfb5   1m     84Mi     
02:49:41 rearm-rebom-postgres-0                 11m    156Mi    
02:49:41 rearm-ui-5c9b8ddf9d-krkqk              1m     2Mi      
02:49:41 testreg-66bb8f476c-wt2mf               1m     391Mi    
02:49:41 zottest-ff7cfd65c-xbgvk                992m   340Mi    
02:50:12 rearm-backend-6d79d5dcc8-rj9w4         25m    5197Mi   
02:50:12 rearm-keycloak-0                       2m     724Mi    
02:50:12 rearm-keycloak-postgres-0              1m     34Mi     
02:50:12 rearm-oci-artifact-5c8686f45c-mmxzz    3m     74Mi     
02:50:12 rearm-postgresql-0                     210m   2583Mi   
02:50:12 rearm-rebom-backend-768fd58455-46nwc   4m     89Mi     
02:50:12 rearm-rebom-backend-768fd58455-dp9ps   1m     94Mi     
02:50:12 rearm-rebom-backend-768fd58455-tmqdc   0m     84Mi     
02:50:12 rearm-rebom-backend-768fd58455-vkfb5   0m     84Mi     
02:50:12 rearm-rebom-postgres-0                 9m     156Mi    
02:50:12 rearm-ui-5c9b8ddf9d-krkqk              1m     2Mi      
02:50:12 testreg-66bb8f476c-wt2mf               1m     391Mi    
02:50:12 zottest-ff7cfd65c-xbgvk                940m   329Mi    
02:50:43 rearm-backend-6d79d5dcc8-rj9w4         44m    4787Mi   
02:50:43 rearm-keycloak-0                       2m     724Mi    
02:50:43 rearm-keycloak-postgres-0              1m     34Mi     
02:50:43 rearm-oci-artifact-5c8686f45c-mmxzz    3m     73Mi     
02:50:43 rearm-postgresql-0                     189m   2583Mi   
02:50:43 rearm-rebom-backend-768fd58455-46nwc   1m     90Mi     
02:50:43 rearm-rebom-backend-768fd58455-dp9ps   0m     94Mi     
02:50:43 rearm-rebom-backend-768fd58455-tmqdc   5m     61Mi     
02:50:43 rearm-rebom-backend-768fd58455-vkfb5   1m     84Mi     
02:50:43 rearm-rebom-postgres-0                 9m     156Mi    
02:50:43 rearm-ui-5c9b8ddf9d-krkqk              1m     2Mi      
02:50:43 testreg-66bb8f476c-wt2mf               1m     391Mi    
02:50:43 zottest-ff7cfd65c-xbgvk                980m   291Mi    
02:51:14 rearm-backend-6d79d5dcc8-rj9w4         32m    4787Mi   
02:51:14 rearm-keycloak-0                       2m     724Mi    
02:51:14 rearm-keycloak-postgres-0              1m     34Mi     
02:51:14 rearm-oci-artifact-5c8686f45c-mmxzz    3m     69Mi     
02:51:14 rearm-postgresql-0                     192m   2583Mi   
02:51:14 rearm-rebom-backend-768fd58455-46nwc   1m     90Mi     
02:51:14 rearm-rebom-backend-768fd58455-dp9ps   0m     94Mi     
02:51:14 rearm-rebom-backend-768fd58455-tmqdc   10m    63Mi     
02:51:14 rearm-rebom-backend-768fd58455-vkfb5   0m     84Mi     
02:51:14 rearm-rebom-postgres-0                 10m    157Mi    
02:51:14 rearm-ui-5c9b8ddf9d-krkqk              1m     2Mi      
02:51:14 testreg-66bb8f476c-wt2mf               1m     391Mi    
02:51:14 zottest-ff7cfd65c-xbgvk                974m   292Mi    
02:51:44 rearm-backend-6d79d5dcc8-rj9w4         77m    4787Mi   
02:51:44 rearm-keycloak-0                       2m     724Mi    
02:51:44 rearm-keycloak-postgres-0              1m     34Mi     
02:51:44 rearm-oci-artifact-5c8686f45c-mmxzz    3m     71Mi     
02:51:44 rearm-postgresql-0                     229m   2577Mi   
02:51:44 rearm-rebom-backend-768fd58455-46nwc   1m     90Mi     
02:51:44 rearm-rebom-backend-768fd58455-dp9ps   1m     94Mi     
02:51:44 rearm-rebom-backend-768fd58455-tmqdc   5m     64Mi     
02:51:44 rearm-rebom-backend-768fd58455-vkfb5   1m     84Mi     
02:51:44 rearm-rebom-postgres-0                 22m    156Mi    
02:51:44 rearm-ui-5c9b8ddf9d-krkqk              1m     2Mi      
02:51:44 testreg-66bb8f476c-wt2mf               1m     391Mi    
02:51:44 zottest-ff7cfd65c-xbgvk                986m   334Mi    
02:52:15 rearm-backend-6d79d5dcc8-rj9w4         25m    4787Mi   
02:52:15 rearm-keycloak-0                       2m     724Mi    
02:52:15 rearm-keycloak-postgres-0              1m     34Mi     
02:52:15 rearm-oci-artifact-5c8686f45c-mmxzz    3m     70Mi     
02:52:15 rearm-postgresql-0                     228m   2578Mi   
02:52:15 rearm-rebom-backend-768fd58455-46nwc   1m     90Mi     
02:52:15 rearm-rebom-backend-768fd58455-dp9ps   0m     94Mi     
02:52:15 rearm-rebom-backend-768fd58455-tmqdc   9m     70Mi     
02:52:15 rearm-rebom-backend-768fd58455-vkfb5   1m     84Mi     
02:52:15 rearm-rebom-postgres-0                 10m    156Mi    
02:52:15 rearm-ui-5c9b8ddf9d-krkqk              1m     2Mi      
02:52:15 testreg-66bb8f476c-wt2mf               1m     391Mi    
02:52:15 zottest-ff7cfd65c-xbgvk                974m   345Mi    
02:52:46 rearm-backend-6d79d5dcc8-rj9w4         25m    4787Mi   
02:52:46 rearm-keycloak-0                       2m     724Mi    
02:52:46 rearm-keycloak-postgres-0              1m     34Mi     
02:52:46 rearm-oci-artifact-5c8686f45c-mmxzz    4m     68Mi     
02:52:46 rearm-postgresql-0                     214m   2579Mi   
02:52:46 rearm-rebom-backend-768fd58455-46nwc   1m     90Mi     
02:52:46 rearm-rebom-backend-768fd58455-dp9ps   1m     94Mi     
02:52:46 rearm-rebom-backend-768fd58455-tmqdc   6m     71Mi     
02:52:46 rearm-rebom-backend-768fd58455-vkfb5   0m     84Mi     
02:52:46 rearm-rebom-postgres-0                 10m    156Mi    
02:52:46 rearm-ui-5c9b8ddf9d-krkqk              1m     2Mi      
02:52:46 testreg-66bb8f476c-wt2mf               1m     391Mi    
02:52:46 zottest-ff7cfd65c-xbgvk                980m   323Mi    
02:53:17 rearm-backend-6d79d5dcc8-rj9w4         25m    4787Mi   
02:53:17 rearm-keycloak-0                       2m     724Mi    
02:53:17 rearm-keycloak-postgres-0              1m     34Mi     
02:53:17 rearm-oci-artifact-5c8686f45c-mmxzz    3m     75Mi     
02:53:17 rearm-postgresql-0                     214m   2579Mi   
02:53:17 rearm-rebom-backend-768fd58455-46nwc   0m     90Mi     
02:53:17 rearm-rebom-backend-768fd58455-dp9ps   1m     94Mi     
02:53:17 rearm-rebom-backend-768fd58455-tmqdc   5m     72Mi     
02:53:17 rearm-rebom-backend-768fd58455-vkfb5   1m     84Mi     
02:53:17 rearm-rebom-postgres-0                 9m     156Mi    
02:53:17 rearm-ui-5c9b8ddf9d-krkqk              1m     2Mi      
02:53:17 testreg-66bb8f476c-wt2mf               1m     391Mi    
02:53:17 zottest-ff7cfd65c-xbgvk                973m   293Mi    
02:53:47 rearm-backend-6d79d5dcc8-rj9w4         23m    4788Mi   
02:53:47 rearm-keycloak-0                       2m     724Mi    
02:53:47 rearm-keycloak-postgres-0              1m     34Mi     
02:53:47 rearm-oci-artifact-5c8686f45c-mmxzz    3m     70Mi     
02:53:47 rearm-postgresql-0                     219m   2580Mi   
02:53:47 rearm-rebom-backend-768fd58455-46nwc   1m     90Mi     
02:53:47 rearm-rebom-backend-768fd58455-dp9ps   1m     94Mi     
02:53:47 rearm-rebom-backend-768fd58455-tmqdc   5m     73Mi     
02:53:47 rearm-rebom-backend-768fd58455-vkfb5   1m     84Mi     
02:53:47 rearm-rebom-postgres-0                 9m     156Mi    
02:53:47 rearm-ui-5c9b8ddf9d-krkqk              1m     2Mi      
02:53:47 testreg-66bb8f476c-wt2mf               1m     391Mi    
02:53:47 zottest-ff7cfd65c-xbgvk                967m   291Mi    
02:54:18 rearm-backend-6d79d5dcc8-rj9w4         24m    4788Mi   
02:54:18 rearm-keycloak-0                       2m     724Mi    
02:54:18 rearm-keycloak-postgres-0              1m     34Mi     
02:54:18 rearm-oci-artifact-5c8686f45c-mmxzz    3m     73Mi     
02:54:18 rearm-postgresql-0                     218m   2575Mi   
02:54:18 rearm-rebom-backend-768fd58455-46nwc   1m     90Mi     
02:54:18 rearm-rebom-backend-768fd58455-dp9ps   1m     94Mi     
02:54:18 rearm-rebom-backend-768fd58455-tmqdc   5m     74Mi     
02:54:18 rearm-rebom-backend-768fd58455-vkfb5   1m     84Mi     
02:54:18 rearm-rebom-postgres-0                 9m     156Mi    
02:54:18 rearm-ui-5c9b8ddf9d-krkqk              1m     2Mi      
02:54:18 testreg-66bb8f476c-wt2mf               1m     391Mi    
02:54:18 zottest-ff7cfd65c-xbgvk                959m   332Mi    
02:54:49 rearm-backend-6d79d5dcc8-rj9w4         25m    4788Mi   
02:54:49 rearm-keycloak-0                       2m     724Mi    
02:54:49 rearm-keycloak-postgres-0              1m     34Mi     
02:54:49 rearm-oci-artifact-5c8686f45c-mmxzz    4m     68Mi     
02:54:49 rearm-postgresql-0                     224m   2576Mi   
02:54:49 rearm-rebom-backend-768fd58455-46nwc   1m     90Mi     
02:54:49 rearm-rebom-backend-768fd58455-dp9ps   1m     94Mi     
02:54:49 rearm-rebom-backend-768fd58455-tmqdc   5m     75Mi     
02:54:49 rearm-rebom-backend-768fd58455-vkfb5   0m     84Mi     
02:54:49 rearm-rebom-postgres-0                 8m     156Mi    
02:54:49 rearm-ui-5c9b8ddf9d-krkqk              1m     2Mi      
02:54:49 testreg-66bb8f476c-wt2mf               1m     391Mi    
02:54:49 zottest-ff7cfd65c-xbgvk                990m   353Mi    
02:55:20 rearm-backend-6d79d5dcc8-rj9w4         24m    4788Mi   
02:55:20 rearm-keycloak-0                       2m     724Mi    
02:55:20 rearm-keycloak-postgres-0              1m     34Mi     
02:55:20 rearm-oci-artifact-5c8686f45c-mmxzz    3m     71Mi     
02:55:20 rearm-postgresql-0                     210m   2579Mi   
02:55:20 rearm-rebom-backend-768fd58455-46nwc   0m     90Mi     
02:55:20 rearm-rebom-backend-768fd58455-dp9ps   0m     94Mi     
02:55:20 rearm-rebom-backend-768fd58455-tmqdc   5m     71Mi     
02:55:20 rearm-rebom-backend-768fd58455-vkfb5   1m     84Mi     
02:55:20 rearm-rebom-postgres-0                 9m     156Mi    
02:55:20 rearm-ui-5c9b8ddf9d-krkqk              1m     2Mi      
02:55:20 testreg-66bb8f476c-wt2mf               1m     391Mi    
02:55:20 zottest-ff7cfd65c-xbgvk                956m   291Mi    
02:55:50 rearm-backend-6d79d5dcc8-rj9w4         53m    4516Mi   
02:55:50 rearm-keycloak-0                       2m     724Mi    
02:55:50 rearm-keycloak-postgres-0              1m     34Mi     
02:55:50 rearm-oci-artifact-5c8686f45c-mmxzz    4m     68Mi     
02:55:50 rearm-postgresql-0                     188m   2578Mi   
02:55:50 rearm-rebom-backend-768fd58455-46nwc   1m     90Mi     
02:55:50 rearm-rebom-backend-768fd58455-dp9ps   10m    65Mi     
02:55:50 rearm-rebom-backend-768fd58455-tmqdc   1m     71Mi     
02:55:50 rearm-rebom-backend-768fd58455-vkfb5   0m     84Mi     
02:55:50 rearm-rebom-postgres-0                 15m    156Mi    
02:55:50 rearm-ui-5c9b8ddf9d-krkqk              1m     2Mi      
02:55:50 testreg-66bb8f476c-wt2mf               1m     391Mi    
02:55:50 zottest-ff7cfd65c-xbgvk                912m   305Mi    
02:56:21 rearm-backend-6d79d5dcc8-rj9w4         31m    4245Mi   
02:56:21 rearm-keycloak-0                       2m     724Mi    
02:56:21 rearm-keycloak-postgres-0              1m     34Mi     
02:56:21 rearm-oci-artifact-5c8686f45c-mmxzz    4m     70Mi     
02:56:21 rearm-postgresql-0                     180m   2580Mi   
02:56:21 rearm-rebom-backend-768fd58455-46nwc   1m     90Mi     
02:56:21 rearm-rebom-backend-768fd58455-dp9ps   8m     66Mi     
02:56:21 rearm-rebom-backend-768fd58455-tmqdc   0m     71Mi     
02:56:21 rearm-rebom-backend-768fd58455-vkfb5   0m     84Mi     
02:56:21 rearm-rebom-postgres-0                 9m     156Mi    
02:56:21 rearm-ui-5c9b8ddf9d-krkqk              1m     2Mi      
02:56:21 testreg-66bb8f476c-wt2mf               1m     391Mi    
02:56:21 zottest-ff7cfd65c-xbgvk                982m   338Mi    
02:56:52 rearm-backend-6d79d5dcc8-rj9w4         28m    3974Mi   
02:56:52 rearm-keycloak-0                       2m     724Mi    
02:56:52 rearm-keycloak-postgres-0              1m     34Mi     
02:56:52 rearm-oci-artifact-5c8686f45c-mmxzz    3m     74Mi     
02:56:52 rearm-postgresql-0                     206m   2581Mi   
02:56:52 rearm-rebom-backend-768fd58455-46nwc   0m     90Mi     
02:56:52 rearm-rebom-backend-768fd58455-dp9ps   5m     67Mi     
02:56:52 rearm-rebom-backend-768fd58455-tmqdc   1m     71Mi     
02:56:52 rearm-rebom-backend-768fd58455-vkfb5   1m     84Mi     
02:56:52 rearm-rebom-postgres-0                 9m     156Mi    
02:56:52 rearm-ui-5c9b8ddf9d-krkqk              1m     2Mi      
02:56:52 testreg-66bb8f476c-wt2mf               1m     391Mi    
02:56:52 zottest-ff7cfd65c-xbgvk                996m   324Mi    
02:57:23 rearm-backend-6d79d5dcc8-rj9w4         973m   7447Mi   
02:57:23 rearm-keycloak-0                       2m     724Mi    
02:57:23 rearm-keycloak-postgres-0              1m     34Mi     
02:57:23 rearm-oci-artifact-5c8686f45c-mmxzz    3m     71Mi     
02:57:23 rearm-postgresql-0                     344m   2591Mi   
02:57:23 rearm-rebom-backend-768fd58455-46nwc   1m     90Mi     
02:57:23 rearm-rebom-backend-768fd58455-dp9ps   5m     67Mi     
02:57:23 rearm-rebom-backend-768fd58455-tmqdc   1m     71Mi     
02:57:23 rearm-rebom-backend-768fd58455-vkfb5   0m     84Mi     
02:57:23 rearm-rebom-postgres-0                 9m     156Mi    
02:57:23 rearm-ui-5c9b8ddf9d-krkqk              1m     2Mi      
02:57:23 testreg-66bb8f476c-wt2mf               1m     391Mi    
02:57:23 zottest-ff7cfd65c-xbgvk                970m   336Mi    
02:57:54 rearm-backend-6d79d5dcc8-rj9w4         966m   7550Mi   
02:57:54 rearm-keycloak-0                       2m     724Mi    
02:57:54 rearm-keycloak-postgres-0              1m     34Mi     
02:57:54 rearm-oci-artifact-5c8686f45c-mmxzz    3m     70Mi     
02:57:54 rearm-postgresql-0                     735m   2627Mi   
02:57:54 rearm-rebom-backend-768fd58455-46nwc   1m     90Mi     
02:57:54 rearm-rebom-backend-768fd58455-dp9ps   5m     67Mi     
02:57:54 rearm-rebom-backend-768fd58455-tmqdc   0m     71Mi     
02:57:54 rearm-rebom-backend-768fd58455-vkfb5   1m     84Mi     
02:57:54 rearm-rebom-postgres-0                 8m     156Mi    
02:57:54 rearm-ui-5c9b8ddf9d-krkqk              1m     2Mi      
02:57:54 testreg-66bb8f476c-wt2mf               1m     391Mi    
02:57:54 zottest-ff7cfd65c-xbgvk                849m   291Mi    
02:58:24 rearm-backend-6d79d5dcc8-rj9w4         228m   7796Mi   
02:58:24 rearm-keycloak-0                       2m     724Mi    
02:58:24 rearm-keycloak-postgres-0              1m     34Mi     
02:58:24 rearm-oci-artifact-5c8686f45c-mmxzz    3m     72Mi     
02:58:24 rearm-postgresql-0                     532m   2628Mi   
02:58:24 rearm-rebom-backend-768fd58455-46nwc   0m     90Mi     
02:58:24 rearm-rebom-backend-768fd58455-dp9ps   6m     68Mi     
02:58:24 rearm-rebom-backend-768fd58455-tmqdc   1m     71Mi     
02:58:24 rearm-rebom-backend-768fd58455-vkfb5   0m     84Mi     
02:58:24 rearm-rebom-postgres-0                 9m     156Mi    
02:58:24 rearm-ui-5c9b8ddf9d-krkqk              1m     2Mi      
02:58:24 testreg-66bb8f476c-wt2mf               1m     391Mi    
02:58:24 zottest-ff7cfd65c-xbgvk                905m   335Mi    
02:58:55 rearm-backend-6d79d5dcc8-rj9w4         27m    7796Mi   
02:58:55 rearm-keycloak-0                       2m     724Mi    
02:58:55 rearm-keycloak-postgres-0              1m     34Mi     
02:58:55 rearm-oci-artifact-5c8686f45c-mmxzz    3m     70Mi     
02:58:55 rearm-postgresql-0                     190m   2628Mi   
02:58:55 rearm-rebom-backend-768fd58455-46nwc   1m     90Mi     
02:58:55 rearm-rebom-backend-768fd58455-dp9ps   8m     66Mi     
02:58:55 rearm-rebom-backend-768fd58455-tmqdc   0m     71Mi     
02:58:55 rearm-rebom-backend-768fd58455-vkfb5   1m     84Mi     
02:58:55 rearm-rebom-postgres-0                 9m     156Mi    
02:58:55 rearm-ui-5c9b8ddf9d-krkqk              1m     2Mi      
02:58:55 testreg-66bb8f476c-wt2mf               1m     391Mi    
02:58:55 zottest-ff7cfd65c-xbgvk                970m   386Mi    
02:59:26 rearm-backend-6d79d5dcc8-rj9w4         29m    7796Mi   
02:59:26 rearm-keycloak-0                       2m     724Mi    
02:59:26 rearm-keycloak-postgres-0              1m     34Mi     
02:59:26 rearm-oci-artifact-5c8686f45c-mmxzz    3m     70Mi     
02:59:26 rearm-postgresql-0                     236m   2629Mi   
02:59:26 rearm-rebom-backend-768fd58455-46nwc   1m     90Mi     
02:59:26 rearm-rebom-backend-768fd58455-dp9ps   6m     68Mi     
02:59:26 rearm-rebom-backend-768fd58455-tmqdc   1m     71Mi     
02:59:26 rearm-rebom-backend-768fd58455-vkfb5   1m     84Mi     
02:59:26 rearm-rebom-postgres-0                 9m     156Mi    
02:59:26 rearm-ui-5c9b8ddf9d-krkqk              1m     2Mi      
02:59:26 testreg-66bb8f476c-wt2mf               1m     391Mi    
02:59:26 zottest-ff7cfd65c-xbgvk                971m   291Mi    
02:59:57 rearm-backend-6d79d5dcc8-rj9w4         22m    7796Mi   
02:59:57 rearm-keycloak-0                       2m     724Mi    
02:59:57 rearm-keycloak-postgres-0              1m     34Mi     
02:59:57 rearm-oci-artifact-5c8686f45c-mmxzz    3m     72Mi     
02:59:57 rearm-postgresql-0                     216m   2622Mi   
02:59:57 rearm-rebom-backend-768fd58455-46nwc   0m     90Mi     
02:59:57 rearm-rebom-backend-768fd58455-dp9ps   5m     67Mi     
02:59:57 rearm-rebom-backend-768fd58455-tmqdc   1m     71Mi     
02:59:57 rearm-rebom-backend-768fd58455-vkfb5   0m     84Mi     
02:59:57 rearm-rebom-postgres-0                 9m     156Mi    
02:59:57 rearm-ui-5c9b8ddf9d-krkqk              1m     2Mi      
02:59:57 testreg-66bb8f476c-wt2mf               1m     391Mi    
02:59:57 zottest-ff7cfd65c-xbgvk                975m   328Mi    
03:00:27 rearm-backend-6d79d5dcc8-rj9w4         93m    7796Mi   
03:00:27 rearm-keycloak-0                       2m     724Mi    
03:00:27 rearm-keycloak-postgres-0              1m     34Mi     
03:00:27 rearm-oci-artifact-5c8686f45c-mmxzz    5m     71Mi     
03:00:27 rearm-postgresql-0                     227m   2618Mi   
03:00:27 rearm-rebom-backend-768fd58455-46nwc   1m     90Mi     
03:00:27 rearm-rebom-backend-768fd58455-dp9ps   9m     67Mi     
03:00:27 rearm-rebom-backend-768fd58455-tmqdc   0m     71Mi     
03:00:27 rearm-rebom-backend-768fd58455-vkfb5   1m     84Mi     
03:00:27 rearm-rebom-postgres-0                 24m    158Mi    
03:00:27 rearm-ui-5c9b8ddf9d-krkqk              1m     2Mi      
03:00:27 testreg-66bb8f476c-wt2mf               1m     391Mi    
03:00:27 zottest-ff7cfd65c-xbgvk                917m   321Mi    
03:00:58 rearm-backend-6d79d5dcc8-rj9w4         26m    7796Mi   
03:00:58 rearm-keycloak-0                       2m     724Mi    
03:00:58 rearm-keycloak-postgres-0              1m     34Mi     
03:00:58 rearm-oci-artifact-5c8686f45c-mmxzz    3m     71Mi     
03:00:58 rearm-postgresql-0                     212m   2617Mi   
03:00:58 rearm-rebom-backend-768fd58455-46nwc   0m     90Mi     
03:00:58 rearm-rebom-backend-768fd58455-dp9ps   0m     67Mi     
03:00:58 rearm-rebom-backend-768fd58455-tmqdc   5m     72Mi     
03:00:58 rearm-rebom-backend-768fd58455-vkfb5   0m     84Mi     
03:00:58 rearm-rebom-postgres-0                 9m     156Mi    
03:00:58 rearm-ui-5c9b8ddf9d-krkqk              1m     2Mi      
03:00:58 testreg-66bb8f476c-wt2mf               1m     391Mi    
03:00:58 zottest-ff7cfd65c-xbgvk                983m   358Mi    
03:01:29 rearm-backend-6d79d5dcc8-rj9w4         28m    7796Mi   
03:01:29 rearm-keycloak-0                       2m     724Mi    
03:01:29 rearm-keycloak-postgres-0              1m     34Mi     
03:01:29 rearm-oci-artifact-5c8686f45c-mmxzz    3m     72Mi     
03:01:29 rearm-postgresql-0                     187m   2618Mi   
03:01:29 rearm-rebom-backend-768fd58455-46nwc   0m     90Mi     
03:01:29 rearm-rebom-backend-768fd58455-dp9ps   0m     67Mi     
03:01:29 rearm-rebom-backend-768fd58455-tmqdc   5m     73Mi     
03:01:29 rearm-rebom-backend-768fd58455-vkfb5   1m     84Mi     
03:01:29 rearm-rebom-postgres-0                 10m    156Mi    
03:01:29 rearm-ui-5c9b8ddf9d-krkqk              1m     2Mi      
03:01:29 testreg-66bb8f476c-wt2mf               1m     391Mi    
03:01:29 zottest-ff7cfd65c-xbgvk                964m   290Mi    
03:02:00 rearm-backend-6d79d5dcc8-rj9w4         24m    7796Mi   
03:02:00 rearm-keycloak-0                       2m     724Mi    
03:02:00 rearm-keycloak-postgres-0              1m     34Mi     
03:02:00 rearm-oci-artifact-5c8686f45c-mmxzz    3m     73Mi     
03:02:00 rearm-postgresql-0                     210m   2617Mi   
03:02:00 rearm-rebom-backend-768fd58455-46nwc   1m     90Mi     
03:02:00 rearm-rebom-backend-768fd58455-dp9ps   1m     67Mi     
03:02:00 rearm-rebom-backend-768fd58455-tmqdc   5m     74Mi     
03:02:00 rearm-rebom-backend-768fd58455-vkfb5   0m     84Mi     
03:02:00 rearm-rebom-postgres-0                 9m     156Mi    
03:02:00 rearm-ui-5c9b8ddf9d-krkqk              1m     2Mi      
03:02:00 testreg-66bb8f476c-wt2mf               1m     391Mi    
03:02:00 zottest-ff7cfd65c-xbgvk                968m   326Mi    
03:02:30 rearm-backend-6d79d5dcc8-rj9w4         30m    7796Mi   
03:02:30 rearm-keycloak-0                       2m     724Mi    
03:02:30 rearm-keycloak-postgres-0              1m     34Mi     
03:02:30 rearm-oci-artifact-5c8686f45c-mmxzz    3m     72Mi     
03:02:30 rearm-postgresql-0                     220m   2612Mi   
03:02:30 rearm-rebom-backend-768fd58455-46nwc   0m     90Mi     
03:02:30 rearm-rebom-backend-768fd58455-dp9ps   1m     67Mi     
03:02:30 rearm-rebom-backend-768fd58455-tmqdc   5m     75Mi     
03:02:30 rearm-rebom-backend-768fd58455-vkfb5   1m     84Mi     
03:02:30 rearm-rebom-postgres-0                 10m    156Mi    
03:02:30 rearm-ui-5c9b8ddf9d-krkqk              1m     2Mi      
03:02:30 testreg-66bb8f476c-wt2mf               1m     391Mi    
03:02:30 zottest-ff7cfd65c-xbgvk                971m   300Mi    
03:03:01 rearm-backend-6d79d5dcc8-rj9w4         24m     7796Mi   
03:03:01 rearm-keycloak-0                       2m      724Mi    
03:03:01 rearm-keycloak-postgres-0              1m      34Mi     
03:03:01 rearm-oci-artifact-5c8686f45c-mmxzz    4m      70Mi     
03:03:01 rearm-postgresql-0                     176m    2609Mi   
03:03:01 rearm-rebom-backend-768fd58455-46nwc   0m      90Mi     
03:03:01 rearm-rebom-backend-768fd58455-dp9ps   0m      67Mi     
03:03:01 rearm-rebom-backend-768fd58455-tmqdc   5m      73Mi     
03:03:01 rearm-rebom-backend-768fd58455-vkfb5   0m      84Mi     
03:03:01 rearm-rebom-postgres-0                 10m     156Mi    
03:03:01 rearm-ui-5c9b8ddf9d-krkqk              1m      2Mi      
03:03:01 testreg-66bb8f476c-wt2mf               1m      391Mi    
03:03:01 zottest-ff7cfd65c-xbgvk                1028m   305Mi    
03:03:32 rearm-backend-6d79d5dcc8-rj9w4         49m     7797Mi   
03:03:32 rearm-keycloak-0                       2m      724Mi    
03:03:32 rearm-keycloak-postgres-0              1m      34Mi     
03:03:32 rearm-oci-artifact-5c8686f45c-mmxzz    3m      71Mi     
03:03:32 rearm-postgresql-0                     165m    2604Mi   
03:03:32 rearm-rebom-backend-768fd58455-46nwc   0m      90Mi     
03:03:32 rearm-rebom-backend-768fd58455-dp9ps   1m      67Mi     
03:03:32 rearm-rebom-backend-768fd58455-tmqdc   6m      73Mi     
03:03:32 rearm-rebom-backend-768fd58455-vkfb5   0m      84Mi     
03:03:32 rearm-rebom-postgres-0                 10m     156Mi    
03:03:32 rearm-ui-5c9b8ddf9d-krkqk              1m      2Mi      
03:03:32 testreg-66bb8f476c-wt2mf               1m      391Mi    
03:03:32 zottest-ff7cfd65c-xbgvk                1020m   300Mi    
03:04:03 rearm-backend-6d79d5dcc8-rj9w4         23m     7797Mi   
03:04:03 rearm-keycloak-0                       2m      724Mi    
03:04:03 rearm-keycloak-postgres-0              1m      34Mi     
03:04:03 rearm-oci-artifact-5c8686f45c-mmxzz    3m      71Mi     
03:04:03 rearm-postgresql-0                     147m    2600Mi   
03:04:03 rearm-rebom-backend-768fd58455-46nwc   1m      90Mi     
03:04:03 rearm-rebom-backend-768fd58455-dp9ps   0m      67Mi     
03:04:03 rearm-rebom-backend-768fd58455-tmqdc   5m      84Mi     
03:04:03 rearm-rebom-backend-768fd58455-vkfb5   0m      84Mi     
03:04:03 rearm-rebom-postgres-0                 10m     156Mi    
03:04:03 rearm-ui-5c9b8ddf9d-krkqk              1m      2Mi      
03:04:03 testreg-66bb8f476c-wt2mf               1m      391Mi    
03:04:03 zottest-ff7cfd65c-xbgvk                1019m   332Mi    
03:04:33 rearm-backend-6d79d5dcc8-rj9w4         28m     7797Mi   
03:04:33 rearm-keycloak-0                       2m      724Mi    
03:04:33 rearm-keycloak-postgres-0              1m      34Mi     
03:04:33 rearm-oci-artifact-5c8686f45c-mmxzz    4m      72Mi     
03:04:33 rearm-postgresql-0                     154m    2600Mi   
03:04:33 rearm-rebom-backend-768fd58455-46nwc   0m      90Mi     
03:04:33 rearm-rebom-backend-768fd58455-dp9ps   0m      67Mi     
03:04:33 rearm-rebom-backend-768fd58455-tmqdc   6m      86Mi     
03:04:33 rearm-rebom-backend-768fd58455-vkfb5   1m      84Mi     
03:04:33 rearm-rebom-postgres-0                 9m      156Mi    
03:04:33 rearm-ui-5c9b8ddf9d-krkqk              1m      2Mi      
03:04:33 testreg-66bb8f476c-wt2mf               1m      391Mi    
03:04:33 zottest-ff7cfd65c-xbgvk                1023m   289Mi    
03:05:04 rearm-backend-6d79d5dcc8-rj9w4         52m     7797Mi   
03:05:04 rearm-keycloak-0                       2m      724Mi    
03:05:04 rearm-keycloak-postgres-0              1m      34Mi     
03:05:04 rearm-oci-artifact-5c8686f45c-mmxzz    3m      72Mi     
03:05:04 rearm-postgresql-0                     178m    2610Mi   
03:05:04 rearm-rebom-backend-768fd58455-46nwc   0m      90Mi     
03:05:04 rearm-rebom-backend-768fd58455-dp9ps   1m      67Mi     
03:05:04 rearm-rebom-backend-768fd58455-tmqdc   6m      86Mi     
03:05:04 rearm-rebom-backend-768fd58455-vkfb5   0m      84Mi     
03:05:04 rearm-rebom-postgres-0                 10m     156Mi    
03:05:04 rearm-ui-5c9b8ddf9d-krkqk              1m      2Mi      
03:05:04 testreg-66bb8f476c-wt2mf               1m      391Mi    
03:05:04 zottest-ff7cfd65c-xbgvk                1024m   326Mi    
03:05:35 rearm-backend-6d79d5dcc8-rj9w4         22m     7797Mi   
03:05:35 rearm-keycloak-0                       2m      724Mi    
03:05:35 rearm-keycloak-postgres-0              1m      34Mi     
03:05:35 rearm-oci-artifact-5c8686f45c-mmxzz    3m      69Mi     
03:05:35 rearm-postgresql-0                     141m    2607Mi   
03:05:35 rearm-rebom-backend-768fd58455-46nwc   1m      90Mi     
03:05:35 rearm-rebom-backend-768fd58455-dp9ps   1m      67Mi     
03:05:35 rearm-rebom-backend-768fd58455-tmqdc   5m      89Mi     
03:05:35 rearm-rebom-backend-768fd58455-vkfb5   1m      84Mi     
03:05:35 rearm-rebom-postgres-0                 10m     156Mi    
03:05:35 rearm-ui-5c9b8ddf9d-krkqk              1m      2Mi      
03:05:35 testreg-66bb8f476c-wt2mf               1m      391Mi    
03:05:35 zottest-ff7cfd65c-xbgvk                1024m   307Mi    
03:06:06 rearm-backend-6d79d5dcc8-rj9w4         21m     7797Mi   
03:06:06 rearm-keycloak-0                       2m      724Mi    
03:06:06 rearm-keycloak-postgres-0              1m      34Mi     
03:06:06 rearm-oci-artifact-5c8686f45c-mmxzz    3m      72Mi     
03:06:06 rearm-postgresql-0                     167m    2604Mi   
03:06:06 rearm-rebom-backend-768fd58455-46nwc   1m      90Mi     
03:06:06 rearm-rebom-backend-768fd58455-dp9ps   1m      67Mi     
03:06:06 rearm-rebom-backend-768fd58455-tmqdc   7m      87Mi     
03:06:06 rearm-rebom-backend-768fd58455-vkfb5   0m      84Mi     
03:06:06 rearm-rebom-postgres-0                 10m     156Mi    
03:06:06 rearm-ui-5c9b8ddf9d-krkqk              1m      2Mi      
03:06:06 testreg-66bb8f476c-wt2mf               1m      391Mi    
03:06:06 zottest-ff7cfd65c-xbgvk                1033m   295Mi    
03:06:36 rearm-backend-6d79d5dcc8-rj9w4         23m     7797Mi   
03:06:36 rearm-keycloak-0                       2m      724Mi    
03:06:36 rearm-keycloak-postgres-0              1m      34Mi     
03:06:36 rearm-oci-artifact-5c8686f45c-mmxzz    3m      72Mi     
03:06:36 rearm-postgresql-0                     172m    2604Mi   
03:06:36 rearm-rebom-backend-768fd58455-46nwc   1m      90Mi     
03:06:36 rearm-rebom-backend-768fd58455-dp9ps   1m      67Mi     
03:06:36 rearm-rebom-backend-768fd58455-tmqdc   5m      87Mi     
03:06:36 rearm-rebom-backend-768fd58455-vkfb5   1m      84Mi     
03:06:36 rearm-rebom-postgres-0                 9m      156Mi    
03:06:36 rearm-ui-5c9b8ddf9d-krkqk              1m      2Mi      
03:06:36 testreg-66bb8f476c-wt2mf               1m      391Mi    
03:06:36 zottest-ff7cfd65c-xbgvk                1021m   292Mi    
03:07:07 rearm-backend-6d79d5dcc8-rj9w4         31m     7797Mi   
03:07:07 rearm-keycloak-0                       2m      724Mi    
03:07:07 rearm-keycloak-postgres-0              1m      34Mi     
03:07:07 rearm-oci-artifact-5c8686f45c-mmxzz    3m      72Mi     
03:07:07 rearm-postgresql-0                     150m    2605Mi   
03:07:07 rearm-rebom-backend-768fd58455-46nwc   1m      90Mi     
03:07:07 rearm-rebom-backend-768fd58455-dp9ps   1m      67Mi     
03:07:07 rearm-rebom-backend-768fd58455-tmqdc   5m      88Mi     
03:07:07 rearm-rebom-backend-768fd58455-vkfb5   1m      84Mi     
03:07:07 rearm-rebom-postgres-0                 9m      156Mi    
03:07:07 rearm-ui-5c9b8ddf9d-krkqk              1m      2Mi      
03:07:07 testreg-66bb8f476c-wt2mf               1m      391Mi    
03:07:07 zottest-ff7cfd65c-xbgvk                1028m   296Mi    
03:07:38 rearm-backend-6d79d5dcc8-rj9w4         24m    7797Mi   
03:07:38 rearm-keycloak-0                       2m     724Mi    
03:07:38 rearm-keycloak-postgres-0              1m     34Mi     
03:07:38 rearm-oci-artifact-5c8686f45c-mmxzz    3m     73Mi     
03:07:38 rearm-postgresql-0                     238m   2605Mi   
03:07:38 rearm-rebom-backend-768fd58455-46nwc   0m     90Mi     
03:07:38 rearm-rebom-backend-768fd58455-dp9ps   1m     67Mi     
03:07:38 rearm-rebom-backend-768fd58455-tmqdc   5m     88Mi     
03:07:38 rearm-rebom-backend-768fd58455-vkfb5   1m     84Mi     
03:07:38 rearm-rebom-postgres-0                 10m    156Mi    
03:07:38 rearm-ui-5c9b8ddf9d-krkqk              1m     2Mi      
03:07:38 testreg-66bb8f476c-wt2mf               1m     391Mi    
03:07:38 zottest-ff7cfd65c-xbgvk                965m   322Mi    
03:08:09 rearm-backend-6d79d5dcc8-rj9w4         28m     7616Mi   
03:08:09 rearm-keycloak-0                       2m      724Mi    
03:08:09 rearm-keycloak-postgres-0              1m      34Mi     
03:08:09 rearm-oci-artifact-5c8686f45c-mmxzz    3m      71Mi     
03:08:09 rearm-postgresql-0                     182m    2606Mi   
03:08:09 rearm-rebom-backend-768fd58455-46nwc   1m      90Mi     
03:08:09 rearm-rebom-backend-768fd58455-dp9ps   1m      67Mi     
03:08:09 rearm-rebom-backend-768fd58455-tmqdc   5m      89Mi     
03:08:09 rearm-rebom-backend-768fd58455-vkfb5   0m      84Mi     
03:08:09 rearm-rebom-postgres-0                 9m      156Mi    
03:08:09 rearm-ui-5c9b8ddf9d-krkqk              1m      2Mi      
03:08:09 testreg-66bb8f476c-wt2mf               1m      391Mi    
03:08:09 zottest-ff7cfd65c-xbgvk                1038m   361Mi    
03:08:39 rearm-backend-6d79d5dcc8-rj9w4         26m     7074Mi   
03:08:39 rearm-keycloak-0                       2m      724Mi    
03:08:39 rearm-keycloak-postgres-0              1m      34Mi     
03:08:39 rearm-oci-artifact-5c8686f45c-mmxzz    3m      69Mi     
03:08:39 rearm-postgresql-0                     167m    2607Mi   
03:08:39 rearm-rebom-backend-768fd58455-46nwc   0m      90Mi     
03:08:39 rearm-rebom-backend-768fd58455-dp9ps   0m      67Mi     
03:08:39 rearm-rebom-backend-768fd58455-tmqdc   5m      89Mi     
03:08:39 rearm-rebom-backend-768fd58455-vkfb5   1m      84Mi     
03:08:39 rearm-rebom-postgres-0                 9m      156Mi    
03:08:39 rearm-ui-5c9b8ddf9d-krkqk              1m      2Mi      
03:08:39 testreg-66bb8f476c-wt2mf               1m      391Mi    
03:08:39 zottest-ff7cfd65c-xbgvk                1035m   294Mi    
03:09:10 rearm-backend-6d79d5dcc8-rj9w4         85m     6532Mi   
03:09:10 rearm-keycloak-0                       2m      724Mi    
03:09:10 rearm-keycloak-postgres-0              1m      34Mi     
03:09:10 rearm-oci-artifact-5c8686f45c-mmxzz    3m      69Mi     
03:09:10 rearm-postgresql-0                     188m    2606Mi   
03:09:10 rearm-rebom-backend-768fd58455-46nwc   1m      90Mi     
03:09:10 rearm-rebom-backend-768fd58455-dp9ps   1m      67Mi     
03:09:10 rearm-rebom-backend-768fd58455-tmqdc   5m      87Mi     
03:09:10 rearm-rebom-backend-768fd58455-vkfb5   1m      84Mi     
03:09:10 rearm-rebom-postgres-0                 9m      156Mi    
03:09:10 rearm-ui-5c9b8ddf9d-krkqk              1m      2Mi      
03:09:10 testreg-66bb8f476c-wt2mf               1m      391Mi    
03:09:10 zottest-ff7cfd65c-xbgvk                1028m   311Mi    
03:09:41 rearm-backend-6d79d5dcc8-rj9w4         23m     6080Mi   
03:09:41 rearm-keycloak-0                       2m      724Mi    
03:09:41 rearm-keycloak-postgres-0              1m      34Mi     
03:09:41 rearm-oci-artifact-5c8686f45c-mmxzz    3m      69Mi     
03:09:41 rearm-postgresql-0                     139m    2608Mi   
03:09:41 rearm-rebom-backend-768fd58455-46nwc   0m      90Mi     
03:09:41 rearm-rebom-backend-768fd58455-dp9ps   0m      67Mi     
03:09:41 rearm-rebom-backend-768fd58455-tmqdc   9m      87Mi     
03:09:41 rearm-rebom-backend-768fd58455-vkfb5   0m      84Mi     
03:09:41 rearm-rebom-postgres-0                 10m     156Mi    
03:09:41 rearm-ui-5c9b8ddf9d-krkqk              1m      2Mi      
03:09:41 testreg-66bb8f476c-wt2mf               1m      391Mi    
03:09:41 zottest-ff7cfd65c-xbgvk                1030m   295Mi    
03:10:12 rearm-backend-6d79d5dcc8-rj9w4         27m    5448Mi   
03:10:12 rearm-keycloak-0                       2m     724Mi    
03:10:12 rearm-keycloak-postgres-0              1m     34Mi     
03:10:12 rearm-oci-artifact-5c8686f45c-mmxzz    3m     68Mi     
03:10:12 rearm-postgresql-0                     139m   2608Mi   
03:10:12 rearm-rebom-backend-768fd58455-46nwc   1m     90Mi     
03:10:12 rearm-rebom-backend-768fd58455-dp9ps   1m     67Mi     
03:10:12 rearm-rebom-backend-768fd58455-tmqdc   5m     106Mi    
03:10:12 rearm-rebom-backend-768fd58455-vkfb5   1m     84Mi     
03:10:12 rearm-rebom-postgres-0                 10m    156Mi    
03:10:12 rearm-ui-5c9b8ddf9d-krkqk              1m     2Mi      
03:10:12 testreg-66bb8f476c-wt2mf               1m     391Mi    
03:10:12 zottest-ff7cfd65c-xbgvk                987m   287Mi    
03:10:42 rearm-backend-6d79d5dcc8-rj9w4         23m     4996Mi   
03:10:42 rearm-keycloak-0                       2m      724Mi    
03:10:42 rearm-keycloak-postgres-0              1m      34Mi     
03:10:42 rearm-oci-artifact-5c8686f45c-mmxzz    3m      72Mi     
03:10:42 rearm-postgresql-0                     138m    2609Mi   
03:10:42 rearm-rebom-backend-768fd58455-46nwc   9m      73Mi     
03:10:42 rearm-rebom-backend-768fd58455-dp9ps   0m      67Mi     
03:10:42 rearm-rebom-backend-768fd58455-tmqdc   1m      112Mi    
03:10:42 rearm-rebom-backend-768fd58455-vkfb5   1m      84Mi     
03:10:42 rearm-rebom-postgres-0                 9m      156Mi    
03:10:42 rearm-ui-5c9b8ddf9d-krkqk              1m      2Mi      
03:10:42 testreg-66bb8f476c-wt2mf               1m      391Mi    
03:10:42 zottest-ff7cfd65c-xbgvk                1025m   344Mi    
03:11:13 rearm-backend-6d79d5dcc8-rj9w4         23m     4815Mi   
03:11:13 rearm-keycloak-0                       2m      724Mi    
03:11:13 rearm-keycloak-postgres-0              1m      34Mi     
03:11:13 rearm-oci-artifact-5c8686f45c-mmxzz    3m      73Mi     
03:11:13 rearm-postgresql-0                     169m    2607Mi   
03:11:13 rearm-rebom-backend-768fd58455-46nwc   6m      73Mi     
03:11:13 rearm-rebom-backend-768fd58455-dp9ps   0m      67Mi     
03:11:13 rearm-rebom-backend-768fd58455-tmqdc   0m      112Mi    
03:11:13 rearm-rebom-backend-768fd58455-vkfb5   1m      84Mi     
03:11:13 rearm-rebom-postgres-0                 9m      156Mi    
03:11:13 rearm-ui-5c9b8ddf9d-krkqk              1m      2Mi      
03:11:13 testreg-66bb8f476c-wt2mf               1m      391Mi    
03:11:13 zottest-ff7cfd65c-xbgvk                1035m   295Mi    
03:11:44 rearm-backend-6d79d5dcc8-rj9w4         24m     4815Mi   
03:11:44 rearm-keycloak-0                       2m      724Mi    
03:11:44 rearm-keycloak-postgres-0              1m      34Mi     
03:11:44 rearm-oci-artifact-5c8686f45c-mmxzz    3m      72Mi     
03:11:44 rearm-postgresql-0                     143m    2608Mi   
03:11:44 rearm-rebom-backend-768fd58455-46nwc   8m      70Mi     
03:11:44 rearm-rebom-backend-768fd58455-dp9ps   1m      67Mi     
03:11:44 rearm-rebom-backend-768fd58455-tmqdc   0m      112Mi    
03:11:44 rearm-rebom-backend-768fd58455-vkfb5   1m      84Mi     
03:11:44 rearm-rebom-postgres-0                 10m     156Mi    
03:11:44 rearm-ui-5c9b8ddf9d-krkqk              1m      2Mi      
03:11:44 testreg-66bb8f476c-wt2mf               1m      391Mi    
03:11:44 zottest-ff7cfd65c-xbgvk                1030m   294Mi    
03:12:15 rearm-backend-6d79d5dcc8-rj9w4         24m     4815Mi   
03:12:15 rearm-keycloak-0                       2m      724Mi    
03:12:15 rearm-keycloak-postgres-0              1m      34Mi     
03:12:15 rearm-oci-artifact-5c8686f45c-mmxzz    3m      69Mi     
03:12:15 rearm-postgresql-0                     141m    2608Mi   
03:12:15 rearm-rebom-backend-768fd58455-46nwc   6m      74Mi     
03:12:15 rearm-rebom-backend-768fd58455-dp9ps   1m      67Mi     
03:12:15 rearm-rebom-backend-768fd58455-tmqdc   1m      112Mi    
03:12:15 rearm-rebom-backend-768fd58455-vkfb5   0m      84Mi     
03:12:15 rearm-rebom-postgres-0                 9m      156Mi    
03:12:15 rearm-ui-5c9b8ddf9d-krkqk              1m      2Mi      
03:12:15 testreg-66bb8f476c-wt2mf               1m      391Mi    
03:12:15 zottest-ff7cfd65c-xbgvk                1022m   293Mi    
03:12:45 rearm-backend-6d79d5dcc8-rj9w4         51m     4815Mi   
03:12:45 rearm-keycloak-0                       2m      724Mi    
03:12:45 rearm-keycloak-postgres-0              1m      34Mi     
03:12:45 rearm-oci-artifact-5c8686f45c-mmxzz    3m      70Mi     
03:12:45 rearm-postgresql-0                     143m    2615Mi   
03:12:45 rearm-rebom-backend-768fd58455-46nwc   5m      76Mi     
03:12:45 rearm-rebom-backend-768fd58455-dp9ps   1m      67Mi     
03:12:45 rearm-rebom-backend-768fd58455-tmqdc   1m      112Mi    
03:12:45 rearm-rebom-backend-768fd58455-vkfb5   1m      84Mi     
03:12:45 rearm-rebom-postgres-0                 9m      156Mi    
03:12:45 rearm-ui-5c9b8ddf9d-krkqk              1m      2Mi      
03:12:45 testreg-66bb8f476c-wt2mf               1m      391Mi    
03:12:45 zottest-ff7cfd65c-xbgvk                1030m   346Mi    
03:13:16 rearm-backend-6d79d5dcc8-rj9w4         25m     4815Mi   
03:13:16 rearm-keycloak-0                       2m      724Mi    
03:13:16 rearm-keycloak-postgres-0              1m      34Mi     
03:13:16 rearm-oci-artifact-5c8686f45c-mmxzz    3m      74Mi     
03:13:16 rearm-postgresql-0                     174m    2609Mi   
03:13:16 rearm-rebom-backend-768fd58455-46nwc   8m      73Mi     
03:13:16 rearm-rebom-backend-768fd58455-dp9ps   1m      67Mi     
03:13:16 rearm-rebom-backend-768fd58455-tmqdc   1m      112Mi    
03:13:16 rearm-rebom-backend-768fd58455-vkfb5   1m      84Mi     
03:13:16 rearm-rebom-postgres-0                 10m     156Mi    
03:13:16 rearm-ui-5c9b8ddf9d-krkqk              1m      2Mi      
03:13:16 testreg-66bb8f476c-wt2mf               1m      391Mi    
03:13:16 zottest-ff7cfd65c-xbgvk                1016m   347Mi    
03:13:47 rearm-backend-6d79d5dcc8-rj9w4         50m     4815Mi   
03:13:47 rearm-keycloak-0                       2m      724Mi    
03:13:47 rearm-keycloak-postgres-0              1m      34Mi     
03:13:47 rearm-oci-artifact-5c8686f45c-mmxzz    3m      73Mi     
03:13:47 rearm-postgresql-0                     161m    2607Mi   
03:13:47 rearm-rebom-backend-768fd58455-46nwc   6m      75Mi     
03:13:47 rearm-rebom-backend-768fd58455-dp9ps   1m      67Mi     
03:13:47 rearm-rebom-backend-768fd58455-tmqdc   0m      112Mi    
03:13:47 rearm-rebom-backend-768fd58455-vkfb5   0m      84Mi     
03:13:47 rearm-rebom-postgres-0                 9m      156Mi    
03:13:47 rearm-ui-5c9b8ddf9d-krkqk              1m      2Mi      
03:13:47 testreg-66bb8f476c-wt2mf               1m      391Mi    
03:13:47 zottest-ff7cfd65c-xbgvk                1022m   292Mi    
03:14:18 rearm-backend-6d79d5dcc8-rj9w4         24m     4815Mi   
03:14:18 rearm-keycloak-0                       2m      724Mi    
03:14:18 rearm-keycloak-postgres-0              1m      34Mi     
03:14:18 rearm-oci-artifact-5c8686f45c-mmxzz    3m      71Mi     
03:14:18 rearm-postgresql-0                     174m    2608Mi   
03:14:18 rearm-rebom-backend-768fd58455-46nwc   10m     73Mi     
03:14:18 rearm-rebom-backend-768fd58455-dp9ps   0m      67Mi     
03:14:18 rearm-rebom-backend-768fd58455-tmqdc   0m      112Mi    
03:14:18 rearm-rebom-backend-768fd58455-vkfb5   1m      84Mi     
03:14:18 rearm-rebom-postgres-0                 9m      156Mi    
03:14:18 rearm-ui-5c9b8ddf9d-krkqk              1m      2Mi      
03:14:18 testreg-66bb8f476c-wt2mf               1m      391Mi    
03:14:18 zottest-ff7cfd65c-xbgvk                1026m   302Mi    
03:14:49 rearm-backend-6d79d5dcc8-rj9w4         23m     4815Mi   
03:14:49 rearm-keycloak-0                       2m      724Mi    
03:14:49 rearm-keycloak-postgres-0              1m      34Mi     
03:14:49 rearm-oci-artifact-5c8686f45c-mmxzz    3m      73Mi     
03:14:49 rearm-postgresql-0                     166m    2611Mi   
03:14:49 rearm-rebom-backend-768fd58455-46nwc   6m      75Mi     
03:14:49 rearm-rebom-backend-768fd58455-dp9ps   1m      67Mi     
03:14:49 rearm-rebom-backend-768fd58455-tmqdc   0m      112Mi    
03:14:49 rearm-rebom-backend-768fd58455-vkfb5   1m      84Mi     
03:14:49 rearm-rebom-postgres-0                 10m     156Mi    
03:14:49 rearm-ui-5c9b8ddf9d-krkqk              1m      2Mi      
03:14:49 testreg-66bb8f476c-wt2mf               1m      391Mi    
03:14:49 zottest-ff7cfd65c-xbgvk                1030m   294Mi    
03:15:19 rearm-backend-6d79d5dcc8-rj9w4         23m    4815Mi   
03:15:19 rearm-keycloak-0                       2m     724Mi    
03:15:19 rearm-keycloak-postgres-0              1m     34Mi     
03:15:19 rearm-oci-artifact-5c8686f45c-mmxzz    3m     74Mi     
03:15:19 rearm-postgresql-0                     176m   2610Mi   
03:15:19 rearm-rebom-backend-768fd58455-46nwc   5m     74Mi     
03:15:19 rearm-rebom-backend-768fd58455-dp9ps   0m     67Mi     
03:15:19 rearm-rebom-backend-768fd58455-tmqdc   1m     112Mi    
03:15:19 rearm-rebom-backend-768fd58455-vkfb5   1m     84Mi     
03:15:19 rearm-rebom-postgres-0                 10m    156Mi    
03:15:19 rearm-ui-5c9b8ddf9d-krkqk              1m     2Mi      
03:15:19 testreg-66bb8f476c-wt2mf               1m     391Mi    
03:15:19 zottest-ff7cfd65c-xbgvk                998m   316Mi    
03:15:50 rearm-backend-6d79d5dcc8-rj9w4         36m     4825Mi   
03:15:50 rearm-keycloak-0                       2m      724Mi    
03:15:50 rearm-keycloak-postgres-0              1m      34Mi     
03:15:50 rearm-oci-artifact-5c8686f45c-mmxzz    3m      70Mi     
03:15:50 rearm-postgresql-0                     145m    2611Mi   
03:15:50 rearm-rebom-backend-768fd58455-46nwc   5m      74Mi     
03:15:50 rearm-rebom-backend-768fd58455-dp9ps   0m      67Mi     
03:15:50 rearm-rebom-backend-768fd58455-tmqdc   1m      112Mi    
03:15:50 rearm-rebom-backend-768fd58455-vkfb5   0m      84Mi     
03:15:50 rearm-rebom-postgres-0                 10m     156Mi    
03:15:50 rearm-ui-5c9b8ddf9d-krkqk              1m      2Mi      
03:15:50 testreg-66bb8f476c-wt2mf               1m      391Mi    
03:15:50 zottest-ff7cfd65c-xbgvk                1020m   297Mi    
03:16:21 rearm-backend-6d79d5dcc8-rj9w4         44m     4554Mi   
03:16:21 rearm-keycloak-0                       2m      724Mi    
03:16:21 rearm-keycloak-postgres-0              1m      34Mi     
03:16:21 rearm-oci-artifact-5c8686f45c-mmxzz    3m      72Mi     
03:16:21 rearm-postgresql-0                     164m    2611Mi   
03:16:21 rearm-rebom-backend-768fd58455-46nwc   7m      72Mi     
03:16:21 rearm-rebom-backend-768fd58455-dp9ps   0m      67Mi     
03:16:21 rearm-rebom-backend-768fd58455-tmqdc   0m      112Mi    
03:16:21 rearm-rebom-backend-768fd58455-vkfb5   1m      84Mi     
03:16:21 rearm-rebom-postgres-0                 10m     156Mi    
03:16:21 rearm-ui-5c9b8ddf9d-krkqk              1m      2Mi      
03:16:21 testreg-66bb8f476c-wt2mf               1m      391Mi    
03:16:21 zottest-ff7cfd65c-xbgvk                1025m   298Mi    
03:16:52 rearm-backend-6d79d5dcc8-rj9w4         30m     4282Mi   
03:16:52 rearm-keycloak-0                       2m      724Mi    
03:16:52 rearm-keycloak-postgres-0              1m      34Mi     
03:16:52 rearm-oci-artifact-5c8686f45c-mmxzz    4m      68Mi     
03:16:52 rearm-postgresql-0                     138m    2611Mi   
03:16:52 rearm-rebom-backend-768fd58455-46nwc   5m      72Mi     
03:16:52 rearm-rebom-backend-768fd58455-dp9ps   1m      67Mi     
03:16:52 rearm-rebom-backend-768fd58455-tmqdc   1m      112Mi    
03:16:52 rearm-rebom-backend-768fd58455-vkfb5   1m      84Mi     
03:16:52 rearm-rebom-postgres-0                 10m     156Mi    
03:16:52 rearm-ui-5c9b8ddf9d-krkqk              1m      2Mi      
03:16:52 testreg-66bb8f476c-wt2mf               1m      391Mi    
03:16:52 zottest-ff7cfd65c-xbgvk                1021m   286Mi    
03:17:22 rearm-backend-6d79d5dcc8-rj9w4         270m   4002Mi   
03:17:22 rearm-keycloak-0                       2m     724Mi    
03:17:22 rearm-keycloak-postgres-0              1m     34Mi     
03:17:22 rearm-oci-artifact-5c8686f45c-mmxzz    3m     73Mi     
03:17:22 rearm-postgresql-0                     572m   2624Mi   
03:17:22 rearm-rebom-backend-768fd58455-46nwc   10m    70Mi     
03:17:22 rearm-rebom-backend-768fd58455-dp9ps   1m     67Mi     
03:17:22 rearm-rebom-backend-768fd58455-tmqdc   1m     112Mi    
03:17:22 rearm-rebom-backend-768fd58455-vkfb5   0m     84Mi     
03:17:22 rearm-rebom-postgres-0                 10m    156Mi    
03:17:22 rearm-ui-5c9b8ddf9d-krkqk              1m     2Mi      
03:17:22 testreg-66bb8f476c-wt2mf               1m     391Mi    
03:17:22 zottest-ff7cfd65c-xbgvk                945m   307Mi    
03:17:53 rearm-backend-6d79d5dcc8-rj9w4         982m   7965Mi   
03:17:53 rearm-keycloak-0                       2m     724Mi    
03:17:53 rearm-keycloak-postgres-0              1m     34Mi     
03:17:53 rearm-oci-artifact-5c8686f45c-mmxzz    3m     71Mi     
03:17:53 rearm-postgresql-0                     755m   2630Mi   
03:17:53 rearm-rebom-backend-768fd58455-46nwc   7m     74Mi     
03:17:53 rearm-rebom-backend-768fd58455-dp9ps   1m     67Mi     
03:17:53 rearm-rebom-backend-768fd58455-tmqdc   1m     112Mi    
03:17:53 rearm-rebom-backend-768fd58455-vkfb5   0m     84Mi     
03:17:53 rearm-rebom-postgres-0                 23m    156Mi    
03:17:53 rearm-ui-5c9b8ddf9d-krkqk              1m     2Mi      
03:17:53 testreg-66bb8f476c-wt2mf               1m     391Mi    
03:17:53 zottest-ff7cfd65c-xbgvk                840m   297Mi    
03:18:24 rearm-backend-6d79d5dcc8-rj9w4         575m   8162Mi   
03:18:24 rearm-keycloak-0                       2m     724Mi    
03:18:24 rearm-keycloak-postgres-0              1m     34Mi     
03:18:24 rearm-oci-artifact-5c8686f45c-mmxzz    3m     71Mi     
03:18:24 rearm-postgresql-0                     193m   2631Mi   
03:18:24 rearm-rebom-backend-768fd58455-46nwc   6m     63Mi     
03:18:24 rearm-rebom-backend-768fd58455-dp9ps   0m     61Mi     
03:18:24 rearm-rebom-backend-768fd58455-tmqdc   1m     112Mi    
03:18:24 rearm-rebom-backend-768fd58455-vkfb5   1m     84Mi     
03:18:24 rearm-rebom-postgres-0                 10m    156Mi    
03:18:24 rearm-ui-5c9b8ddf9d-krkqk              1m     2Mi      
03:18:24 testreg-66bb8f476c-wt2mf               1m     382Mi    
03:18:24 zottest-ff7cfd65c-xbgvk                974m   300Mi    
03:18:55 rearm-backend-6d79d5dcc8-rj9w4         24m     8162Mi   
03:18:55 rearm-keycloak-0                       2m      724Mi    
03:18:55 rearm-keycloak-postgres-0              1m      34Mi     
03:18:55 rearm-oci-artifact-5c8686f45c-mmxzz    3m      72Mi     
03:18:55 rearm-postgresql-0                     142m    2631Mi   
03:18:55 rearm-rebom-backend-768fd58455-46nwc   9m      62Mi     
03:18:55 rearm-rebom-backend-768fd58455-dp9ps   0m      61Mi     
03:18:55 rearm-rebom-backend-768fd58455-tmqdc   0m      112Mi    
03:18:55 rearm-rebom-backend-768fd58455-vkfb5   1m      84Mi     
03:18:55 rearm-rebom-postgres-0                 9m      156Mi    
03:18:55 rearm-ui-5c9b8ddf9d-krkqk              1m      2Mi      
03:18:55 testreg-66bb8f476c-wt2mf               1m      382Mi    
03:18:55 zottest-ff7cfd65c-xbgvk                1030m   299Mi    
03:19:26 rearm-backend-6d79d5dcc8-rj9w4         46m     8164Mi   
03:19:26 rearm-keycloak-0                       2m      724Mi    
03:19:26 rearm-keycloak-postgres-0              1m      34Mi     
03:19:26 rearm-oci-artifact-5c8686f45c-mmxzz    3m      72Mi     
03:19:26 rearm-postgresql-0                     140m    2632Mi   
03:19:26 rearm-rebom-backend-768fd58455-46nwc   6m      63Mi     
03:19:26 rearm-rebom-backend-768fd58455-dp9ps   1m      61Mi     
03:19:26 rearm-rebom-backend-768fd58455-tmqdc   1m      112Mi    
03:19:26 rearm-rebom-backend-768fd58455-vkfb5   0m      84Mi     
03:19:26 rearm-rebom-postgres-0                 9m      156Mi    
03:19:26 rearm-ui-5c9b8ddf9d-krkqk              1m      2Mi      
03:19:26 testreg-66bb8f476c-wt2mf               1m      382Mi    
03:19:26 zottest-ff7cfd65c-xbgvk                1025m   297Mi    
03:19:56 rearm-backend-6d79d5dcc8-rj9w4         23m     8164Mi   
03:19:56 rearm-keycloak-0                       2m      724Mi    
03:19:56 rearm-keycloak-postgres-0              1m      34Mi     
03:19:56 rearm-oci-artifact-5c8686f45c-mmxzz    3m      69Mi     
03:19:56 rearm-postgresql-0                     145m    2632Mi   
03:19:56 rearm-rebom-backend-768fd58455-46nwc   5m      64Mi     
03:19:56 rearm-rebom-backend-768fd58455-dp9ps   0m      61Mi     
03:19:56 rearm-rebom-backend-768fd58455-tmqdc   1m      112Mi    
03:19:56 rearm-rebom-backend-768fd58455-vkfb5   0m      84Mi     
03:19:56 rearm-rebom-postgres-0                 10m     156Mi    
03:19:56 rearm-ui-5c9b8ddf9d-krkqk              1m      2Mi      
03:19:56 testreg-66bb8f476c-wt2mf               1m      382Mi    
03:19:56 zottest-ff7cfd65c-xbgvk                1019m   303Mi    
03:20:27 rearm-backend-6d79d5dcc8-rj9w4         26m     8164Mi   
03:20:27 rearm-keycloak-0                       2m      724Mi    
03:20:27 rearm-keycloak-postgres-0              1m      34Mi     
03:20:27 rearm-oci-artifact-5c8686f45c-mmxzz    3m      71Mi     
03:20:27 rearm-postgresql-0                     173m    2633Mi   
03:20:27 rearm-rebom-backend-768fd58455-46nwc   5m      63Mi     
03:20:27 rearm-rebom-backend-768fd58455-dp9ps   1m      61Mi     
03:20:27 rearm-rebom-backend-768fd58455-tmqdc   1m      112Mi    
03:20:27 rearm-rebom-backend-768fd58455-vkfb5   0m      84Mi     
03:20:27 rearm-rebom-postgres-0                 11m     156Mi    
03:20:27 rearm-ui-5c9b8ddf9d-krkqk              1m      2Mi      
03:20:27 testreg-66bb8f476c-wt2mf               1m      382Mi    
03:20:27 zottest-ff7cfd65c-xbgvk                1030m   300Mi    
03:20:58 rearm-backend-6d79d5dcc8-rj9w4         25m     8164Mi   
03:20:58 rearm-keycloak-0                       2m      724Mi    
03:20:58 rearm-keycloak-postgres-0              1m      34Mi     
03:20:58 rearm-oci-artifact-5c8686f45c-mmxzz    3m      69Mi     
03:20:58 rearm-postgresql-0                     179m    2627Mi   
03:20:58 rearm-rebom-backend-768fd58455-46nwc   5m      62Mi     
03:20:58 rearm-rebom-backend-768fd58455-dp9ps   0m      61Mi     
03:20:58 rearm-rebom-backend-768fd58455-tmqdc   0m      112Mi    
03:20:58 rearm-rebom-backend-768fd58455-vkfb5   1m      84Mi     
03:20:58 rearm-rebom-postgres-0                 10m     156Mi    
03:20:58 rearm-ui-5c9b8ddf9d-krkqk              1m      2Mi      
03:20:58 testreg-66bb8f476c-wt2mf               1m      382Mi    
03:20:58 zottest-ff7cfd65c-xbgvk                1021m   299Mi    
03:21:29 rearm-backend-6d79d5dcc8-rj9w4         48m     8162Mi   
03:21:29 rearm-keycloak-0                       2m      724Mi    
03:21:29 rearm-keycloak-postgres-0              1m      34Mi     
03:21:29 rearm-oci-artifact-5c8686f45c-mmxzz    3m      71Mi     
03:21:29 rearm-postgresql-0                     179m    2615Mi   
03:21:29 rearm-rebom-backend-768fd58455-46nwc   5m      63Mi     
03:21:29 rearm-rebom-backend-768fd58455-dp9ps   0m      61Mi     
03:21:29 rearm-rebom-backend-768fd58455-tmqdc   1m      112Mi    
03:21:29 rearm-rebom-backend-768fd58455-vkfb5   0m      84Mi     
03:21:29 rearm-rebom-postgres-0                 9m      156Mi    
03:21:29 rearm-ui-5c9b8ddf9d-krkqk              1m      2Mi      
03:21:29 testreg-66bb8f476c-wt2mf               1m      382Mi    
03:21:29 zottest-ff7cfd65c-xbgvk                1019m   298Mi    
03:21:59 rearm-backend-6d79d5dcc8-rj9w4         27m     8162Mi   
03:21:59 rearm-keycloak-0                       2m      724Mi    
03:21:59 rearm-keycloak-postgres-0              1m      34Mi     
03:21:59 rearm-oci-artifact-5c8686f45c-mmxzz    3m      71Mi     
03:21:59 rearm-postgresql-0                     167m    2615Mi   
03:21:59 rearm-rebom-backend-768fd58455-46nwc   6m      62Mi     
03:21:59 rearm-rebom-backend-768fd58455-dp9ps   1m      61Mi     
03:21:59 rearm-rebom-backend-768fd58455-tmqdc   1m      112Mi    
03:21:59 rearm-rebom-backend-768fd58455-vkfb5   0m      84Mi     
03:21:59 rearm-rebom-postgres-0                 9m      156Mi    
03:21:59 rearm-ui-5c9b8ddf9d-krkqk              1m      2Mi      
03:21:59 testreg-66bb8f476c-wt2mf               1m      382Mi    
03:21:59 zottest-ff7cfd65c-xbgvk                1032m   297Mi    
03:22:30 rearm-backend-6d79d5dcc8-rj9w4         83m    8162Mi   
03:22:30 rearm-keycloak-0                       2m     724Mi    
03:22:30 rearm-keycloak-postgres-0              1m     34Mi     
03:22:30 rearm-oci-artifact-5c8686f45c-mmxzz    6m     71Mi     
03:22:30 rearm-postgresql-0                     222m   2611Mi   
03:22:30 rearm-rebom-backend-768fd58455-46nwc   12m    60Mi     
03:22:30 rearm-rebom-backend-768fd58455-dp9ps   0m     61Mi     
03:22:30 rearm-rebom-backend-768fd58455-tmqdc   0m     112Mi    
03:22:30 rearm-rebom-backend-768fd58455-vkfb5   1m     84Mi     
03:22:30 rearm-rebom-postgres-0                 9m     156Mi    
03:22:30 rearm-ui-5c9b8ddf9d-krkqk              1m     2Mi      
03:22:30 testreg-66bb8f476c-wt2mf               1m     382Mi    
03:22:30 zottest-ff7cfd65c-xbgvk                907m   339Mi    
03:23:01 rearm-backend-6d79d5dcc8-rj9w4         23m     8162Mi   
03:23:01 rearm-keycloak-0                       2m      724Mi    
03:23:01 rearm-keycloak-postgres-0              1m      34Mi     
03:23:01 rearm-oci-artifact-5c8686f45c-mmxzz    3m      72Mi     
03:23:01 rearm-postgresql-0                     190m    2610Mi   
03:23:01 rearm-rebom-backend-768fd58455-46nwc   5m      61Mi     
03:23:01 rearm-rebom-backend-768fd58455-dp9ps   1m      61Mi     
03:23:01 rearm-rebom-backend-768fd58455-tmqdc   1m      112Mi    
03:23:01 rearm-rebom-backend-768fd58455-vkfb5   0m      84Mi     
03:23:01 rearm-rebom-postgres-0                 9m      156Mi    
03:23:01 rearm-ui-5c9b8ddf9d-krkqk              1m      2Mi      
03:23:01 testreg-66bb8f476c-wt2mf               1m      382Mi    
03:23:01 zottest-ff7cfd65c-xbgvk                1015m   364Mi    
03:23:32 rearm-backend-6d79d5dcc8-rj9w4         29m     8162Mi   
03:23:32 rearm-keycloak-0                       2m      724Mi    
03:23:32 rearm-keycloak-postgres-0              1m      34Mi     
03:23:32 rearm-oci-artifact-5c8686f45c-mmxzz    3m      68Mi     
03:23:32 rearm-postgresql-0                     211m    2609Mi   
03:23:32 rearm-rebom-backend-768fd58455-46nwc   9m      59Mi     
03:23:32 rearm-rebom-backend-768fd58455-dp9ps   0m      61Mi     
03:23:32 rearm-rebom-backend-768fd58455-tmqdc   0m      112Mi    
03:23:32 rearm-rebom-backend-768fd58455-vkfb5   0m      84Mi     
03:23:32 rearm-rebom-postgres-0                 9m      156Mi    
03:23:32 rearm-ui-5c9b8ddf9d-krkqk              1m      2Mi      
03:23:32 testreg-66bb8f476c-wt2mf               1m      382Mi    
03:23:32 zottest-ff7cfd65c-xbgvk                1023m   298Mi    
03:24:02 rearm-backend-6d79d5dcc8-rj9w4         21m     8162Mi   
03:24:02 rearm-keycloak-0                       2m      724Mi    
03:24:02 rearm-keycloak-postgres-0              1m      34Mi     
03:24:02 rearm-oci-artifact-5c8686f45c-mmxzz    3m      69Mi     
03:24:02 rearm-postgresql-0                     167m    2609Mi   
03:24:02 rearm-rebom-backend-768fd58455-46nwc   5m      62Mi     
03:24:02 rearm-rebom-backend-768fd58455-dp9ps   1m      61Mi     
03:24:02 rearm-rebom-backend-768fd58455-tmqdc   1m      112Mi    
03:24:02 rearm-rebom-backend-768fd58455-vkfb5   0m      84Mi     
03:24:02 rearm-rebom-postgres-0                 11m     156Mi    
03:24:02 rearm-ui-5c9b8ddf9d-krkqk              1m      2Mi      
03:24:02 testreg-66bb8f476c-wt2mf               1m      382Mi    
03:24:02 zottest-ff7cfd65c-xbgvk                1028m   346Mi    
03:24:33 rearm-backend-6d79d5dcc8-rj9w4         58m     8162Mi   
03:24:33 rearm-keycloak-0                       2m      724Mi    
03:24:33 rearm-keycloak-postgres-0              1m      34Mi     
03:24:33 rearm-oci-artifact-5c8686f45c-mmxzz    3m      71Mi     
03:24:33 rearm-postgresql-0                     190m    2609Mi   
03:24:33 rearm-rebom-backend-768fd58455-46nwc   6m      63Mi     
03:24:33 rearm-rebom-backend-768fd58455-dp9ps   1m      61Mi     
03:24:33 rearm-rebom-backend-768fd58455-tmqdc   0m      112Mi    
03:24:33 rearm-rebom-backend-768fd58455-vkfb5   1m      84Mi     
03:24:33 rearm-rebom-postgres-0                 10m     156Mi    
03:24:33 rearm-ui-5c9b8ddf9d-krkqk              1m      2Mi      
03:24:33 testreg-66bb8f476c-wt2mf               1m      382Mi    
03:24:33 zottest-ff7cfd65c-xbgvk                1028m   382Mi    
03:25:04 rearm-backend-6d79d5dcc8-rj9w4         26m     8162Mi   
03:25:04 rearm-keycloak-0                       2m      724Mi    
03:25:04 rearm-keycloak-postgres-0              1m      34Mi     
03:25:04 rearm-oci-artifact-5c8686f45c-mmxzz    3m      73Mi     
03:25:04 rearm-postgresql-0                     170m    2606Mi   
03:25:04 rearm-rebom-backend-768fd58455-46nwc   9m      60Mi     
03:25:04 rearm-rebom-backend-768fd58455-dp9ps   0m      61Mi     
03:25:04 rearm-rebom-backend-768fd58455-tmqdc   1m      112Mi    
03:25:04 rearm-rebom-backend-768fd58455-vkfb5   1m      84Mi     
03:25:04 rearm-rebom-postgres-0                 10m     156Mi    
03:25:04 rearm-ui-5c9b8ddf9d-krkqk              1m      2Mi      
03:25:04 testreg-66bb8f476c-wt2mf               1m      382Mi    
03:25:04 zottest-ff7cfd65c-xbgvk                1012m   318Mi    
03:25:35 rearm-backend-6d79d5dcc8-rj9w4         34m     8162Mi   
03:25:35 rearm-keycloak-0                       2m      724Mi    
03:25:35 rearm-keycloak-postgres-0              1m      34Mi     
03:25:35 rearm-oci-artifact-5c8686f45c-mmxzz    3m      75Mi     
03:25:35 rearm-postgresql-0                     184m    2611Mi   
03:25:35 rearm-rebom-backend-768fd58455-46nwc   3m      63Mi     
03:25:35 rearm-rebom-backend-768fd58455-dp9ps   0m      61Mi     
03:25:35 rearm-rebom-backend-768fd58455-tmqdc   0m      112Mi    
03:25:35 rearm-rebom-backend-768fd58455-vkfb5   0m      84Mi     
03:25:35 rearm-rebom-postgres-0                 10m     156Mi    
03:25:35 rearm-ui-5c9b8ddf9d-krkqk              1m      2Mi      
03:25:35 testreg-66bb8f476c-wt2mf               1m      382Mi    
03:25:35 zottest-ff7cfd65c-xbgvk                1027m   300Mi    
03:26:06 rearm-backend-6d79d5dcc8-rj9w4         26m     8162Mi   
03:26:06 rearm-keycloak-0                       2m      724Mi    
03:26:06 rearm-keycloak-postgres-0              1m      34Mi     
03:26:06 rearm-oci-artifact-5c8686f45c-mmxzz    3m      72Mi     
03:26:06 rearm-postgresql-0                     150m    2606Mi   
03:26:06 rearm-rebom-backend-768fd58455-46nwc   0m      60Mi     
03:26:06 rearm-rebom-backend-768fd58455-dp9ps   1m      61Mi     
03:26:06 rearm-rebom-backend-768fd58455-tmqdc   5m      64Mi     
03:26:06 rearm-rebom-backend-768fd58455-vkfb5   0m      84Mi     
03:26:06 rearm-rebom-postgres-0                 9m      156Mi    
03:26:06 rearm-ui-5c9b8ddf9d-krkqk              1m      2Mi      
03:26:06 testreg-66bb8f476c-wt2mf               1m      382Mi    
03:26:06 zottest-ff7cfd65c-xbgvk                1032m   343Mi    
03:26:36 rearm-backend-6d79d5dcc8-rj9w4         25m     8163Mi   
03:26:36 rearm-keycloak-0                       2m      724Mi    
03:26:36 rearm-keycloak-postgres-0              1m      34Mi     
03:26:36 rearm-oci-artifact-5c8686f45c-mmxzz    3m      71Mi     
03:26:36 rearm-postgresql-0                     141m    2606Mi   
03:26:36 rearm-rebom-backend-768fd58455-46nwc   1m      60Mi     
03:26:36 rearm-rebom-backend-768fd58455-dp9ps   0m      61Mi     
03:26:36 rearm-rebom-backend-768fd58455-tmqdc   5m      65Mi     
03:26:36 rearm-rebom-backend-768fd58455-vkfb5   1m      84Mi     
03:26:36 rearm-rebom-postgres-0                 9m      156Mi    
03:26:36 rearm-ui-5c9b8ddf9d-krkqk              1m      2Mi      
03:26:36 testreg-66bb8f476c-wt2mf               1m      382Mi    
03:26:36 zottest-ff7cfd65c-xbgvk                1038m   351Mi    
03:27:07 rearm-backend-6d79d5dcc8-rj9w4         19m    8163Mi   
03:27:07 rearm-keycloak-0                       2m     724Mi    
03:27:07 rearm-keycloak-postgres-0              1m     34Mi     
03:27:07 rearm-oci-artifact-5c8686f45c-mmxzz    3m     70Mi     
03:27:07 rearm-postgresql-0                     191m   2602Mi   
03:27:07 rearm-rebom-backend-768fd58455-46nwc   1m     60Mi     
03:27:07 rearm-rebom-backend-768fd58455-dp9ps   1m     61Mi     
03:27:07 rearm-rebom-backend-768fd58455-tmqdc   5m     66Mi     
03:27:07 rearm-rebom-backend-768fd58455-vkfb5   0m     84Mi     
03:27:07 rearm-rebom-postgres-0                 10m    156Mi    
03:27:07 rearm-ui-5c9b8ddf9d-krkqk              1m     2Mi      
03:27:07 testreg-66bb8f476c-wt2mf               1m     382Mi    
03:27:07 zottest-ff7cfd65c-xbgvk                958m   344Mi    
03:27:38 rearm-backend-6d79d5dcc8-rj9w4         23m     8162Mi   
03:27:38 rearm-keycloak-0                       2m      724Mi    
03:27:38 rearm-keycloak-postgres-0              1m      34Mi     
03:27:38 rearm-oci-artifact-5c8686f45c-mmxzz    3m      71Mi     
03:27:38 rearm-postgresql-0                     180m    2613Mi   
03:27:38 rearm-rebom-backend-768fd58455-46nwc   0m      60Mi     
03:27:38 rearm-rebom-backend-768fd58455-dp9ps   1m      61Mi     
03:27:38 rearm-rebom-backend-768fd58455-tmqdc   5m      67Mi     
03:27:38 rearm-rebom-backend-768fd58455-vkfb5   0m      84Mi     
03:27:38 rearm-rebom-postgres-0                 8m      156Mi    
03:27:38 rearm-ui-5c9b8ddf9d-krkqk              1m      2Mi      
03:27:38 testreg-66bb8f476c-wt2mf               1m      382Mi    
03:27:38 zottest-ff7cfd65c-xbgvk                1019m   318Mi    
03:28:09 rearm-backend-6d79d5dcc8-rj9w4         25m     8072Mi   
03:28:09 rearm-keycloak-0                       2m      724Mi    
03:28:09 rearm-keycloak-postgres-0              1m      34Mi     
03:28:09 rearm-oci-artifact-5c8686f45c-mmxzz    3m      71Mi     
03:28:09 rearm-postgresql-0                     156m    2613Mi   
03:28:09 rearm-rebom-backend-768fd58455-46nwc   0m      60Mi     
03:28:09 rearm-rebom-backend-768fd58455-dp9ps   1m      61Mi     
03:28:09 rearm-rebom-backend-768fd58455-tmqdc   10m     73Mi     
03:28:09 rearm-rebom-backend-768fd58455-vkfb5   1m      84Mi     
03:28:09 rearm-rebom-postgres-0                 9m      156Mi    
03:28:09 rearm-ui-5c9b8ddf9d-krkqk              1m      2Mi      
03:28:09 testreg-66bb8f476c-wt2mf               1m      382Mi    
03:28:09 zottest-ff7cfd65c-xbgvk                1031m   293Mi    
03:28:39 rearm-backend-6d79d5dcc8-rj9w4         26m     7710Mi   
03:28:39 rearm-keycloak-0                       2m      724Mi    
03:28:39 rearm-keycloak-postgres-0              1m      34Mi     
03:28:39 rearm-oci-artifact-5c8686f45c-mmxzz    3m      71Mi     
03:28:39 rearm-postgresql-0                     166m    2613Mi   
03:28:39 rearm-rebom-backend-768fd58455-46nwc   1m      60Mi     
03:28:39 rearm-rebom-backend-768fd58455-dp9ps   0m      61Mi     
03:28:39 rearm-rebom-backend-768fd58455-tmqdc   6m      75Mi     
03:28:39 rearm-rebom-backend-768fd58455-vkfb5   0m      84Mi     
03:28:39 rearm-rebom-postgres-0                 9m      156Mi    
03:28:39 rearm-ui-5c9b8ddf9d-krkqk              1m      2Mi      
03:28:39 testreg-66bb8f476c-wt2mf               1m      382Mi    
03:28:39 zottest-ff7cfd65c-xbgvk                1028m   348Mi    
03:29:10 rearm-backend-6d79d5dcc8-rj9w4         28m     7168Mi   
03:29:10 rearm-keycloak-0                       2m      724Mi    
03:29:10 rearm-keycloak-postgres-0              1m      34Mi     
03:29:10 rearm-oci-artifact-5c8686f45c-mmxzz    3m      71Mi     
03:29:10 rearm-postgresql-0                     170m    2613Mi   
03:29:10 rearm-rebom-backend-768fd58455-46nwc   1m      60Mi     
03:29:10 rearm-rebom-backend-768fd58455-dp9ps   1m      61Mi     
03:29:10 rearm-rebom-backend-768fd58455-tmqdc   5m      76Mi     
03:29:10 rearm-rebom-backend-768fd58455-vkfb5   1m      84Mi     
03:29:10 rearm-rebom-postgres-0                 9m      156Mi    
03:29:10 rearm-ui-5c9b8ddf9d-krkqk              1m      2Mi      
03:29:10 testreg-66bb8f476c-wt2mf               1m      382Mi    
03:29:10 zottest-ff7cfd65c-xbgvk                1026m   343Mi    
03:29:41 rearm-backend-6d79d5dcc8-rj9w4         27m     6626Mi   
03:29:41 rearm-keycloak-0                       2m      724Mi    
03:29:41 rearm-keycloak-postgres-0              1m      34Mi     
03:29:41 rearm-oci-artifact-5c8686f45c-mmxzz    3m      69Mi     
03:29:41 rearm-postgresql-0                     164m    2613Mi   
03:29:41 rearm-rebom-backend-768fd58455-46nwc   0m      60Mi     
03:29:41 rearm-rebom-backend-768fd58455-dp9ps   1m      61Mi     
03:29:41 rearm-rebom-backend-768fd58455-tmqdc   5m      76Mi     
03:29:41 rearm-rebom-backend-768fd58455-vkfb5   1m      84Mi     
03:29:41 rearm-rebom-postgres-0                 9m      156Mi    
03:29:41 rearm-ui-5c9b8ddf9d-krkqk              1m      2Mi      
03:29:41 testreg-66bb8f476c-wt2mf               1m      382Mi    
03:29:41 zottest-ff7cfd65c-xbgvk                1025m   298Mi    
03:30:12 rearm-backend-6d79d5dcc8-rj9w4         26m     5993Mi   
03:30:12 rearm-keycloak-0                       2m      724Mi    
03:30:12 rearm-keycloak-postgres-0              1m      34Mi     
03:30:12 rearm-oci-artifact-5c8686f45c-mmxzz    3m      72Mi     
03:30:12 rearm-postgresql-0                     136m    2613Mi   
03:30:12 rearm-rebom-backend-768fd58455-46nwc   1m      60Mi     
03:30:12 rearm-rebom-backend-768fd58455-dp9ps   1m      61Mi     
03:30:12 rearm-rebom-backend-768fd58455-tmqdc   5m      77Mi     
03:30:12 rearm-rebom-backend-768fd58455-vkfb5   0m      84Mi     
03:30:12 rearm-rebom-postgres-0                 9m      156Mi    
03:30:12 rearm-ui-5c9b8ddf9d-krkqk              1m      2Mi      
03:30:12 testreg-66bb8f476c-wt2mf               1m      382Mi    
03:30:12 zottest-ff7cfd65c-xbgvk                1000m   295Mi    
03:30:42 rearm-backend-6d79d5dcc8-rj9w4         26m     5360Mi   
03:30:42 rearm-keycloak-0                       2m      724Mi    
03:30:42 rearm-keycloak-postgres-0              1m      34Mi     
03:30:42 rearm-oci-artifact-5c8686f45c-mmxzz    3m      72Mi     
03:30:42 rearm-postgresql-0                     136m    2618Mi   
03:30:42 rearm-rebom-backend-768fd58455-46nwc   1m      60Mi     
03:30:42 rearm-rebom-backend-768fd58455-dp9ps   1m      61Mi     
03:30:42 rearm-rebom-backend-768fd58455-tmqdc   1m      77Mi     
03:30:42 rearm-rebom-backend-768fd58455-vkfb5   3m      64Mi     
03:30:42 rearm-rebom-postgres-0                 9m      156Mi    
03:30:42 rearm-ui-5c9b8ddf9d-krkqk              1m      2Mi      
03:30:42 testreg-66bb8f476c-wt2mf               1m      382Mi    
03:30:42 zottest-ff7cfd65c-xbgvk                1027m   294Mi    
03:31:13 rearm-backend-6d79d5dcc8-rj9w4         28m     4935Mi   
03:31:13 rearm-keycloak-0                       2m      724Mi    
03:31:13 rearm-keycloak-postgres-0              1m      34Mi     
03:31:13 rearm-oci-artifact-5c8686f45c-mmxzz    3m      71Mi     
03:31:13 rearm-postgresql-0                     131m    2614Mi   
03:31:13 rearm-rebom-backend-768fd58455-46nwc   1m      60Mi     
03:31:13 rearm-rebom-backend-768fd58455-dp9ps   0m      61Mi     
03:31:13 rearm-rebom-backend-768fd58455-tmqdc   1m      77Mi     
03:31:13 rearm-rebom-backend-768fd58455-vkfb5   4m      65Mi     
03:31:13 rearm-rebom-postgres-0                 9m      156Mi    
03:31:13 rearm-ui-5c9b8ddf9d-krkqk              1m      2Mi      
03:31:13 testreg-66bb8f476c-wt2mf               1m      382Mi    
03:31:13 zottest-ff7cfd65c-xbgvk                1032m   350Mi    
03:31:44 rearm-backend-6d79d5dcc8-rj9w4         55m     4935Mi   
03:31:44 rearm-keycloak-0                       2m      724Mi    
03:31:44 rearm-keycloak-postgres-0              1m      34Mi     
03:31:44 rearm-oci-artifact-5c8686f45c-mmxzz    5m      70Mi     
03:31:44 rearm-postgresql-0                     210m    2610Mi   
03:31:44 rearm-rebom-backend-768fd58455-46nwc   0m      60Mi     
03:31:44 rearm-rebom-backend-768fd58455-dp9ps   0m      61Mi     
03:31:44 rearm-rebom-backend-768fd58455-tmqdc   0m      77Mi     
03:31:44 rearm-rebom-backend-768fd58455-vkfb5   10m     66Mi     
03:31:44 rearm-rebom-postgres-0                 19m     156Mi    
03:31:44 rearm-ui-5c9b8ddf9d-krkqk              1m      2Mi      
03:31:44 testreg-66bb8f476c-wt2mf               1m      382Mi    
03:31:44 zottest-ff7cfd65c-xbgvk                1016m   304Mi    
03:32:15 rearm-backend-6d79d5dcc8-rj9w4         28m     4935Mi   
03:32:15 rearm-keycloak-0                       2m      724Mi    
03:32:15 rearm-keycloak-postgres-0              1m      34Mi     
03:32:15 rearm-oci-artifact-5c8686f45c-mmxzz    3m      71Mi     
03:32:15 rearm-postgresql-0                     177m    2611Mi   
03:32:15 rearm-rebom-backend-768fd58455-46nwc   1m      60Mi     
03:32:15 rearm-rebom-backend-768fd58455-dp9ps   1m      61Mi     
03:32:15 rearm-rebom-backend-768fd58455-tmqdc   0m      77Mi     
03:32:15 rearm-rebom-backend-768fd58455-vkfb5   4m      69Mi     
03:32:15 rearm-rebom-postgres-0                 9m      156Mi    
03:32:15 rearm-ui-5c9b8ddf9d-krkqk              1m      2Mi      
03:32:15 testreg-66bb8f476c-wt2mf               1m      382Mi    
03:32:15 zottest-ff7cfd65c-xbgvk                1003m   373Mi    
03:32:46 rearm-backend-6d79d5dcc8-rj9w4         22m     4935Mi   
03:32:46 rearm-keycloak-0                       2m      724Mi    
03:32:46 rearm-keycloak-postgres-0              1m      34Mi     
03:32:46 rearm-oci-artifact-5c8686f45c-mmxzz    3m      72Mi     
03:32:46 rearm-postgresql-0                     167m    2611Mi   
03:32:46 rearm-rebom-backend-768fd58455-46nwc   1m      60Mi     
03:32:46 rearm-rebom-backend-768fd58455-dp9ps   1m      61Mi     
03:32:46 rearm-rebom-backend-768fd58455-tmqdc   1m      77Mi     
03:32:46 rearm-rebom-backend-768fd58455-vkfb5   4m      70Mi     
03:32:46 rearm-rebom-postgres-0                 8m      156Mi    
03:32:46 rearm-ui-5c9b8ddf9d-krkqk              1m      2Mi      
03:32:46 testreg-66bb8f476c-wt2mf               1m      382Mi    
03:32:46 zottest-ff7cfd65c-xbgvk                1024m   294Mi    
03:33:16 rearm-backend-6d79d5dcc8-rj9w4         22m     4935Mi   
03:33:16 rearm-keycloak-0                       2m      724Mi    
03:33:16 rearm-keycloak-postgres-0              1m      34Mi     
03:33:16 rearm-oci-artifact-5c8686f45c-mmxzz    3m      70Mi     
03:33:16 rearm-postgresql-0                     164m    2609Mi   
03:33:16 rearm-rebom-backend-768fd58455-46nwc   1m      60Mi     
03:33:16 rearm-rebom-backend-768fd58455-dp9ps   0m      61Mi     
03:33:16 rearm-rebom-backend-768fd58455-tmqdc   0m      77Mi     
03:33:16 rearm-rebom-backend-768fd58455-vkfb5   4m      70Mi     
03:33:16 rearm-rebom-postgres-0                 9m      156Mi    
03:33:16 rearm-ui-5c9b8ddf9d-krkqk              1m      2Mi      
03:33:16 testreg-66bb8f476c-wt2mf               1m      382Mi    
03:33:16 zottest-ff7cfd65c-xbgvk                1035m   297Mi    
03:33:47 rearm-backend-6d79d5dcc8-rj9w4         28m     4935Mi   
03:33:47 rearm-keycloak-0                       2m      724Mi    
03:33:47 rearm-keycloak-postgres-0              1m      34Mi     
03:33:47 rearm-oci-artifact-5c8686f45c-mmxzz    3m      73Mi     
03:33:47 rearm-postgresql-0                     152m    2609Mi   
03:33:47 rearm-rebom-backend-768fd58455-46nwc   0m      60Mi     
03:33:47 rearm-rebom-backend-768fd58455-dp9ps   1m      61Mi     
03:33:47 rearm-rebom-backend-768fd58455-tmqdc   0m      77Mi     
03:33:47 rearm-rebom-backend-768fd58455-vkfb5   4m      71Mi     
03:33:47 rearm-rebom-postgres-0                 9m      156Mi    
03:33:47 rearm-ui-5c9b8ddf9d-krkqk              1m      2Mi      
03:33:47 testreg-66bb8f476c-wt2mf               1m      382Mi    
03:33:47 zottest-ff7cfd65c-xbgvk                1015m   295Mi    
03:34:18 rearm-backend-6d79d5dcc8-rj9w4         23m     4935Mi   
03:34:18 rearm-keycloak-0                       2m      724Mi    
03:34:18 rearm-keycloak-postgres-0              1m      34Mi     
03:34:18 rearm-oci-artifact-5c8686f45c-mmxzz    3m      71Mi     
03:34:18 rearm-postgresql-0                     185m    2607Mi   
03:34:18 rearm-rebom-backend-768fd58455-46nwc   1m      60Mi     
03:34:18 rearm-rebom-backend-768fd58455-dp9ps   1m      61Mi     
03:34:18 rearm-rebom-backend-768fd58455-tmqdc   1m      77Mi     
03:34:18 rearm-rebom-backend-768fd58455-vkfb5   4m      71Mi     
03:34:18 rearm-rebom-postgres-0                 8m      156Mi    
03:34:18 rearm-ui-5c9b8ddf9d-krkqk              1m      2Mi      
03:34:18 testreg-66bb8f476c-wt2mf               1m      382Mi    
03:34:18 zottest-ff7cfd65c-xbgvk                1025m   302Mi    
03:34:48 rearm-backend-6d79d5dcc8-rj9w4         22m     4935Mi   
03:34:48 rearm-keycloak-0                       2m      724Mi    
03:34:48 rearm-keycloak-postgres-0              1m      34Mi     
03:34:48 rearm-oci-artifact-5c8686f45c-mmxzz    3m      72Mi     
03:34:48 rearm-postgresql-0                     172m    2605Mi   
03:34:48 rearm-rebom-backend-768fd58455-46nwc   0m      60Mi     
03:34:48 rearm-rebom-backend-768fd58455-dp9ps   0m      61Mi     
03:34:48 rearm-rebom-backend-768fd58455-tmqdc   0m      77Mi     
03:34:48 rearm-rebom-backend-768fd58455-vkfb5   7m      69Mi     
03:34:48 rearm-rebom-postgres-0                 9m      156Mi    
03:34:48 rearm-ui-5c9b8ddf9d-krkqk              1m      2Mi      
03:34:48 testreg-66bb8f476c-wt2mf               1m      382Mi    
03:34:48 zottest-ff7cfd65c-xbgvk                1025m   297Mi    
03:35:19 rearm-backend-6d79d5dcc8-rj9w4         19m     4935Mi   
03:35:19 rearm-keycloak-0                       2m      724Mi    
03:35:19 rearm-keycloak-postgres-0              1m      34Mi     
03:35:19 rearm-oci-artifact-5c8686f45c-mmxzz    3m      69Mi     
03:35:19 rearm-postgresql-0                     184m    2603Mi   
03:35:19 rearm-rebom-backend-768fd58455-46nwc   0m      60Mi     
03:35:19 rearm-rebom-backend-768fd58455-dp9ps   1m      61Mi     
03:35:19 rearm-rebom-backend-768fd58455-tmqdc   1m      77Mi     
03:35:19 rearm-rebom-backend-768fd58455-vkfb5   4m      78Mi     
03:35:19 rearm-rebom-postgres-0                 9m      156Mi    
03:35:19 rearm-ui-5c9b8ddf9d-krkqk              1m      2Mi      
03:35:19 testreg-66bb8f476c-wt2mf               1m      382Mi    
03:35:19 zottest-ff7cfd65c-xbgvk                1003m   364Mi    
03:35:50 rearm-backend-6d79d5dcc8-rj9w4         55m    4935Mi   
03:35:50 rearm-keycloak-0                       2m     724Mi    
03:35:50 rearm-keycloak-postgres-0              1m     34Mi     
03:35:50 rearm-oci-artifact-5c8686f45c-mmxzz    3m     70Mi     
03:35:50 rearm-postgresql-0                     131m   2604Mi   
03:35:50 rearm-rebom-backend-768fd58455-46nwc   0m     60Mi     
03:35:50 rearm-rebom-backend-768fd58455-dp9ps   0m     61Mi     
03:35:50 rearm-rebom-backend-768fd58455-tmqdc   5m     61Mi     
03:35:50 rearm-rebom-backend-768fd58455-vkfb5   1m     79Mi     
03:35:50 rearm-rebom-postgres-0                 9m     156Mi    
03:35:50 rearm-ui-5c9b8ddf9d-krkqk              1m     2Mi      
03:35:50 testreg-66bb8f476c-wt2mf               1m     382Mi    
03:35:50 zottest-ff7cfd65c-xbgvk                881m   305Mi    
03:36:21 rearm-backend-6d79d5dcc8-rj9w4         31m    4754Mi   
03:36:21 rearm-keycloak-0                       2m     724Mi    
03:36:21 rearm-keycloak-postgres-0              1m     34Mi     
03:36:21 rearm-oci-artifact-5c8686f45c-mmxzz    4m     72Mi     
03:36:21 rearm-postgresql-0                     160m   2605Mi   
03:36:21 rearm-rebom-backend-768fd58455-46nwc   0m     60Mi     
03:36:21 rearm-rebom-backend-768fd58455-dp9ps   1m     61Mi     
03:36:21 rearm-rebom-backend-768fd58455-tmqdc   6m     62Mi     
03:36:21 rearm-rebom-backend-768fd58455-vkfb5   1m     79Mi     
03:36:21 rearm-rebom-postgres-0                 9m     156Mi    
03:36:21 rearm-ui-5c9b8ddf9d-krkqk              1m     2Mi      
03:36:21 testreg-66bb8f476c-wt2mf               1m     382Mi    
03:36:21 zottest-ff7cfd65c-xbgvk                974m   340Mi    
03:36:52 rearm-backend-6d79d5dcc8-rj9w4         25m     4483Mi   
03:36:52 rearm-keycloak-0                       2m      724Mi    
03:36:52 rearm-keycloak-postgres-0              1m      34Mi     
03:36:52 rearm-oci-artifact-5c8686f45c-mmxzz    3m      72Mi     
03:36:52 rearm-postgresql-0                     135m    2605Mi   
03:36:52 rearm-rebom-backend-768fd58455-46nwc   1m      60Mi     
03:36:52 rearm-rebom-backend-768fd58455-dp9ps   1m      61Mi     
03:36:52 rearm-rebom-backend-768fd58455-tmqdc   9m      61Mi     
03:36:52 rearm-rebom-backend-768fd58455-vkfb5   1m      79Mi     
03:36:52 rearm-rebom-postgres-0                 12m     156Mi    
03:36:52 rearm-ui-5c9b8ddf9d-krkqk              1m      2Mi      
03:36:52 testreg-66bb8f476c-wt2mf               1m      382Mi    
03:36:52 zottest-ff7cfd65c-xbgvk                1016m   301Mi    
03:37:22 rearm-backend-6d79d5dcc8-rj9w4         681m   5936Mi   
03:37:22 rearm-keycloak-0                       2m     724Mi    
03:37:22 rearm-keycloak-postgres-0              1m     34Mi     
03:37:22 rearm-oci-artifact-5c8686f45c-mmxzz    3m     71Mi     
03:37:22 rearm-postgresql-0                     534m   2622Mi   
03:37:22 rearm-rebom-backend-768fd58455-46nwc   1m     60Mi     
03:37:22 rearm-rebom-backend-768fd58455-dp9ps   0m     61Mi     
03:37:22 rearm-rebom-backend-768fd58455-tmqdc   5m     62Mi     
03:37:22 rearm-rebom-backend-768fd58455-vkfb5   0m     79Mi     
03:37:22 rearm-rebom-postgres-0                 10m    156Mi    
03:37:22 rearm-ui-5c9b8ddf9d-krkqk              1m     2Mi      
03:37:22 testreg-66bb8f476c-wt2mf               1m     382Mi    
03:37:22 zottest-ff7cfd65c-xbgvk                948m   333Mi    
03:37:53 rearm-backend-6d79d5dcc8-rj9w4         909m   7964Mi   
03:37:53 rearm-keycloak-0                       2m     724Mi    
03:37:53 rearm-keycloak-postgres-0              1m     34Mi     
03:37:53 rearm-oci-artifact-5c8686f45c-mmxzz    3m     73Mi     
03:37:53 rearm-postgresql-0                     699m   2633Mi   
03:37:53 rearm-rebom-backend-768fd58455-46nwc   0m     60Mi     
03:37:53 rearm-rebom-backend-768fd58455-dp9ps   0m     61Mi     
03:37:53 rearm-rebom-backend-768fd58455-tmqdc   4m     62Mi     
03:37:53 rearm-rebom-backend-768fd58455-vkfb5   0m     79Mi     
03:37:53 rearm-rebom-postgres-0                 8m     156Mi    
03:37:53 rearm-ui-5c9b8ddf9d-krkqk              1m     2Mi      
03:37:53 testreg-66bb8f476c-wt2mf               1m     373Mi    
03:37:53 zottest-ff7cfd65c-xbgvk                891m   298Mi    
03:38:24 rearm-backend-6d79d5dcc8-rj9w4         104m    8074Mi   
03:38:24 rearm-keycloak-0                       2m      724Mi    
03:38:24 rearm-keycloak-postgres-0              1m      34Mi     
03:38:24 rearm-oci-artifact-5c8686f45c-mmxzz    3m      73Mi     
03:38:24 rearm-postgresql-0                     343m    2643Mi   
03:38:24 rearm-rebom-backend-768fd58455-46nwc   0m      60Mi     
03:38:24 rearm-rebom-backend-768fd58455-dp9ps   1m      61Mi     
03:38:24 rearm-rebom-backend-768fd58455-tmqdc   8m      62Mi     
03:38:24 rearm-rebom-backend-768fd58455-vkfb5   0m      79Mi     
03:38:24 rearm-rebom-postgres-0                 9m      155Mi    
03:38:24 rearm-ui-5c9b8ddf9d-krkqk              1m      2Mi      
03:38:24 testreg-66bb8f476c-wt2mf               1m      355Mi    
03:38:24 zottest-ff7cfd65c-xbgvk                1009m   359Mi    
03:38:55 rearm-backend-6d79d5dcc8-rj9w4         24m     8074Mi   
03:38:55 rearm-keycloak-0                       2m      724Mi    
03:38:55 rearm-keycloak-postgres-0              1m      34Mi     
03:38:55 rearm-oci-artifact-5c8686f45c-mmxzz    3m      72Mi     
03:38:55 rearm-postgresql-0                     144m    2643Mi   
03:38:55 rearm-rebom-backend-768fd58455-46nwc   1m      60Mi     
03:38:55 rearm-rebom-backend-768fd58455-dp9ps   1m      61Mi     
03:38:55 rearm-rebom-backend-768fd58455-tmqdc   6m      63Mi     
03:38:55 rearm-rebom-backend-768fd58455-vkfb5   1m      79Mi     
03:38:55 rearm-rebom-postgres-0                 9m      155Mi    
03:38:55 rearm-ui-5c9b8ddf9d-krkqk              1m      2Mi      
03:38:55 testreg-66bb8f476c-wt2mf               1m      355Mi    
03:38:55 zottest-ff7cfd65c-xbgvk                1026m   397Mi    
03:39:26 rearm-backend-6d79d5dcc8-rj9w4         31m     8074Mi   
03:39:26 rearm-keycloak-0                       2m      724Mi    
03:39:26 rearm-keycloak-postgres-0              1m      34Mi     
03:39:26 rearm-oci-artifact-5c8686f45c-mmxzz    3m      72Mi     
03:39:26 rearm-postgresql-0                     157m    2643Mi   
03:39:26 rearm-rebom-backend-768fd58455-46nwc   1m      60Mi     
03:39:26 rearm-rebom-backend-768fd58455-dp9ps   0m      61Mi     
03:39:26 rearm-rebom-backend-768fd58455-tmqdc   9m      61Mi     
03:39:26 rearm-rebom-backend-768fd58455-vkfb5   1m      79Mi     
03:39:26 rearm-rebom-postgres-0                 9m      155Mi    
03:39:26 rearm-ui-5c9b8ddf9d-krkqk              1m      2Mi      
03:39:26 testreg-66bb8f476c-wt2mf               1m      355Mi    
03:39:26 zottest-ff7cfd65c-xbgvk                1023m   391Mi    
03:39:56 rearm-backend-6d79d5dcc8-rj9w4         22m     8074Mi   
03:39:56 rearm-keycloak-0                       2m      724Mi    
03:39:56 rearm-keycloak-postgres-0              1m      34Mi     
03:39:56 rearm-oci-artifact-5c8686f45c-mmxzz    3m      72Mi     
03:39:56 rearm-postgresql-0                     136m    2644Mi   
03:39:56 rearm-rebom-backend-768fd58455-46nwc   0m      60Mi     
03:39:56 rearm-rebom-backend-768fd58455-dp9ps   1m      61Mi     
03:39:56 rearm-rebom-backend-768fd58455-tmqdc   6m      61Mi     
03:39:56 rearm-rebom-backend-768fd58455-vkfb5   1m      79Mi     
03:39:56 rearm-rebom-postgres-0                 9m      155Mi    
03:39:56 rearm-ui-5c9b8ddf9d-krkqk              1m      2Mi      
03:39:56 testreg-66bb8f476c-wt2mf               1m      355Mi    
03:39:56 zottest-ff7cfd65c-xbgvk                1035m   369Mi    
03:40:27 rearm-backend-6d79d5dcc8-rj9w4         31m    8074Mi   
03:40:27 rearm-keycloak-0                       2m     724Mi    
03:40:27 rearm-keycloak-postgres-0              1m     34Mi     
03:40:27 rearm-oci-artifact-5c8686f45c-mmxzz    3m     71Mi     
03:40:27 rearm-postgresql-0                     181m   2646Mi   
03:40:27 rearm-rebom-backend-768fd58455-46nwc   1m     60Mi     
03:40:27 rearm-rebom-backend-768fd58455-dp9ps   1m     61Mi     
03:40:27 rearm-rebom-backend-768fd58455-tmqdc   8m     62Mi     
03:40:27 rearm-rebom-backend-768fd58455-vkfb5   1m     79Mi     
03:40:27 rearm-rebom-postgres-0                 9m     155Mi    
03:40:27 rearm-ui-5c9b8ddf9d-krkqk              1m     2Mi      
03:40:27 testreg-66bb8f476c-wt2mf               1m     351Mi    
03:40:27 zottest-ff7cfd65c-xbgvk                999m   386Mi    
03:40:58 rearm-backend-6d79d5dcc8-rj9w4         26m     8074Mi   
03:40:58 rearm-keycloak-0                       2m      724Mi    
03:40:58 rearm-keycloak-postgres-0              1m      34Mi     
03:40:58 rearm-oci-artifact-5c8686f45c-mmxzz    3m      70Mi     
03:40:58 rearm-postgresql-0                     168m    2646Mi   
03:40:58 rearm-rebom-backend-768fd58455-46nwc   0m      60Mi     
03:40:58 rearm-rebom-backend-768fd58455-dp9ps   0m      61Mi     
03:40:58 rearm-rebom-backend-768fd58455-tmqdc   5m      61Mi     
03:40:58 rearm-rebom-backend-768fd58455-vkfb5   1m      79Mi     
03:40:58 rearm-rebom-postgres-0                 10m     155Mi    
03:40:58 rearm-ui-5c9b8ddf9d-krkqk              1m      2Mi      
03:40:58 testreg-66bb8f476c-wt2mf               1m      351Mi    
03:40:58 zottest-ff7cfd65c-xbgvk                1012m   368Mi    
03:41:29 rearm-backend-6d79d5dcc8-rj9w4         58m     8074Mi   
03:41:29 rearm-keycloak-0                       2m      724Mi    
03:41:29 rearm-keycloak-postgres-0              1m      34Mi     
03:41:29 rearm-oci-artifact-5c8686f45c-mmxzz    3m      71Mi     
03:41:29 rearm-postgresql-0                     208m    2643Mi   
03:41:29 rearm-rebom-backend-768fd58455-46nwc   0m      60Mi     
03:41:29 rearm-rebom-backend-768fd58455-dp9ps   0m      61Mi     
03:41:29 rearm-rebom-backend-768fd58455-tmqdc   5m      62Mi     
03:41:29 rearm-rebom-backend-768fd58455-vkfb5   0m      79Mi     
03:41:29 rearm-rebom-postgres-0                 8m      155Mi    
03:41:29 rearm-ui-5c9b8ddf9d-krkqk              1m      2Mi      
03:41:29 testreg-66bb8f476c-wt2mf               1m      351Mi    
03:41:29 zottest-ff7cfd65c-xbgvk                1012m   438Mi    
03:41:59 rearm-backend-6d79d5dcc8-rj9w4         23m     8074Mi   
03:41:59 rearm-keycloak-0                       2m      724Mi    
03:41:59 rearm-keycloak-postgres-0              1m      34Mi     
03:41:59 rearm-oci-artifact-5c8686f45c-mmxzz    3m      73Mi     
03:41:59 rearm-postgresql-0                     185m    2650Mi   
03:41:59 rearm-rebom-backend-768fd58455-46nwc   1m      60Mi     
03:41:59 rearm-rebom-backend-768fd58455-dp9ps   1m      61Mi     
03:41:59 rearm-rebom-backend-768fd58455-tmqdc   5m      63Mi     
03:41:59 rearm-rebom-backend-768fd58455-vkfb5   1m      79Mi     
03:41:59 rearm-rebom-postgres-0                 9m      155Mi    
03:41:59 rearm-ui-5c9b8ddf9d-krkqk              1m      2Mi      
03:41:59 testreg-66bb8f476c-wt2mf               1m      347Mi    
03:41:59 zottest-ff7cfd65c-xbgvk                1013m   385Mi    
03:42:30 rearm-backend-6d79d5dcc8-rj9w4         31m    8074Mi   
03:42:30 rearm-keycloak-0                       2m     724Mi    
03:42:30 rearm-keycloak-postgres-0              1m     34Mi     
03:42:30 rearm-oci-artifact-5c8686f45c-mmxzz    3m     70Mi     
03:42:30 rearm-postgresql-0                     268m   2650Mi   
03:42:30 rearm-rebom-backend-768fd58455-46nwc   0m     60Mi     
03:42:30 rearm-rebom-backend-768fd58455-dp9ps   0m     61Mi     
03:42:30 rearm-rebom-backend-768fd58455-tmqdc   5m     63Mi     
03:42:30 rearm-rebom-backend-768fd58455-vkfb5   0m     79Mi     
03:42:30 rearm-rebom-postgres-0                 10m    155Mi    
03:42:30 rearm-ui-5c9b8ddf9d-krkqk              1m     2Mi      
03:42:30 testreg-66bb8f476c-wt2mf               1m     347Mi    
03:42:30 zottest-ff7cfd65c-xbgvk                999m   385Mi    
03:43:01 rearm-backend-6d79d5dcc8-rj9w4         24m     8074Mi   
03:43:01 rearm-keycloak-0                       2m      724Mi    
03:43:01 rearm-keycloak-postgres-0              1m      34Mi     
03:43:01 rearm-oci-artifact-5c8686f45c-mmxzz    3m      71Mi     
03:43:01 rearm-postgresql-0                     174m    2637Mi   
03:43:01 rearm-rebom-backend-768fd58455-46nwc   1m      60Mi     
03:43:01 rearm-rebom-backend-768fd58455-dp9ps   0m      61Mi     
03:43:01 rearm-rebom-backend-768fd58455-tmqdc   5m      61Mi     
03:43:01 rearm-rebom-backend-768fd58455-vkfb5   0m      79Mi     
03:43:01 rearm-rebom-postgres-0                 9m      155Mi    
03:43:01 rearm-ui-5c9b8ddf9d-krkqk              1m      2Mi      
03:43:01 testreg-66bb8f476c-wt2mf               1m      347Mi    
03:43:01 zottest-ff7cfd65c-xbgvk                1018m   421Mi    
03:43:32 rearm-backend-6d79d5dcc8-rj9w4         49m     8075Mi   
03:43:32 rearm-keycloak-0                       2m      724Mi    
03:43:32 rearm-keycloak-postgres-0              1m      34Mi     
03:43:32 rearm-oci-artifact-5c8686f45c-mmxzz    3m      73Mi     
03:43:32 rearm-postgresql-0                     193m    2637Mi   
03:43:32 rearm-rebom-backend-768fd58455-46nwc   1m      60Mi     
03:43:32 rearm-rebom-backend-768fd58455-dp9ps   1m      61Mi     
03:43:32 rearm-rebom-backend-768fd58455-tmqdc   5m      64Mi     
03:43:32 rearm-rebom-backend-768fd58455-vkfb5   0m      79Mi     
03:43:32 rearm-rebom-postgres-0                 10m     155Mi    
03:43:32 rearm-ui-5c9b8ddf9d-krkqk              1m      2Mi      
03:43:32 testreg-66bb8f476c-wt2mf               1m      347Mi    
03:43:32 zottest-ff7cfd65c-xbgvk                1012m   390Mi    
03:44:02 rearm-backend-6d79d5dcc8-rj9w4         25m     8075Mi   
03:44:02 rearm-keycloak-0                       2m      724Mi    
03:44:02 rearm-keycloak-postgres-0              1m      34Mi     
03:44:02 rearm-oci-artifact-5c8686f45c-mmxzz    3m      73Mi     
03:44:02 rearm-postgresql-0                     165m    2634Mi   
03:44:02 rearm-rebom-backend-768fd58455-46nwc   0m      60Mi     
03:44:02 rearm-rebom-backend-768fd58455-dp9ps   0m      61Mi     
03:44:02 rearm-rebom-backend-768fd58455-tmqdc   8m      62Mi     
03:44:02 rearm-rebom-backend-768fd58455-vkfb5   1m      79Mi     
03:44:02 rearm-rebom-postgres-0                 9m      155Mi    
03:44:02 rearm-ui-5c9b8ddf9d-krkqk              1m      2Mi      
03:44:02 testreg-66bb8f476c-wt2mf               1m      347Mi    
03:44:02 zottest-ff7cfd65c-xbgvk                1010m   421Mi    
03:44:33 rearm-backend-6d79d5dcc8-rj9w4         30m     8075Mi   
03:44:33 rearm-keycloak-0                       2m      724Mi    
03:44:33 rearm-keycloak-postgres-0              1m      34Mi     
03:44:33 rearm-oci-artifact-5c8686f45c-mmxzz    3m      70Mi     
03:44:33 rearm-postgresql-0                     193m    2629Mi   
03:44:33 rearm-rebom-backend-768fd58455-46nwc   1m      60Mi     
03:44:33 rearm-rebom-backend-768fd58455-dp9ps   0m      61Mi     
03:44:33 rearm-rebom-backend-768fd58455-tmqdc   6m      62Mi     
03:44:33 rearm-rebom-backend-768fd58455-vkfb5   0m      79Mi     
03:44:33 rearm-rebom-postgres-0                 10m     155Mi    
03:44:33 rearm-ui-5c9b8ddf9d-krkqk              1m      2Mi      
03:44:33 testreg-66bb8f476c-wt2mf               1m      347Mi    
03:44:33 zottest-ff7cfd65c-xbgvk                1014m   454Mi    
03:45:04 rearm-backend-6d79d5dcc8-rj9w4         22m     8075Mi   
03:45:04 rearm-keycloak-0                       2m      724Mi    
03:45:04 rearm-keycloak-postgres-0              1m      34Mi     
03:45:04 rearm-oci-artifact-5c8686f45c-mmxzz    3m      70Mi     
03:45:04 rearm-postgresql-0                     160m    2629Mi   
03:45:04 rearm-rebom-backend-768fd58455-46nwc   1m      60Mi     
03:45:04 rearm-rebom-backend-768fd58455-dp9ps   1m      61Mi     
03:45:04 rearm-rebom-backend-768fd58455-tmqdc   5m      63Mi     
03:45:04 rearm-rebom-backend-768fd58455-vkfb5   1m      79Mi     
03:45:04 rearm-rebom-postgres-0                 9m      155Mi    
03:45:04 rearm-ui-5c9b8ddf9d-krkqk              1m      2Mi      
03:45:04 testreg-66bb8f476c-wt2mf               1m      347Mi    
03:45:04 zottest-ff7cfd65c-xbgvk                1014m   417Mi    
03:45:35 rearm-backend-6d79d5dcc8-rj9w4         54m     8074Mi   
03:45:35 rearm-keycloak-0                       2m      724Mi    
03:45:35 rearm-keycloak-postgres-0              1m      34Mi     
03:45:35 rearm-oci-artifact-5c8686f45c-mmxzz    3m      72Mi     
03:45:35 rearm-postgresql-0                     182m    2631Mi   
03:45:35 rearm-rebom-backend-768fd58455-46nwc   1m      60Mi     
03:45:35 rearm-rebom-backend-768fd58455-dp9ps   5m      60Mi     
03:45:35 rearm-rebom-backend-768fd58455-tmqdc   3m      60Mi     
03:45:35 rearm-rebom-backend-768fd58455-vkfb5   1m      79Mi     
03:45:35 rearm-rebom-postgres-0                 10m     155Mi    
03:45:35 rearm-ui-5c9b8ddf9d-krkqk              1m      2Mi      
03:45:35 testreg-66bb8f476c-wt2mf               1m      347Mi    
03:45:35 zottest-ff7cfd65c-xbgvk                1022m   428Mi    
03:46:05 rearm-backend-6d79d5dcc8-rj9w4         22m     8074Mi   
03:46:05 rearm-keycloak-0                       2m      724Mi    
03:46:05 rearm-keycloak-postgres-0              1m      34Mi     
03:46:05 rearm-oci-artifact-5c8686f45c-mmxzz    3m      73Mi     
03:46:05 rearm-postgresql-0                     138m    2624Mi   
03:46:05 rearm-rebom-backend-768fd58455-46nwc   1m      60Mi     
03:46:05 rearm-rebom-backend-768fd58455-dp9ps   5m      59Mi     
03:46:05 rearm-rebom-backend-768fd58455-tmqdc   0m      60Mi     
03:46:05 rearm-rebom-backend-768fd58455-vkfb5   1m      79Mi     
03:46:05 rearm-rebom-postgres-0                 9m      155Mi    
03:46:05 rearm-ui-5c9b8ddf9d-krkqk              1m      2Mi      
03:46:05 testreg-66bb8f476c-wt2mf               1m      347Mi    
03:46:05 zottest-ff7cfd65c-xbgvk                1024m   468Mi    
03:46:36 rearm-backend-6d79d5dcc8-rj9w4         21m     8074Mi   
03:46:36 rearm-keycloak-0                       2m      724Mi    
03:46:36 rearm-keycloak-postgres-0              1m      34Mi     
03:46:36 rearm-oci-artifact-5c8686f45c-mmxzz    3m      72Mi     
03:46:36 rearm-postgresql-0                     140m    2630Mi   
03:46:36 rearm-rebom-backend-768fd58455-46nwc   1m      60Mi     
03:46:36 rearm-rebom-backend-768fd58455-dp9ps   5m      60Mi     
03:46:36 rearm-rebom-backend-768fd58455-tmqdc   0m      60Mi     
03:46:36 rearm-rebom-backend-768fd58455-vkfb5   1m      79Mi     
03:46:36 rearm-rebom-postgres-0                 8m      155Mi    
03:46:36 rearm-ui-5c9b8ddf9d-krkqk              1m      2Mi      
03:46:36 testreg-66bb8f476c-wt2mf               1m      347Mi    
03:46:36 zottest-ff7cfd65c-xbgvk                1025m   391Mi    
03:47:07 rearm-backend-6d79d5dcc8-rj9w4         22m     8074Mi   
03:47:07 rearm-keycloak-0                       2m      724Mi    
03:47:07 rearm-keycloak-postgres-0              1m      34Mi     
03:47:07 rearm-oci-artifact-5c8686f45c-mmxzz    3m      71Mi     
03:47:07 rearm-postgresql-0                     191m    2628Mi   
03:47:07 rearm-rebom-backend-768fd58455-46nwc   1m      60Mi     
03:47:07 rearm-rebom-backend-768fd58455-dp9ps   5m      63Mi     
03:47:07 rearm-rebom-backend-768fd58455-tmqdc   1m      60Mi     
03:47:07 rearm-rebom-backend-768fd58455-vkfb5   0m      79Mi     
03:47:07 rearm-rebom-postgres-0                 9m      155Mi    
03:47:07 rearm-ui-5c9b8ddf9d-krkqk              1m      2Mi      
03:47:07 testreg-66bb8f476c-wt2mf               1m      347Mi    
03:47:07 zottest-ff7cfd65c-xbgvk                1018m   385Mi    
03:47:38 rearm-backend-6d79d5dcc8-rj9w4         22m     8074Mi   
03:47:38 rearm-keycloak-0                       2m      724Mi    
03:47:38 rearm-keycloak-postgres-0              1m      34Mi     
03:47:38 rearm-oci-artifact-5c8686f45c-mmxzz    3m      69Mi     
03:47:38 rearm-postgresql-0                     144m    2631Mi   
03:47:38 rearm-rebom-backend-768fd58455-46nwc   0m      60Mi     
03:47:38 rearm-rebom-backend-768fd58455-dp9ps   5m      60Mi     
03:47:38 rearm-rebom-backend-768fd58455-tmqdc   0m      60Mi     
03:47:38 rearm-rebom-backend-768fd58455-vkfb5   1m      79Mi     
03:47:38 rearm-rebom-postgres-0                 8m      155Mi    
03:47:38 rearm-ui-5c9b8ddf9d-krkqk              1m      2Mi      
03:47:38 testreg-66bb8f476c-wt2mf               1m      347Mi    
03:47:38 zottest-ff7cfd65c-xbgvk                1023m   431Mi    
03:48:08 rearm-backend-6d79d5dcc8-rj9w4         46m     7713Mi   
03:48:08 rearm-keycloak-0                       2m      724Mi    
03:48:08 rearm-keycloak-postgres-0              1m      34Mi     
03:48:08 rearm-oci-artifact-5c8686f45c-mmxzz    3m      72Mi     
03:48:08 rearm-postgresql-0                     143m    2631Mi   
03:48:08 rearm-rebom-backend-768fd58455-46nwc   1m      60Mi     
03:48:08 rearm-rebom-backend-768fd58455-dp9ps   7m      61Mi     
03:48:08 rearm-rebom-backend-768fd58455-tmqdc   0m      60Mi     
03:48:08 rearm-rebom-backend-768fd58455-vkfb5   1m      79Mi     
03:48:08 rearm-rebom-postgres-0                 8m      155Mi    
03:48:08 rearm-ui-5c9b8ddf9d-krkqk              1m      2Mi      
03:48:08 testreg-66bb8f476c-wt2mf               1m      347Mi    
03:48:08 zottest-ff7cfd65c-xbgvk                1005m   391Mi    
03:48:39 rearm-backend-6d79d5dcc8-rj9w4         25m     7261Mi   
03:48:39 rearm-keycloak-0                       2m      724Mi    
03:48:39 rearm-keycloak-postgres-0              1m      34Mi     
03:48:39 rearm-oci-artifact-5c8686f45c-mmxzz    3m      72Mi     
03:48:39 rearm-postgresql-0                     148m    2631Mi   
03:48:39 rearm-rebom-backend-768fd58455-46nwc   1m      60Mi     
03:48:39 rearm-rebom-backend-768fd58455-dp9ps   5m      61Mi     
03:48:39 rearm-rebom-backend-768fd58455-tmqdc   1m      60Mi     
03:48:39 rearm-rebom-backend-768fd58455-vkfb5   1m      79Mi     
03:48:39 rearm-rebom-postgres-0                 8m      155Mi    
03:48:39 rearm-ui-5c9b8ddf9d-krkqk              1m      2Mi      
03:48:39 testreg-66bb8f476c-wt2mf               1m      347Mi    
03:48:39 zottest-ff7cfd65c-xbgvk                1026m   479Mi    
03:49:10 rearm-backend-6d79d5dcc8-rj9w4         27m     6899Mi   
03:49:10 rearm-keycloak-0                       2m      724Mi    
03:49:10 rearm-keycloak-postgres-0              1m      34Mi     
03:49:10 rearm-oci-artifact-5c8686f45c-mmxzz    3m      70Mi     
03:49:10 rearm-postgresql-0                     165m    2631Mi   
03:49:10 rearm-rebom-backend-768fd58455-46nwc   1m      60Mi     
03:49:10 rearm-rebom-backend-768fd58455-dp9ps   5m      63Mi     
03:49:10 rearm-rebom-backend-768fd58455-tmqdc   0m      60Mi     
03:49:10 rearm-rebom-backend-768fd58455-vkfb5   0m      79Mi     
03:49:10 rearm-rebom-postgres-0                 9m      155Mi    
03:49:10 rearm-ui-5c9b8ddf9d-krkqk              1m      2Mi      
03:49:10 testreg-66bb8f476c-wt2mf               1m      347Mi    
03:49:10 zottest-ff7cfd65c-xbgvk                1011m   391Mi    
03:49:41 rearm-backend-6d79d5dcc8-rj9w4         21m     6176Mi   
03:49:41 rearm-keycloak-0                       2m      724Mi    
03:49:41 rearm-keycloak-postgres-0              1m      34Mi     
03:49:41 rearm-oci-artifact-5c8686f45c-mmxzz    3m      71Mi     
03:49:41 rearm-postgresql-0                     167m    2633Mi   
03:49:41 rearm-rebom-backend-768fd58455-46nwc   0m      60Mi     
03:49:41 rearm-rebom-backend-768fd58455-dp9ps   8m      61Mi     
03:49:41 rearm-rebom-backend-768fd58455-tmqdc   1m      60Mi     
03:49:41 rearm-rebom-backend-768fd58455-vkfb5   1m      79Mi     
03:49:41 rearm-rebom-postgres-0                 8m      155Mi    
03:49:41 rearm-ui-5c9b8ddf9d-krkqk              1m      2Mi      
03:49:41 testreg-66bb8f476c-wt2mf               1m      347Mi    
03:49:41 zottest-ff7cfd65c-xbgvk                1007m   454Mi    
03:50:11 rearm-backend-6d79d5dcc8-rj9w4         24m     5724Mi   
03:50:11 rearm-keycloak-0                       2m      724Mi    
03:50:11 rearm-keycloak-postgres-0              1m      34Mi     
03:50:11 rearm-oci-artifact-5c8686f45c-mmxzz    3m      70Mi     
03:50:11 rearm-postgresql-0                     167m    2632Mi   
03:50:11 rearm-rebom-backend-768fd58455-46nwc   1m      60Mi     
03:50:11 rearm-rebom-backend-768fd58455-dp9ps   4m      60Mi     
03:50:11 rearm-rebom-backend-768fd58455-tmqdc   1m      60Mi     
03:50:11 rearm-rebom-backend-768fd58455-vkfb5   0m      79Mi     
03:50:11 rearm-rebom-postgres-0                 8m      155Mi    
03:50:11 rearm-ui-5c9b8ddf9d-krkqk              1m      2Mi      
03:50:11 testreg-66bb8f476c-wt2mf               1m      347Mi    
03:50:11 zottest-ff7cfd65c-xbgvk                1034m   397Mi    
03:50:42 rearm-backend-6d79d5dcc8-rj9w4         49m    5001Mi   
03:50:42 rearm-keycloak-0                       2m     724Mi    
03:50:42 rearm-keycloak-postgres-0              1m     34Mi     
03:50:42 rearm-oci-artifact-5c8686f45c-mmxzz    5m     70Mi     
03:50:42 rearm-postgresql-0                     325m   2629Mi   
03:50:42 rearm-rebom-backend-768fd58455-46nwc   1m     60Mi     
03:50:42 rearm-rebom-backend-768fd58455-dp9ps   8m     62Mi     
03:50:42 rearm-rebom-backend-768fd58455-tmqdc   0m     60Mi     
03:50:42 rearm-rebom-backend-768fd58455-vkfb5   1m     79Mi     
03:50:42 rearm-rebom-postgres-0                 12m    155Mi    
03:50:42 rearm-ui-5c9b8ddf9d-krkqk              1m     2Mi      
03:50:42 testreg-66bb8f476c-wt2mf               1m     347Mi    
03:50:42 zottest-ff7cfd65c-xbgvk                890m   388Mi    
03:51:13 rearm-backend-6d79d5dcc8-rj9w4         43m     4821Mi   
03:51:13 rearm-keycloak-0                       2m      724Mi    
03:51:13 rearm-keycloak-postgres-0              1m      34Mi     
03:51:13 rearm-oci-artifact-5c8686f45c-mmxzz    3m      70Mi     
03:51:13 rearm-postgresql-0                     188m    2631Mi   
03:51:13 rearm-rebom-backend-768fd58455-46nwc   1m      60Mi     
03:51:13 rearm-rebom-backend-768fd58455-dp9ps   5m      60Mi     
03:51:13 rearm-rebom-backend-768fd58455-tmqdc   0m      60Mi     
03:51:13 rearm-rebom-backend-768fd58455-vkfb5   0m      79Mi     
03:51:13 rearm-rebom-postgres-0                 8m      155Mi    
03:51:13 rearm-ui-5c9b8ddf9d-krkqk              1m      2Mi      
03:51:13 testreg-66bb8f476c-wt2mf               1m      347Mi    
03:51:13 zottest-ff7cfd65c-xbgvk                1016m   391Mi    
03:51:44 rearm-backend-6d79d5dcc8-rj9w4         22m     4821Mi   
03:51:44 rearm-keycloak-0                       2m      724Mi    
03:51:44 rearm-keycloak-postgres-0              1m      34Mi     
03:51:44 rearm-oci-artifact-5c8686f45c-mmxzz    3m      71Mi     
03:51:44 rearm-postgresql-0                     171m    2632Mi   
03:51:44 rearm-rebom-backend-768fd58455-46nwc   1m      60Mi     
03:51:44 rearm-rebom-backend-768fd58455-dp9ps   5m      63Mi     
03:51:44 rearm-rebom-backend-768fd58455-tmqdc   1m      60Mi     
03:51:44 rearm-rebom-backend-768fd58455-vkfb5   1m      79Mi     
03:51:44 rearm-rebom-postgres-0                 9m      155Mi    
03:51:44 rearm-ui-5c9b8ddf9d-krkqk              1m      2Mi      
03:51:44 testreg-66bb8f476c-wt2mf               1m      347Mi    
03:51:44 zottest-ff7cfd65c-xbgvk                1010m   424Mi    
03:52:15 rearm-backend-6d79d5dcc8-rj9w4         22m     4821Mi   
03:52:15 rearm-keycloak-0                       2m      724Mi    
03:52:15 rearm-keycloak-postgres-0              1m      34Mi     
03:52:15 rearm-oci-artifact-5c8686f45c-mmxzz    3m      74Mi     
03:52:15 rearm-postgresql-0                     184m    2632Mi   
03:52:15 rearm-rebom-backend-768fd58455-46nwc   0m      60Mi     
03:52:15 rearm-rebom-backend-768fd58455-dp9ps   7m      59Mi     
03:52:15 rearm-rebom-backend-768fd58455-tmqdc   1m      60Mi     
03:52:15 rearm-rebom-backend-768fd58455-vkfb5   1m      79Mi     
03:52:15 rearm-rebom-postgres-0                 8m      155Mi    
03:52:15 rearm-ui-5c9b8ddf9d-krkqk              1m      2Mi      
03:52:15 testreg-66bb8f476c-wt2mf               1m      347Mi    
03:52:15 zottest-ff7cfd65c-xbgvk                1016m   392Mi    
03:52:45 rearm-backend-6d79d5dcc8-rj9w4         20m     4821Mi   
03:52:45 rearm-keycloak-0                       2m      724Mi    
03:52:45 rearm-keycloak-postgres-0              1m      34Mi     
03:52:45 rearm-oci-artifact-5c8686f45c-mmxzz    3m      72Mi     
03:52:45 rearm-postgresql-0                     169m    2633Mi   
03:52:45 rearm-rebom-backend-768fd58455-46nwc   1m      60Mi     
03:52:45 rearm-rebom-backend-768fd58455-dp9ps   6m      63Mi     
03:52:45 rearm-rebom-backend-768fd58455-tmqdc   0m      60Mi     
03:52:45 rearm-rebom-backend-768fd58455-vkfb5   0m      79Mi     
03:52:45 rearm-rebom-postgres-0                 9m      155Mi    
03:52:45 rearm-ui-5c9b8ddf9d-krkqk              1m      2Mi      
03:52:45 testreg-66bb8f476c-wt2mf               1m      347Mi    
03:52:45 zottest-ff7cfd65c-xbgvk                1008m   387Mi    
03:53:16 rearm-backend-6d79d5dcc8-rj9w4         25m     4821Mi   
03:53:16 rearm-keycloak-0                       2m      724Mi    
03:53:16 rearm-keycloak-postgres-0              1m      34Mi     
03:53:16 rearm-oci-artifact-5c8686f45c-mmxzz    3m      72Mi     
03:53:16 rearm-postgresql-0                     167m    2630Mi   
03:53:16 rearm-rebom-backend-768fd58455-46nwc   1m      60Mi     
03:53:16 rearm-rebom-backend-768fd58455-dp9ps   7m      59Mi     
03:53:16 rearm-rebom-backend-768fd58455-tmqdc   0m      60Mi     
03:53:16 rearm-rebom-backend-768fd58455-vkfb5   1m      79Mi     
03:53:16 rearm-rebom-postgres-0                 9m      155Mi    
03:53:16 rearm-ui-5c9b8ddf9d-krkqk              1m      2Mi      
03:53:16 testreg-66bb8f476c-wt2mf               1m      347Mi    
03:53:16 zottest-ff7cfd65c-xbgvk                1009m   383Mi    
03:53:47 rearm-backend-6d79d5dcc8-rj9w4         21m     4821Mi   
03:53:47 rearm-keycloak-0                       2m      724Mi    
03:53:47 rearm-keycloak-postgres-0              1m      34Mi     
03:53:47 rearm-oci-artifact-5c8686f45c-mmxzz    3m      73Mi     
03:53:47 rearm-postgresql-0                     179m    2632Mi   
03:53:47 rearm-rebom-backend-768fd58455-46nwc   0m      60Mi     
03:53:47 rearm-rebom-backend-768fd58455-dp9ps   5m      62Mi     
03:53:47 rearm-rebom-backend-768fd58455-tmqdc   1m      60Mi     
03:53:47 rearm-rebom-backend-768fd58455-vkfb5   1m      79Mi     
03:53:47 rearm-rebom-postgres-0                 8m      155Mi    
03:53:47 rearm-ui-5c9b8ddf9d-krkqk              1m      2Mi      
03:53:47 testreg-66bb8f476c-wt2mf               1m      347Mi    
03:53:47 zottest-ff7cfd65c-xbgvk                1006m   431Mi    
03:54:18 rearm-backend-6d79d5dcc8-rj9w4         23m    4821Mi   
03:54:18 rearm-keycloak-0                       2m     724Mi    
03:54:18 rearm-keycloak-postgres-0              1m     34Mi     
03:54:18 rearm-oci-artifact-5c8686f45c-mmxzz    3m     69Mi     
03:54:18 rearm-postgresql-0                     147m   2634Mi   
03:54:18 rearm-rebom-backend-768fd58455-46nwc   1m     60Mi     
03:54:18 rearm-rebom-backend-768fd58455-dp9ps   5m     61Mi     
03:54:18 rearm-rebom-backend-768fd58455-tmqdc   0m     60Mi     
03:54:18 rearm-rebom-backend-768fd58455-vkfb5   1m     79Mi     
03:54:18 rearm-rebom-postgres-0                 9m     155Mi    
03:54:18 rearm-ui-5c9b8ddf9d-krkqk              1m     2Mi      
03:54:18 testreg-66bb8f476c-wt2mf               1m     347Mi    
03:54:18 zottest-ff7cfd65c-xbgvk                990m   394Mi    
03:54:48 rearm-backend-6d79d5dcc8-rj9w4         18m    4821Mi   
03:54:48 rearm-keycloak-0                       2m     724Mi    
03:54:48 rearm-keycloak-postgres-0              1m     34Mi     
03:54:48 rearm-oci-artifact-5c8686f45c-mmxzz    3m     72Mi     
03:54:48 rearm-postgresql-0                     183m   2628Mi   
03:54:48 rearm-rebom-backend-768fd58455-46nwc   0m     60Mi     
03:54:48 rearm-rebom-backend-768fd58455-dp9ps   11m    60Mi     
03:54:48 rearm-rebom-backend-768fd58455-tmqdc   0m     60Mi     
03:54:48 rearm-rebom-backend-768fd58455-vkfb5   1m     79Mi     
03:54:48 rearm-rebom-postgres-0                 9m     155Mi    
03:54:48 rearm-ui-5c9b8ddf9d-krkqk              1m     2Mi      
03:54:48 testreg-66bb8f476c-wt2mf               1m     347Mi    
03:54:48 zottest-ff7cfd65c-xbgvk                995m   418Mi    
03:55:19 rearm-backend-6d79d5dcc8-rj9w4         23m     4821Mi   
03:55:19 rearm-keycloak-0                       2m      724Mi    
03:55:19 rearm-keycloak-postgres-0              1m      34Mi     
03:55:19 rearm-oci-artifact-5c8686f45c-mmxzz    3m      72Mi     
03:55:19 rearm-postgresql-0                     172m    2627Mi   
03:55:19 rearm-rebom-backend-768fd58455-46nwc   0m      60Mi     
03:55:19 rearm-rebom-backend-768fd58455-dp9ps   5m      60Mi     
03:55:19 rearm-rebom-backend-768fd58455-tmqdc   0m      60Mi     
03:55:19 rearm-rebom-backend-768fd58455-vkfb5   1m      79Mi     
03:55:19 rearm-rebom-postgres-0                 8m      155Mi    
03:55:19 rearm-ui-5c9b8ddf9d-krkqk              1m      2Mi      
03:55:19 testreg-66bb8f476c-wt2mf               1m      347Mi    
03:55:19 zottest-ff7cfd65c-xbgvk                1011m   452Mi    
03:55:50 rearm-backend-6d79d5dcc8-rj9w4         26m     4820Mi   
03:55:50 rearm-keycloak-0                       2m      724Mi    
03:55:50 rearm-keycloak-postgres-0              1m      34Mi     
03:55:50 rearm-oci-artifact-5c8686f45c-mmxzz    3m      72Mi     
03:55:50 rearm-postgresql-0                     151m    2631Mi   
03:55:50 rearm-rebom-backend-768fd58455-46nwc   0m      60Mi     
03:55:50 rearm-rebom-backend-768fd58455-dp9ps   0m      60Mi     
03:55:50 rearm-rebom-backend-768fd58455-tmqdc   0m      60Mi     
03:55:50 rearm-rebom-backend-768fd58455-vkfb5   5m      59Mi     
03:55:50 rearm-rebom-postgres-0                 9m      155Mi    
03:55:50 rearm-ui-5c9b8ddf9d-krkqk              1m      2Mi      
03:55:50 testreg-66bb8f476c-wt2mf               1m      347Mi    
03:55:50 zottest-ff7cfd65c-xbgvk                1004m   383Mi    
03:56:21 rearm-backend-6d79d5dcc8-rj9w4         25m    4549Mi   
03:56:21 rearm-keycloak-0                       2m     724Mi    
03:56:21 rearm-keycloak-postgres-0              1m     34Mi     
03:56:21 rearm-oci-artifact-5c8686f45c-mmxzz    3m     71Mi     
03:56:21 rearm-postgresql-0                     166m   2633Mi   
03:56:21 rearm-rebom-backend-768fd58455-46nwc   0m     60Mi     
03:56:21 rearm-rebom-backend-768fd58455-dp9ps   0m     60Mi     
03:56:21 rearm-rebom-backend-768fd58455-tmqdc   1m     60Mi     
03:56:21 rearm-rebom-backend-768fd58455-vkfb5   7m     59Mi     
03:56:21 rearm-rebom-postgres-0                 8m     155Mi    
03:56:21 rearm-ui-5c9b8ddf9d-krkqk              1m     2Mi      
03:56:21 testreg-66bb8f476c-wt2mf               1m     347Mi    
03:56:21 zottest-ff7cfd65c-xbgvk                990m   449Mi    
03:56:51 rearm-backend-6d79d5dcc8-rj9w4         23m    4368Mi   
03:56:51 rearm-keycloak-0                       2m     724Mi    
03:56:51 rearm-keycloak-postgres-0              1m     34Mi     
03:56:51 rearm-oci-artifact-5c8686f45c-mmxzz    3m     73Mi     
03:56:51 rearm-postgresql-0                     153m   2634Mi   
03:56:51 rearm-rebom-backend-768fd58455-46nwc   1m     60Mi     
03:56:51 rearm-rebom-backend-768fd58455-dp9ps   0m     60Mi     
03:56:51 rearm-rebom-backend-768fd58455-tmqdc   1m     60Mi     
03:56:51 rearm-rebom-backend-768fd58455-vkfb5   5m     62Mi     
03:56:51 rearm-rebom-postgres-0                 9m     155Mi    
03:56:51 rearm-ui-5c9b8ddf9d-krkqk              1m     2Mi      
03:56:51 testreg-66bb8f476c-wt2mf               1m     347Mi    
03:56:51 zottest-ff7cfd65c-xbgvk                999m   400Mi    
03:57:22 rearm-backend-6d79d5dcc8-rj9w4         583m   7862Mi   
03:57:22 rearm-keycloak-0                       2m     724Mi    
03:57:22 rearm-keycloak-postgres-0              1m     34Mi     
03:57:22 rearm-oci-artifact-5c8686f45c-mmxzz    3m     72Mi     
03:57:22 rearm-postgresql-0                     613m   2655Mi   
03:57:22 rearm-rebom-backend-768fd58455-46nwc   1m     60Mi     
03:57:22 rearm-rebom-backend-768fd58455-dp9ps   1m     60Mi     
03:57:22 rearm-rebom-backend-768fd58455-tmqdc   0m     60Mi     
03:57:22 rearm-rebom-backend-768fd58455-vkfb5   4m     62Mi     
03:57:22 rearm-rebom-postgres-0                 8m     155Mi    
03:57:22 rearm-ui-5c9b8ddf9d-krkqk              1m     2Mi      
03:57:22 testreg-66bb8f476c-wt2mf               1m     347Mi    
03:57:22 zottest-ff7cfd65c-xbgvk                911m   394Mi    
03:57:53 rearm-backend-6d79d5dcc8-rj9w4         1002m   7952Mi   
03:57:53 rearm-keycloak-0                       2m      724Mi    
03:57:53 rearm-keycloak-postgres-0              1m      34Mi     
03:57:53 rearm-oci-artifact-5c8686f45c-mmxzz    2m      72Mi     
03:57:53 rearm-postgresql-0                     659m    2657Mi   
03:57:53 rearm-rebom-backend-768fd58455-46nwc   0m      60Mi     
03:57:53 rearm-rebom-backend-768fd58455-dp9ps   1m      60Mi     
03:57:53 rearm-rebom-backend-768fd58455-tmqdc   1m      60Mi     
03:57:53 rearm-rebom-backend-768fd58455-vkfb5   5m      59Mi     
03:57:53 rearm-rebom-postgres-0                 7m      155Mi    
03:57:53 rearm-ui-5c9b8ddf9d-krkqk              1m      2Mi      
03:57:53 testreg-66bb8f476c-wt2mf               1m      347Mi    
03:57:53 zottest-ff7cfd65c-xbgvk                907m    423Mi    
03:58:24 rearm-backend-6d79d5dcc8-rj9w4         30m    8200Mi   
03:58:24 rearm-keycloak-0                       2m     724Mi    
03:58:24 rearm-keycloak-postgres-0              1m     34Mi     
03:58:24 rearm-oci-artifact-5c8686f45c-mmxzz    3m     71Mi     
03:58:24 rearm-postgresql-0                     166m   2693Mi   
03:58:24 rearm-rebom-backend-768fd58455-46nwc   1m     60Mi     
03:58:24 rearm-rebom-backend-768fd58455-dp9ps   0m     60Mi     
03:58:24 rearm-rebom-backend-768fd58455-tmqdc   1m     60Mi     
03:58:24 rearm-rebom-backend-768fd58455-vkfb5   5m     62Mi     
03:58:24 rearm-rebom-postgres-0                 8m     155Mi    
03:58:24 rearm-ui-5c9b8ddf9d-krkqk              1m     2Mi      
03:58:24 testreg-66bb8f476c-wt2mf               1m     339Mi    
03:58:24 zottest-ff7cfd65c-xbgvk                978m   420Mi    
03:58:54 rearm-backend-6d79d5dcc8-rj9w4         23m    8200Mi   
03:58:54 rearm-keycloak-0                       2m     724Mi    
03:58:54 rearm-keycloak-postgres-0              1m     34Mi     
03:58:54 rearm-oci-artifact-5c8686f45c-mmxzz    3m     71Mi     
03:58:54 rearm-postgresql-0                     149m   2703Mi   
03:58:54 rearm-rebom-backend-768fd58455-46nwc   0m     60Mi     
03:58:54 rearm-rebom-backend-768fd58455-dp9ps   0m     60Mi     
03:58:54 rearm-rebom-backend-768fd58455-tmqdc   0m     60Mi     
03:58:54 rearm-rebom-backend-768fd58455-vkfb5   8m     59Mi     
03:58:54 rearm-rebom-postgres-0                 8m     155Mi    
03:58:54 rearm-ui-5c9b8ddf9d-krkqk              1m     2Mi      
03:58:54 testreg-66bb8f476c-wt2mf               1m     330Mi    
03:58:54 zottest-ff7cfd65c-xbgvk                997m   417Mi    
03:59:25 rearm-backend-6d79d5dcc8-rj9w4         28m     8200Mi   
03:59:25 rearm-keycloak-0                       2m      724Mi    
03:59:25 rearm-keycloak-postgres-0              1m      34Mi     
03:59:25 rearm-oci-artifact-5c8686f45c-mmxzz    3m      74Mi     
03:59:25 rearm-postgresql-0                     149m    2704Mi   
03:59:25 rearm-rebom-backend-768fd58455-46nwc   0m      60Mi     
03:59:25 rearm-rebom-backend-768fd58455-dp9ps   0m      60Mi     
03:59:25 rearm-rebom-backend-768fd58455-tmqdc   1m      60Mi     
03:59:25 rearm-rebom-backend-768fd58455-vkfb5   5m      60Mi     
03:59:25 rearm-rebom-postgres-0                 9m      155Mi    
03:59:25 rearm-ui-5c9b8ddf9d-krkqk              1m      2Mi      
03:59:25 testreg-66bb8f476c-wt2mf               1m      330Mi    
03:59:25 zottest-ff7cfd65c-xbgvk                1008m   419Mi    
03:59:56 rearm-backend-6d79d5dcc8-rj9w4         20m     8200Mi   
03:59:56 rearm-keycloak-0                       2m      724Mi    
03:59:56 rearm-keycloak-postgres-0              1m      34Mi     
03:59:56 rearm-oci-artifact-5c8686f45c-mmxzz    3m      72Mi     
03:59:56 rearm-postgresql-0                     150m    2705Mi   
03:59:56 rearm-rebom-backend-768fd58455-46nwc   1m      60Mi     
03:59:56 rearm-rebom-backend-768fd58455-dp9ps   0m      60Mi     
03:59:56 rearm-rebom-backend-768fd58455-tmqdc   0m      60Mi     
03:59:56 rearm-rebom-backend-768fd58455-vkfb5   5m      61Mi     
03:59:56 rearm-rebom-postgres-0                 9m      155Mi    
03:59:56 rearm-ui-5c9b8ddf9d-krkqk              1m      2Mi      
03:59:56 testreg-66bb8f476c-wt2mf               1m      330Mi    
03:59:56 zottest-ff7cfd65c-xbgvk                1001m   427Mi    
04:00:27 rearm-backend-6d79d5dcc8-rj9w4         60m     8200Mi   
04:00:27 rearm-keycloak-0                       2m      724Mi    
04:00:27 rearm-keycloak-postgres-0              1m      34Mi     
04:00:27 rearm-oci-artifact-5c8686f45c-mmxzz    3m      75Mi     
04:00:27 rearm-postgresql-0                     142m    2705Mi   
04:00:27 rearm-rebom-backend-768fd58455-46nwc   1m      60Mi     
04:00:27 rearm-rebom-backend-768fd58455-dp9ps   1m      60Mi     
04:00:27 rearm-rebom-backend-768fd58455-tmqdc   1m      60Mi     
04:00:27 rearm-rebom-backend-768fd58455-vkfb5   8m      59Mi     
04:00:27 rearm-rebom-postgres-0                 18m     155Mi    
04:00:27 rearm-ui-5c9b8ddf9d-krkqk              1m      2Mi      
04:00:27 testreg-66bb8f476c-wt2mf               1m      330Mi    
04:00:27 zottest-ff7cfd65c-xbgvk                1011m   414Mi    
04:00:57 rearm-backend-6d79d5dcc8-rj9w4         24m    8200Mi   
04:00:57 rearm-keycloak-0                       2m     724Mi    
04:00:57 rearm-keycloak-postgres-0              1m     34Mi     
04:00:57 rearm-oci-artifact-5c8686f45c-mmxzz    3m     74Mi     
04:00:57 rearm-postgresql-0                     179m   2700Mi   
04:00:57 rearm-rebom-backend-768fd58455-46nwc   1m     60Mi     
04:00:57 rearm-rebom-backend-768fd58455-dp9ps   1m     60Mi     
04:00:57 rearm-rebom-backend-768fd58455-tmqdc   0m     60Mi     
04:00:57 rearm-rebom-backend-768fd58455-vkfb5   5m     60Mi     
04:00:57 rearm-rebom-postgres-0                 8m     155Mi    
04:00:57 rearm-ui-5c9b8ddf9d-krkqk              1m     2Mi      
04:00:57 testreg-66bb8f476c-wt2mf               1m     330Mi    
04:00:57 zottest-ff7cfd65c-xbgvk                945m   434Mi    
04:01:28 rearm-backend-6d79d5dcc8-rj9w4         47m     8200Mi   
04:01:28 rearm-keycloak-0                       2m      724Mi    
04:01:28 rearm-keycloak-postgres-0              1m      34Mi     
04:01:28 rearm-oci-artifact-5c8686f45c-mmxzz    3m      72Mi     
04:01:28 rearm-postgresql-0                     194m    2700Mi   
04:01:28 rearm-rebom-backend-768fd58455-46nwc   0m      60Mi     
04:01:28 rearm-rebom-backend-768fd58455-dp9ps   1m      60Mi     
04:01:28 rearm-rebom-backend-768fd58455-tmqdc   1m      60Mi     
04:01:28 rearm-rebom-backend-768fd58455-vkfb5   5m      63Mi     
04:01:28 rearm-rebom-postgres-0                 8m      155Mi    
04:01:28 rearm-ui-5c9b8ddf9d-krkqk              1m      2Mi      
04:01:28 testreg-66bb8f476c-wt2mf               1m      330Mi    
04:01:28 zottest-ff7cfd65c-xbgvk                1018m   427Mi    
04:01:59 rearm-backend-6d79d5dcc8-rj9w4         22m     8200Mi   
04:01:59 rearm-keycloak-0                       2m      724Mi    
04:01:59 rearm-keycloak-postgres-0              1m      34Mi     
04:01:59 rearm-oci-artifact-5c8686f45c-mmxzz    3m      72Mi     
04:01:59 rearm-postgresql-0                     154m    2700Mi   
04:01:59 rearm-rebom-backend-768fd58455-46nwc   1m      60Mi     
04:01:59 rearm-rebom-backend-768fd58455-dp9ps   1m      60Mi     
04:01:59 rearm-rebom-backend-768fd58455-tmqdc   0m      60Mi     
04:01:59 rearm-rebom-backend-768fd58455-vkfb5   5m      59Mi     
04:01:59 rearm-rebom-postgres-0                 9m      155Mi    
04:01:59 rearm-ui-5c9b8ddf9d-krkqk              1m      2Mi      
04:01:59 testreg-66bb8f476c-wt2mf               1m      330Mi    
04:01:59 zottest-ff7cfd65c-xbgvk                1013m   431Mi    
04:02:30 rearm-backend-6d79d5dcc8-rj9w4         26m    8200Mi   
04:02:30 rearm-keycloak-0                       2m     724Mi    
04:02:30 rearm-keycloak-postgres-0              1m     34Mi     
04:02:30 rearm-oci-artifact-5c8686f45c-mmxzz    3m     72Mi     
04:02:30 rearm-postgresql-0                     213m   2700Mi   
04:02:30 rearm-rebom-backend-768fd58455-46nwc   1m     60Mi     
04:02:30 rearm-rebom-backend-768fd58455-dp9ps   1m     60Mi     
04:02:30 rearm-rebom-backend-768fd58455-tmqdc   1m     60Mi     
04:02:30 rearm-rebom-backend-768fd58455-vkfb5   5m     61Mi     
04:02:30 rearm-rebom-postgres-0                 9m     155Mi    
04:02:30 rearm-ui-5c9b8ddf9d-krkqk              1m     2Mi      
04:02:30 testreg-66bb8f476c-wt2mf               1m     330Mi    
04:02:30 zottest-ff7cfd65c-xbgvk                999m   424Mi    
04:03:01 rearm-backend-6d79d5dcc8-rj9w4         23m    8200Mi   
04:03:01 rearm-keycloak-0                       2m     724Mi    
04:03:01 rearm-keycloak-postgres-0              1m     34Mi     
04:03:01 rearm-oci-artifact-5c8686f45c-mmxzz    3m     74Mi     
04:03:01 rearm-postgresql-0                     181m   2680Mi   
04:03:01 rearm-rebom-backend-768fd58455-46nwc   0m     60Mi     
04:03:01 rearm-rebom-backend-768fd58455-dp9ps   0m     60Mi     
04:03:01 rearm-rebom-backend-768fd58455-tmqdc   1m     60Mi     
04:03:01 rearm-rebom-backend-768fd58455-vkfb5   5m     59Mi     
04:03:01 rearm-rebom-postgres-0                 8m     155Mi    
04:03:01 rearm-ui-5c9b8ddf9d-krkqk              1m     2Mi      
04:03:01 testreg-66bb8f476c-wt2mf               1m     330Mi    
04:03:01 zottest-ff7cfd65c-xbgvk                989m   446Mi    
04:03:31 rearm-backend-6d79d5dcc8-rj9w4         26m    8200Mi   
04:03:31 rearm-keycloak-0                       2m     724Mi    
04:03:31 rearm-keycloak-postgres-0              1m     34Mi     
04:03:31 rearm-oci-artifact-5c8686f45c-mmxzz    3m     77Mi     
04:03:31 rearm-postgresql-0                     201m   2678Mi   
04:03:31 rearm-rebom-backend-768fd58455-46nwc   1m     60Mi     
04:03:31 rearm-rebom-backend-768fd58455-dp9ps   0m     60Mi     
04:03:31 rearm-rebom-backend-768fd58455-tmqdc   1m     60Mi     
04:03:31 rearm-rebom-backend-768fd58455-vkfb5   5m     60Mi     
04:03:31 rearm-rebom-postgres-0                 8m     155Mi    
04:03:31 rearm-ui-5c9b8ddf9d-krkqk              1m     2Mi      
04:03:31 testreg-66bb8f476c-wt2mf               1m     330Mi    
04:03:31 zottest-ff7cfd65c-xbgvk                999m   428Mi    
04:04:02 rearm-backend-6d79d5dcc8-rj9w4         21m     8200Mi   
04:04:02 rearm-keycloak-0                       2m      724Mi    
04:04:02 rearm-keycloak-postgres-0              1m      34Mi     
04:04:02 rearm-oci-artifact-5c8686f45c-mmxzz    3m      74Mi     
04:04:02 rearm-postgresql-0                     185m    2676Mi   
04:04:02 rearm-rebom-backend-768fd58455-46nwc   1m      60Mi     
04:04:02 rearm-rebom-backend-768fd58455-dp9ps   1m      60Mi     
04:04:02 rearm-rebom-backend-768fd58455-tmqdc   1m      60Mi     
04:04:02 rearm-rebom-backend-768fd58455-vkfb5   7m      59Mi     
04:04:02 rearm-rebom-postgres-0                 8m      155Mi    
04:04:02 rearm-ui-5c9b8ddf9d-krkqk              1m      2Mi      
04:04:02 testreg-66bb8f476c-wt2mf               1m      330Mi    
04:04:02 zottest-ff7cfd65c-xbgvk                1000m   426Mi    
04:04:33 rearm-backend-6d79d5dcc8-rj9w4         28m    8200Mi   
04:04:33 rearm-keycloak-0                       2m     724Mi    
04:04:33 rearm-keycloak-postgres-0              1m     34Mi     
04:04:33 rearm-oci-artifact-5c8686f45c-mmxzz    3m     72Mi     
04:04:33 rearm-postgresql-0                     188m   2680Mi   
04:04:33 rearm-rebom-backend-768fd58455-46nwc   0m     60Mi     
04:04:33 rearm-rebom-backend-768fd58455-dp9ps   1m     60Mi     
04:04:33 rearm-rebom-backend-768fd58455-tmqdc   0m     60Mi     
04:04:33 rearm-rebom-backend-768fd58455-vkfb5   4m     61Mi     
04:04:33 rearm-rebom-postgres-0                 8m     155Mi    
04:04:33 rearm-ui-5c9b8ddf9d-krkqk              1m     2Mi      
04:04:33 testreg-66bb8f476c-wt2mf               2m     330Mi    
04:04:33 zottest-ff7cfd65c-xbgvk                978m   424Mi    
04:05:04 rearm-backend-6d79d5dcc8-rj9w4         21m     8200Mi   
04:05:04 rearm-keycloak-0                       2m      724Mi    
04:05:04 rearm-keycloak-postgres-0              1m      34Mi     
04:05:04 rearm-oci-artifact-5c8686f45c-mmxzz    3m      70Mi     
04:05:04 rearm-postgresql-0                     191m    2681Mi   
04:05:04 rearm-rebom-backend-768fd58455-46nwc   1m      60Mi     
04:05:04 rearm-rebom-backend-768fd58455-dp9ps   1m      60Mi     
04:05:04 rearm-rebom-backend-768fd58455-tmqdc   1m      60Mi     
04:05:04 rearm-rebom-backend-768fd58455-vkfb5   4m      62Mi     
04:05:04 rearm-rebom-postgres-0                 8m      155Mi    
04:05:04 rearm-ui-5c9b8ddf9d-krkqk              1m      2Mi      
04:05:04 testreg-66bb8f476c-wt2mf               1m      330Mi    
04:05:04 zottest-ff7cfd65c-xbgvk                1010m   425Mi    
04:05:34 rearm-backend-6d79d5dcc8-rj9w4         29m    8200Mi   
04:05:34 rearm-keycloak-0                       2m     724Mi    
04:05:34 rearm-keycloak-postgres-0              1m     34Mi     
04:05:34 rearm-oci-artifact-5c8686f45c-mmxzz    3m     73Mi     
04:05:34 rearm-postgresql-0                     197m   2704Mi   
04:05:34 rearm-rebom-backend-768fd58455-46nwc   1m     60Mi     
04:05:34 rearm-rebom-backend-768fd58455-dp9ps   4m     61Mi     
04:05:34 rearm-rebom-backend-768fd58455-tmqdc   0m     60Mi     
04:05:34 rearm-rebom-backend-768fd58455-vkfb5   2m     58Mi     
04:05:34 rearm-rebom-postgres-0                 8m     157Mi    
04:05:34 rearm-ui-5c9b8ddf9d-krkqk              1m     2Mi      
04:05:34 testreg-66bb8f476c-wt2mf               1m     326Mi    
04:05:34 zottest-ff7cfd65c-xbgvk                990m   432Mi    
04:06:05 rearm-backend-6d79d5dcc8-rj9w4         21m     8200Mi   
04:06:05 rearm-keycloak-0                       2m      724Mi    
04:06:05 rearm-keycloak-postgres-0              1m      34Mi     
04:06:05 rearm-oci-artifact-5c8686f45c-mmxzz    3m      71Mi     
04:06:05 rearm-postgresql-0                     158m    2699Mi   
04:06:05 rearm-rebom-backend-768fd58455-46nwc   1m      60Mi     
04:06:05 rearm-rebom-backend-768fd58455-dp9ps   5m      60Mi     
04:06:05 rearm-rebom-backend-768fd58455-tmqdc   1m      60Mi     
04:06:05 rearm-rebom-backend-768fd58455-vkfb5   1m      58Mi     
04:06:05 rearm-rebom-postgres-0                 8m      155Mi    
04:06:05 rearm-ui-5c9b8ddf9d-krkqk              1m      2Mi      
04:06:05 testreg-66bb8f476c-wt2mf               1m      326Mi    
04:06:05 zottest-ff7cfd65c-xbgvk                1002m   469Mi    
04:06:36 rearm-backend-6d79d5dcc8-rj9w4         42m     8200Mi   
04:06:36 rearm-keycloak-0                       2m      724Mi    
04:06:36 rearm-keycloak-postgres-0              1m      34Mi     
04:06:36 rearm-oci-artifact-5c8686f45c-mmxzz    3m      74Mi     
04:06:36 rearm-postgresql-0                     148m    2702Mi   
04:06:36 rearm-rebom-backend-768fd58455-46nwc   0m      60Mi     
04:06:36 rearm-rebom-backend-768fd58455-dp9ps   5m      61Mi     
04:06:36 rearm-rebom-backend-768fd58455-tmqdc   0m      60Mi     
04:06:36 rearm-rebom-backend-768fd58455-vkfb5   0m      58Mi     
04:06:36 rearm-rebom-postgres-0                 8m      155Mi    
04:06:36 rearm-ui-5c9b8ddf9d-krkqk              1m      2Mi      
04:06:36 testreg-66bb8f476c-wt2mf               1m      326Mi    
04:06:36 zottest-ff7cfd65c-xbgvk                1006m   430Mi    
04:07:07 rearm-backend-6d79d5dcc8-rj9w4         26m     8200Mi   
04:07:07 rearm-keycloak-0                       2m      724Mi    
04:07:07 rearm-keycloak-postgres-0              1m      34Mi     
04:07:07 rearm-oci-artifact-5c8686f45c-mmxzz    3m      73Mi     
04:07:07 rearm-postgresql-0                     172m    2703Mi   
04:07:07 rearm-rebom-backend-768fd58455-46nwc   1m      60Mi     
04:07:07 rearm-rebom-backend-768fd58455-dp9ps   5m      62Mi     
04:07:07 rearm-rebom-backend-768fd58455-tmqdc   0m      60Mi     
04:07:07 rearm-rebom-backend-768fd58455-vkfb5   1m      58Mi     
04:07:07 rearm-rebom-postgres-0                 8m      155Mi    
04:07:07 rearm-ui-5c9b8ddf9d-krkqk              1m      2Mi      
04:07:07 testreg-66bb8f476c-wt2mf               1m      326Mi    
04:07:07 zottest-ff7cfd65c-xbgvk                1010m   465Mi    
04:07:37 rearm-backend-6d79d5dcc8-rj9w4         16m    8200Mi   
04:07:37 rearm-keycloak-0                       2m     724Mi    
04:07:37 rearm-keycloak-postgres-0              1m     34Mi     
04:07:37 rearm-oci-artifact-5c8686f45c-mmxzz    3m     73Mi     
04:07:37 rearm-postgresql-0                     150m   2703Mi   
04:07:37 rearm-rebom-backend-768fd58455-46nwc   1m     60Mi     
04:07:37 rearm-rebom-backend-768fd58455-dp9ps   5m     60Mi     
04:07:37 rearm-rebom-backend-768fd58455-tmqdc   1m     60Mi     
04:07:37 rearm-rebom-backend-768fd58455-vkfb5   0m     58Mi     
04:07:37 rearm-rebom-postgres-0                 8m     155Mi    
04:07:37 rearm-ui-5c9b8ddf9d-krkqk              1m     2Mi      
04:07:37 testreg-66bb8f476c-wt2mf               1m     326Mi    
04:07:37 zottest-ff7cfd65c-xbgvk                987m   442Mi    
04:08:08 rearm-backend-6d79d5dcc8-rj9w4         23m    8200Mi   
04:08:08 rearm-keycloak-0                       2m     724Mi    
04:08:08 rearm-keycloak-postgres-0              1m     34Mi     
04:08:08 rearm-oci-artifact-5c8686f45c-mmxzz    3m     73Mi     
04:08:08 rearm-postgresql-0                     150m   2703Mi   
04:08:08 rearm-rebom-backend-768fd58455-46nwc   1m     60Mi     
04:08:08 rearm-rebom-backend-768fd58455-dp9ps   5m     61Mi     
04:08:08 rearm-rebom-backend-768fd58455-tmqdc   0m     60Mi     
04:08:08 rearm-rebom-backend-768fd58455-vkfb5   1m     58Mi     
04:08:08 rearm-rebom-postgres-0                 8m     155Mi    
04:08:08 rearm-ui-5c9b8ddf9d-krkqk              1m     2Mi      
04:08:08 testreg-66bb8f476c-wt2mf               1m     326Mi    
04:08:08 zottest-ff7cfd65c-xbgvk                976m   427Mi    
04:08:39 rearm-backend-6d79d5dcc8-rj9w4         44m    7658Mi   
04:08:39 rearm-keycloak-0                       2m     724Mi    
04:08:39 rearm-keycloak-postgres-0              1m     34Mi     
04:08:39 rearm-oci-artifact-5c8686f45c-mmxzz    3m     72Mi     
04:08:39 rearm-postgresql-0                     195m   2703Mi   
04:08:39 rearm-rebom-backend-768fd58455-46nwc   1m     60Mi     
04:08:39 rearm-rebom-backend-768fd58455-dp9ps   8m     59Mi     
04:08:39 rearm-rebom-backend-768fd58455-tmqdc   1m     60Mi     
04:08:39 rearm-rebom-backend-768fd58455-vkfb5   1m     58Mi     
04:08:39 rearm-rebom-postgres-0                 8m     155Mi    
04:08:39 rearm-ui-5c9b8ddf9d-krkqk              1m     2Mi      
04:08:39 testreg-66bb8f476c-wt2mf               1m     326Mi    
04:08:39 zottest-ff7cfd65c-xbgvk                996m   494Mi    
04:09:10 rearm-backend-6d79d5dcc8-rj9w4         26m     7026Mi   
04:09:10 rearm-keycloak-0                       2m      724Mi    
04:09:10 rearm-keycloak-postgres-0              1m      34Mi     
04:09:10 rearm-oci-artifact-5c8686f45c-mmxzz    3m      72Mi     
04:09:10 rearm-postgresql-0                     163m    2704Mi   
04:09:10 rearm-rebom-backend-768fd58455-46nwc   0m      60Mi     
04:09:10 rearm-rebom-backend-768fd58455-dp9ps   5m      61Mi     
04:09:10 rearm-rebom-backend-768fd58455-tmqdc   0m      60Mi     
04:09:10 rearm-rebom-backend-768fd58455-vkfb5   1m      58Mi     
04:09:10 rearm-rebom-postgres-0                 8m      155Mi    
04:09:10 rearm-ui-5c9b8ddf9d-krkqk              1m      2Mi      
04:09:10 testreg-66bb8f476c-wt2mf               1m      326Mi    
04:09:10 zottest-ff7cfd65c-xbgvk                1000m   430Mi    
04:09:40 rearm-backend-6d79d5dcc8-rj9w4         25m     6393Mi   
04:09:40 rearm-keycloak-0                       2m      724Mi    
04:09:40 rearm-keycloak-postgres-0              1m      34Mi     
04:09:40 rearm-oci-artifact-5c8686f45c-mmxzz    3m      73Mi     
04:09:40 rearm-postgresql-0                     178m    2704Mi   
04:09:40 rearm-rebom-backend-768fd58455-46nwc   1m      60Mi     
04:09:40 rearm-rebom-backend-768fd58455-dp9ps   5m      62Mi     
04:09:40 rearm-rebom-backend-768fd58455-tmqdc   0m      60Mi     
04:09:40 rearm-rebom-backend-768fd58455-vkfb5   0m      58Mi     
04:09:40 rearm-rebom-postgres-0                 8m      155Mi    
04:09:40 rearm-ui-5c9b8ddf9d-krkqk              1m      2Mi      
04:09:40 testreg-66bb8f476c-wt2mf               1m      326Mi    
04:09:40 zottest-ff7cfd65c-xbgvk                1010m   430Mi    
04:10:11 rearm-backend-6d79d5dcc8-rj9w4         26m    5941Mi   
04:10:11 rearm-keycloak-0                       2m     724Mi    
04:10:11 rearm-keycloak-postgres-0              1m     34Mi     
04:10:11 rearm-oci-artifact-5c8686f45c-mmxzz    3m     73Mi     
04:10:11 rearm-postgresql-0                     178m   2704Mi   
04:10:11 rearm-rebom-backend-768fd58455-46nwc   1m     60Mi     
04:10:11 rearm-rebom-backend-768fd58455-dp9ps   5m     60Mi     
04:10:11 rearm-rebom-backend-768fd58455-tmqdc   1m     60Mi     
04:10:11 rearm-rebom-backend-768fd58455-vkfb5   1m     58Mi     
04:10:11 rearm-rebom-postgres-0                 8m     155Mi    
04:10:11 rearm-ui-5c9b8ddf9d-krkqk              1m     2Mi      
04:10:11 testreg-66bb8f476c-wt2mf               1m     326Mi    
04:10:11 zottest-ff7cfd65c-xbgvk                995m   429Mi    
04:10:42 rearm-backend-6d79d5dcc8-rj9w4         41m    5309Mi   
04:10:42 rearm-keycloak-0                       2m     724Mi    
04:10:42 rearm-keycloak-postgres-0              1m     34Mi     
04:10:42 rearm-oci-artifact-5c8686f45c-mmxzz    5m     74Mi     
04:10:42 rearm-postgresql-0                     190m   2705Mi   
04:10:42 rearm-rebom-backend-768fd58455-46nwc   0m     60Mi     
04:10:42 rearm-rebom-backend-768fd58455-dp9ps   1m     60Mi     
04:10:42 rearm-rebom-backend-768fd58455-tmqdc   1m     60Mi     
04:10:42 rearm-rebom-backend-768fd58455-vkfb5   7m     60Mi     
04:10:42 rearm-rebom-postgres-0                 22m    155Mi    
04:10:42 rearm-ui-5c9b8ddf9d-krkqk              1m     2Mi      
04:10:42 testreg-66bb8f476c-wt2mf               1m     326Mi    
04:10:42 zottest-ff7cfd65c-xbgvk                997m   496Mi    
04:11:13 rearm-backend-6d79d5dcc8-rj9w4         28m    4856Mi   
04:11:13 rearm-keycloak-0                       2m     724Mi    
04:11:13 rearm-keycloak-postgres-0              1m     34Mi     
04:11:13 rearm-oci-artifact-5c8686f45c-mmxzz    3m     75Mi     
04:11:13 rearm-postgresql-0                     174m   2703Mi   
04:11:13 rearm-rebom-backend-768fd58455-46nwc   0m     60Mi     
04:11:13 rearm-rebom-backend-768fd58455-dp9ps   1m     60Mi     
04:11:13 rearm-rebom-backend-768fd58455-tmqdc   0m     60Mi     
04:11:13 rearm-rebom-backend-768fd58455-vkfb5   10m    59Mi     
04:11:13 rearm-rebom-postgres-0                 8m     155Mi    
04:11:13 rearm-ui-5c9b8ddf9d-krkqk              1m     2Mi      
04:11:13 testreg-66bb8f476c-wt2mf               1m     326Mi    
04:11:13 zottest-ff7cfd65c-xbgvk                999m   447Mi    
04:11:43 rearm-backend-6d79d5dcc8-rj9w4         17m    4856Mi   
04:11:43 rearm-keycloak-0                       2m     724Mi    
04:11:43 rearm-keycloak-postgres-0              1m     34Mi     
04:11:43 rearm-oci-artifact-5c8686f45c-mmxzz    3m     73Mi     
04:11:43 rearm-postgresql-0                     146m   2705Mi   
04:11:43 rearm-rebom-backend-768fd58455-46nwc   1m     60Mi     
04:11:43 rearm-rebom-backend-768fd58455-dp9ps   0m     60Mi     
04:11:43 rearm-rebom-backend-768fd58455-tmqdc   1m     60Mi     
04:11:43 rearm-rebom-backend-768fd58455-vkfb5   5m     59Mi     
04:11:43 rearm-rebom-postgres-0                 8m     155Mi    
04:11:43 rearm-ui-5c9b8ddf9d-krkqk              1m     2Mi      
04:11:43 testreg-66bb8f476c-wt2mf               1m     326Mi    
04:11:43 zottest-ff7cfd65c-xbgvk                996m   430Mi    
04:12:14 rearm-backend-6d79d5dcc8-rj9w4         43m    4857Mi   
04:12:14 rearm-keycloak-0                       2m     724Mi    
04:12:14 rearm-keycloak-postgres-0              1m     34Mi     
04:12:14 rearm-oci-artifact-5c8686f45c-mmxzz    3m     72Mi     
04:12:14 rearm-postgresql-0                     156m   2700Mi   
04:12:14 rearm-rebom-backend-768fd58455-46nwc   1m     60Mi     
04:12:14 rearm-rebom-backend-768fd58455-dp9ps   1m     60Mi     
04:12:14 rearm-rebom-backend-768fd58455-tmqdc   1m     60Mi     
04:12:14 rearm-rebom-backend-768fd58455-vkfb5   5m     61Mi     
04:12:14 rearm-rebom-postgres-0                 8m     155Mi    
04:12:14 rearm-ui-5c9b8ddf9d-krkqk              1m     2Mi      
04:12:14 testreg-66bb8f476c-wt2mf               1m     326Mi    
04:12:14 zottest-ff7cfd65c-xbgvk                998m   437Mi    
04:12:45 rearm-backend-6d79d5dcc8-rj9w4         21m    4857Mi   
04:12:45 rearm-keycloak-0                       2m     724Mi    
04:12:45 rearm-keycloak-postgres-0              1m     34Mi     
04:12:45 rearm-oci-artifact-5c8686f45c-mmxzz    3m     74Mi     
04:12:45 rearm-postgresql-0                     260m   2707Mi   
04:12:45 rearm-rebom-backend-768fd58455-46nwc   0m     60Mi     
04:12:45 rearm-rebom-backend-768fd58455-dp9ps   1m     60Mi     
04:12:45 rearm-rebom-backend-768fd58455-tmqdc   0m     60Mi     
04:12:45 rearm-rebom-backend-768fd58455-vkfb5   8m     60Mi     
04:12:45 rearm-rebom-postgres-0                 9m     155Mi    
04:12:45 rearm-ui-5c9b8ddf9d-krkqk              1m     2Mi      
04:12:45 testreg-66bb8f476c-wt2mf               2m     326Mi    
04:12:45 zottest-ff7cfd65c-xbgvk                985m   428Mi    
04:13:16 rearm-backend-6d79d5dcc8-rj9w4         29m    4857Mi   
04:13:16 rearm-keycloak-0                       2m     724Mi    
04:13:16 rearm-keycloak-postgres-0              1m     34Mi     
04:13:16 rearm-oci-artifact-5c8686f45c-mmxzz    3m     73Mi     
04:13:16 rearm-postgresql-0                     194m   2708Mi   
04:13:16 rearm-rebom-backend-768fd58455-46nwc   1m     60Mi     
04:13:16 rearm-rebom-backend-768fd58455-dp9ps   0m     60Mi     
04:13:16 rearm-rebom-backend-768fd58455-tmqdc   0m     60Mi     
04:13:16 rearm-rebom-backend-768fd58455-vkfb5   5m     60Mi     
04:13:16 rearm-rebom-postgres-0                 9m     155Mi    
04:13:16 rearm-ui-5c9b8ddf9d-krkqk              1m     2Mi      
04:13:16 testreg-66bb8f476c-wt2mf               1m     326Mi    
04:13:16 zottest-ff7cfd65c-xbgvk                986m   449Mi    
04:13:47 rearm-backend-6d79d5dcc8-rj9w4         23m    4857Mi   
04:13:47 rearm-keycloak-0                       2m     724Mi    
04:13:47 rearm-keycloak-postgres-0              1m     34Mi     
04:13:47 rearm-oci-artifact-5c8686f45c-mmxzz    3m     73Mi     
04:13:47 rearm-postgresql-0                     181m   2706Mi   
04:13:47 rearm-rebom-backend-768fd58455-46nwc   1m     60Mi     
04:13:47 rearm-rebom-backend-768fd58455-dp9ps   0m     60Mi     
04:13:47 rearm-rebom-backend-768fd58455-tmqdc   1m     60Mi     
04:13:47 rearm-rebom-backend-768fd58455-vkfb5   4m     61Mi     
04:13:47 rearm-rebom-postgres-0                 8m     155Mi    
04:13:47 rearm-ui-5c9b8ddf9d-krkqk              1m     2Mi      
04:13:47 testreg-66bb8f476c-wt2mf               1m     326Mi    
04:13:47 zottest-ff7cfd65c-xbgvk                983m   429Mi    
04:14:17 rearm-backend-6d79d5dcc8-rj9w4         21m    4857Mi   
04:14:17 rearm-keycloak-0                       2m     724Mi    
04:14:17 rearm-keycloak-postgres-0              1m     34Mi     
04:14:17 rearm-oci-artifact-5c8686f45c-mmxzz    3m     75Mi     
04:14:17 rearm-postgresql-0                     194m   2706Mi   
04:14:17 rearm-rebom-backend-768fd58455-46nwc   0m     60Mi     
04:14:17 rearm-rebom-backend-768fd58455-dp9ps   0m     60Mi     
04:14:17 rearm-rebom-backend-768fd58455-tmqdc   1m     60Mi     
04:14:17 rearm-rebom-backend-768fd58455-vkfb5   7m     61Mi     
04:14:17 rearm-rebom-postgres-0                 8m     155Mi    
04:14:17 rearm-ui-5c9b8ddf9d-krkqk              1m     2Mi      
04:14:17 testreg-66bb8f476c-wt2mf               1m     326Mi    
04:14:17 zottest-ff7cfd65c-xbgvk                995m   429Mi    
04:14:48 rearm-backend-6d79d5dcc8-rj9w4         22m    4857Mi   
04:14:48 rearm-keycloak-0                       2m     724Mi    
04:14:48 rearm-keycloak-postgres-0              1m     34Mi     
04:14:48 rearm-oci-artifact-5c8686f45c-mmxzz    3m     76Mi     
04:14:48 rearm-postgresql-0                     185m   2702Mi   
04:14:48 rearm-rebom-backend-768fd58455-46nwc   1m     60Mi     
04:14:48 rearm-rebom-backend-768fd58455-dp9ps   1m     60Mi     
04:14:48 rearm-rebom-backend-768fd58455-tmqdc   0m     60Mi     
04:14:48 rearm-rebom-backend-768fd58455-vkfb5   5m     62Mi     
04:14:48 rearm-rebom-postgres-0                 8m     155Mi    
04:14:48 rearm-ui-5c9b8ddf9d-krkqk              1m     2Mi      
04:14:48 testreg-66bb8f476c-wt2mf               1m     326Mi    
04:14:48 zottest-ff7cfd65c-xbgvk                987m   466Mi    
04:15:19 rearm-backend-6d79d5dcc8-rj9w4         25m    4857Mi   
04:15:19 rearm-keycloak-0                       2m     724Mi    
04:15:19 rearm-keycloak-postgres-0              1m     34Mi     
04:15:19 rearm-oci-artifact-5c8686f45c-mmxzz    3m     76Mi     
04:15:19 rearm-postgresql-0                     200m   2705Mi   
04:15:19 rearm-rebom-backend-768fd58455-46nwc   0m     60Mi     
04:15:19 rearm-rebom-backend-768fd58455-dp9ps   0m     60Mi     
04:15:19 rearm-rebom-backend-768fd58455-tmqdc   1m     60Mi     
04:15:19 rearm-rebom-backend-768fd58455-vkfb5   4m     62Mi     
04:15:19 rearm-rebom-postgres-0                 8m     155Mi    
04:15:19 rearm-ui-5c9b8ddf9d-krkqk              1m     2Mi      
04:15:19 testreg-66bb8f476c-wt2mf               1m     326Mi    
04:15:19 zottest-ff7cfd65c-xbgvk                990m   488Mi    
04:15:50 rearm-backend-6d79d5dcc8-rj9w4         19m    4857Mi   
04:15:50 rearm-keycloak-0                       2m     724Mi    
04:15:50 rearm-keycloak-postgres-0              1m     34Mi     
04:15:50 rearm-oci-artifact-5c8686f45c-mmxzz    3m     74Mi     
04:15:50 rearm-postgresql-0                     169m   2706Mi   
04:15:50 rearm-rebom-backend-768fd58455-46nwc   1m     60Mi     
04:15:50 rearm-rebom-backend-768fd58455-dp9ps   5m     62Mi     
04:15:50 rearm-rebom-backend-768fd58455-tmqdc   0m     60Mi     
04:15:50 rearm-rebom-backend-768fd58455-vkfb5   1m     62Mi     
04:15:50 rearm-rebom-postgres-0                 8m     155Mi    
04:15:50 rearm-ui-5c9b8ddf9d-krkqk              1m     2Mi      
04:15:50 testreg-66bb8f476c-wt2mf               1m     326Mi    
04:15:50 zottest-ff7cfd65c-xbgvk                990m   470Mi    
04:16:20 rearm-backend-6d79d5dcc8-rj9w4         30m    4676Mi   
04:16:20 rearm-keycloak-0                       2m     724Mi    
04:16:20 rearm-keycloak-postgres-0              1m     34Mi     
04:16:20 rearm-oci-artifact-5c8686f45c-mmxzz    3m     74Mi     
04:16:20 rearm-postgresql-0                     138m   2705Mi   
04:16:20 rearm-rebom-backend-768fd58455-46nwc   1m     60Mi     
04:16:20 rearm-rebom-backend-768fd58455-dp9ps   8m     59Mi     
04:16:20 rearm-rebom-backend-768fd58455-tmqdc   0m     60Mi     
04:16:20 rearm-rebom-backend-768fd58455-vkfb5   1m     62Mi     
04:16:20 rearm-rebom-postgres-0                 8m     155Mi    
04:16:20 rearm-ui-5c9b8ddf9d-krkqk              1m     2Mi      
04:16:20 testreg-66bb8f476c-wt2mf               1m     326Mi    
04:16:20 zottest-ff7cfd65c-xbgvk                991m   483Mi    
04:16:51 rearm-backend-6d79d5dcc8-rj9w4         23m    4314Mi   
04:16:51 rearm-keycloak-0                       2m     724Mi    
04:16:51 rearm-keycloak-postgres-0              1m     34Mi     
04:16:51 rearm-oci-artifact-5c8686f45c-mmxzz    3m     73Mi     
04:16:51 rearm-postgresql-0                     158m   2705Mi   
04:16:51 rearm-rebom-backend-768fd58455-46nwc   0m     60Mi     
04:16:51 rearm-rebom-backend-768fd58455-dp9ps   5m     62Mi     
04:16:51 rearm-rebom-backend-768fd58455-tmqdc   1m     60Mi     
04:16:51 rearm-rebom-backend-768fd58455-vkfb5   1m     62Mi     
04:16:51 rearm-rebom-postgres-0                 8m     155Mi    
04:16:51 rearm-ui-5c9b8ddf9d-krkqk              1m     2Mi      
04:16:51 testreg-66bb8f476c-wt2mf               1m     326Mi    
04:16:51 zottest-ff7cfd65c-xbgvk                983m   431Mi    
04:17:22 rearm-backend-6d79d5dcc8-rj9w4         685m   4990Mi   
04:17:22 rearm-keycloak-0                       2m     724Mi    
04:17:22 rearm-keycloak-postgres-0              1m     34Mi     
04:17:22 rearm-oci-artifact-5c8686f45c-mmxzz    3m     72Mi     
04:17:22 rearm-postgresql-0                     533m   2722Mi   
04:17:22 rearm-rebom-backend-768fd58455-46nwc   1m     60Mi     
04:17:22 rearm-rebom-backend-768fd58455-dp9ps   5m     62Mi     
04:17:22 rearm-rebom-backend-768fd58455-tmqdc   1m     60Mi     
04:17:22 rearm-rebom-backend-768fd58455-vkfb5   0m     62Mi     
04:17:22 rearm-rebom-postgres-0                 8m     155Mi    
04:17:22 rearm-ui-5c9b8ddf9d-krkqk              1m     2Mi      
04:17:22 testreg-66bb8f476c-wt2mf               1m     326Mi    
04:17:22 zottest-ff7cfd65c-xbgvk                993m   426Mi    
04:17:53 rearm-backend-6d79d5dcc8-rj9w4         940m   7884Mi   
04:17:53 rearm-keycloak-0                       2m     724Mi    
04:17:53 rearm-keycloak-postgres-0              1m     34Mi     
04:17:53 rearm-oci-artifact-5c8686f45c-mmxzz    2m     74Mi     
04:17:53 rearm-postgresql-0                     662m   2729Mi   
04:17:53 rearm-rebom-backend-768fd58455-46nwc   0m     60Mi     
04:17:53 rearm-rebom-backend-768fd58455-dp9ps   4m     60Mi     
04:17:53 rearm-rebom-backend-768fd58455-tmqdc   0m     60Mi     
04:17:53 rearm-rebom-backend-768fd58455-vkfb5   0m     62Mi     
04:17:53 rearm-rebom-postgres-0                 7m     155Mi    
04:17:53 rearm-ui-5c9b8ddf9d-krkqk              1m     2Mi      
04:17:53 testreg-66bb8f476c-wt2mf               1m     326Mi    
04:17:53 zottest-ff7cfd65c-xbgvk                895m   432Mi    
04:18:24 rearm-backend-6d79d5dcc8-rj9w4         440m   7983Mi   
04:18:24 rearm-keycloak-0                       2m     724Mi    
04:18:24 rearm-keycloak-postgres-0              1m     34Mi     
04:18:24 rearm-oci-artifact-5c8686f45c-mmxzz    3m     76Mi     
04:18:24 rearm-postgresql-0                     510m   2731Mi   
04:18:24 rearm-rebom-backend-768fd58455-46nwc   1m     60Mi     
04:18:24 rearm-rebom-backend-768fd58455-dp9ps   5m     61Mi     
04:18:24 rearm-rebom-backend-768fd58455-tmqdc   1m     60Mi     
04:18:24 rearm-rebom-backend-768fd58455-vkfb5   0m     62Mi     
04:18:24 rearm-rebom-postgres-0                 8m     155Mi    
04:18:24 rearm-ui-5c9b8ddf9d-krkqk              1m     2Mi      
04:18:24 testreg-66bb8f476c-wt2mf               1m     326Mi    
04:18:24 zottest-ff7cfd65c-xbgvk                996m   432Mi    
04:18:54 rearm-backend-6d79d5dcc8-rj9w4         21m    7983Mi   
04:18:54 rearm-keycloak-0                       2m     724Mi    
04:18:54 rearm-keycloak-postgres-0              1m     34Mi     
04:18:54 rearm-oci-artifact-5c8686f45c-mmxzz    3m     73Mi     
04:18:54 rearm-postgresql-0                     180m   2748Mi   
04:18:54 rearm-rebom-backend-768fd58455-46nwc   0m     60Mi     
04:18:54 rearm-rebom-backend-768fd58455-dp9ps   9m     59Mi     
04:18:54 rearm-rebom-backend-768fd58455-tmqdc   0m     60Mi     
04:18:54 rearm-rebom-backend-768fd58455-vkfb5   1m     62Mi     
04:18:54 rearm-rebom-postgres-0                 9m     155Mi    
04:18:54 rearm-ui-5c9b8ddf9d-krkqk              1m     2Mi      
04:18:54 testreg-66bb8f476c-wt2mf               1m     322Mi    
04:18:54 zottest-ff7cfd65c-xbgvk                971m   445Mi    
04:19:25 rearm-backend-6d79d5dcc8-rj9w4         25m     7983Mi   
04:19:25 rearm-keycloak-0                       2m      724Mi    
04:19:25 rearm-keycloak-postgres-0              1m      34Mi     
04:19:25 rearm-oci-artifact-5c8686f45c-mmxzz    3m      72Mi     
04:19:25 rearm-postgresql-0                     165m    2750Mi   
04:19:25 rearm-rebom-backend-768fd58455-46nwc   1m      60Mi     
04:19:25 rearm-rebom-backend-768fd58455-dp9ps   5m      60Mi     
04:19:25 rearm-rebom-backend-768fd58455-tmqdc   0m      60Mi     
04:19:25 rearm-rebom-backend-768fd58455-vkfb5   0m      62Mi     
04:19:25 rearm-rebom-postgres-0                 8m      155Mi    
04:19:25 rearm-ui-5c9b8ddf9d-krkqk              1m      2Mi      
04:19:25 testreg-66bb8f476c-wt2mf               1m      322Mi    
04:19:25 zottest-ff7cfd65c-xbgvk                1008m   470Mi    
04:19:56 rearm-backend-6d79d5dcc8-rj9w4         19m    7983Mi   
04:19:56 rearm-keycloak-0                       2m     724Mi    
04:19:56 rearm-keycloak-postgres-0              1m     34Mi     
04:19:56 rearm-oci-artifact-5c8686f45c-mmxzz    3m     72Mi     
04:19:56 rearm-postgresql-0                     157m   2741Mi   
04:19:56 rearm-rebom-backend-768fd58455-46nwc   0m     60Mi     
04:19:56 rearm-rebom-backend-768fd58455-dp9ps   4m     63Mi     
04:19:56 rearm-rebom-backend-768fd58455-tmqdc   1m     60Mi     
04:19:56 rearm-rebom-backend-768fd58455-vkfb5   0m     62Mi     
04:19:56 rearm-rebom-postgres-0                 8m     155Mi    
04:19:56 rearm-ui-5c9b8ddf9d-krkqk              1m     2Mi      
04:19:56 testreg-66bb8f476c-wt2mf               1m     322Mi    
04:19:56 zottest-ff7cfd65c-xbgvk                998m   441Mi    
04:20:27 rearm-backend-6d79d5dcc8-rj9w4         32m     7983Mi   
04:20:27 rearm-keycloak-0                       2m      724Mi    
04:20:27 rearm-keycloak-postgres-0              1m      34Mi     
04:20:27 rearm-oci-artifact-5c8686f45c-mmxzz    3m      72Mi     
04:20:27 rearm-postgresql-0                     152m    2732Mi   
04:20:27 rearm-rebom-backend-768fd58455-46nwc   0m      60Mi     
04:20:27 rearm-rebom-backend-768fd58455-dp9ps   5m      59Mi     
04:20:27 rearm-rebom-backend-768fd58455-tmqdc   0m      60Mi     
04:20:27 rearm-rebom-backend-768fd58455-vkfb5   4m      59Mi     
04:20:27 rearm-rebom-postgres-0                 10m     155Mi    
04:20:27 rearm-ui-5c9b8ddf9d-krkqk              1m      2Mi      
04:20:27 testreg-66bb8f476c-wt2mf               1m      322Mi    
04:20:27 zottest-ff7cfd65c-xbgvk                1004m   503Mi    
04:20:57 rearm-backend-6d79d5dcc8-rj9w4         21m    7983Mi   
04:20:57 rearm-keycloak-0                       2m     724Mi    
04:20:57 rearm-keycloak-postgres-0              1m     34Mi     
04:20:57 rearm-oci-artifact-5c8686f45c-mmxzz    3m     75Mi     
04:20:57 rearm-postgresql-0                     198m   2733Mi   
04:20:57 rearm-rebom-backend-768fd58455-46nwc   1m     60Mi     
04:20:57 rearm-rebom-backend-768fd58455-dp9ps   0m     57Mi     
04:20:57 rearm-rebom-backend-768fd58455-tmqdc   1m     59Mi     
04:20:57 rearm-rebom-backend-768fd58455-vkfb5   4m     60Mi     
04:20:57 rearm-rebom-postgres-0                 7m     155Mi    
04:20:57 rearm-ui-5c9b8ddf9d-krkqk              1m     2Mi      
04:20:57 testreg-66bb8f476c-wt2mf               1m     322Mi    
04:20:57 zottest-ff7cfd65c-xbgvk                999m   431Mi    
04:21:28 rearm-backend-6d79d5dcc8-rj9w4         78m    7983Mi   
04:21:28 rearm-keycloak-0                       2m     724Mi    
04:21:28 rearm-keycloak-postgres-0              1m     34Mi     
04:21:28 rearm-oci-artifact-5c8686f45c-mmxzz    5m     70Mi     
04:21:28 rearm-postgresql-0                     214m   2725Mi   
04:21:28 rearm-rebom-backend-768fd58455-46nwc   1m     60Mi     
04:21:28 rearm-rebom-backend-768fd58455-dp9ps   1m     57Mi     
04:21:28 rearm-rebom-backend-768fd58455-tmqdc   0m     59Mi     
04:21:28 rearm-rebom-backend-768fd58455-vkfb5   4m     61Mi     
04:21:28 rearm-rebom-postgres-0                 24m    155Mi    
04:21:28 rearm-ui-5c9b8ddf9d-krkqk              1m     2Mi      
04:21:28 testreg-66bb8f476c-wt2mf               1m     322Mi    
04:21:28 zottest-ff7cfd65c-xbgvk                945m   434Mi    
04:21:59 rearm-backend-6d79d5dcc8-rj9w4         17m    7983Mi   
04:21:59 rearm-keycloak-0                       2m     724Mi    
04:21:59 rearm-keycloak-postgres-0              1m     33Mi     
04:21:59 rearm-oci-artifact-5c8686f45c-mmxzz    3m     71Mi     
04:21:59 rearm-postgresql-0                     190m   2784Mi   
04:21:59 rearm-rebom-backend-768fd58455-46nwc   0m     60Mi     
04:21:59 rearm-rebom-backend-768fd58455-dp9ps   0m     57Mi     
04:21:59 rearm-rebom-backend-768fd58455-tmqdc   1m     59Mi     
04:21:59 rearm-rebom-backend-768fd58455-vkfb5   4m     59Mi     
04:21:59 rearm-rebom-postgres-0                 7m     155Mi    
04:21:59 rearm-ui-5c9b8ddf9d-krkqk              1m     2Mi      
04:21:59 testreg-66bb8f476c-wt2mf               1m     319Mi    
04:21:59 zottest-ff7cfd65c-xbgvk                986m   461Mi    
04:22:30 rearm-backend-6d79d5dcc8-rj9w4         28m    7983Mi   
04:22:30 rearm-keycloak-0                       2m     724Mi    
04:22:30 rearm-keycloak-postgres-0              1m     33Mi     
04:22:30 rearm-oci-artifact-5c8686f45c-mmxzz    3m     74Mi     
04:22:30 rearm-postgresql-0                     207m   2780Mi   
04:22:30 rearm-rebom-backend-768fd58455-46nwc   0m     60Mi     
04:22:30 rearm-rebom-backend-768fd58455-dp9ps   0m     57Mi     
04:22:30 rearm-rebom-backend-768fd58455-tmqdc   0m     59Mi     
04:22:30 rearm-rebom-backend-768fd58455-vkfb5   5m     61Mi     
04:22:30 rearm-rebom-postgres-0                 8m     154Mi    
04:22:30 rearm-ui-5c9b8ddf9d-krkqk              1m     2Mi      
04:22:30 testreg-66bb8f476c-wt2mf               1m     315Mi    
04:22:30 zottest-ff7cfd65c-xbgvk                998m   475Mi    
04:23:01 rearm-backend-6d79d5dcc8-rj9w4         24m    7983Mi   
04:23:01 rearm-keycloak-0                       2m     724Mi    
04:23:01 rearm-keycloak-postgres-0              1m     33Mi     
04:23:01 rearm-oci-artifact-5c8686f45c-mmxzz    3m     75Mi     
04:23:01 rearm-postgresql-0                     187m   2780Mi   
04:23:01 rearm-rebom-backend-768fd58455-46nwc   0m     60Mi     
04:23:01 rearm-rebom-backend-768fd58455-dp9ps   1m     57Mi     
04:23:01 rearm-rebom-backend-768fd58455-tmqdc   1m     59Mi     
04:23:01 rearm-rebom-backend-768fd58455-vkfb5   7m     59Mi     
04:23:01 rearm-rebom-postgres-0                 7m     154Mi    
04:23:01 rearm-ui-5c9b8ddf9d-krkqk              1m     2Mi      
04:23:01 testreg-66bb8f476c-wt2mf               1m     315Mi    
04:23:01 zottest-ff7cfd65c-xbgvk                994m   433Mi    
04:23:31 rearm-backend-6d79d5dcc8-rj9w4         25m    7983Mi   
04:23:31 rearm-keycloak-0                       2m     724Mi    
04:23:31 rearm-keycloak-postgres-0              1m     33Mi     
04:23:31 rearm-oci-artifact-5c8686f45c-mmxzz    3m     71Mi     
04:23:31 rearm-postgresql-0                     210m   2783Mi   
04:23:31 rearm-rebom-backend-768fd58455-46nwc   0m     60Mi     
04:23:31 rearm-rebom-backend-768fd58455-dp9ps   1m     57Mi     
04:23:31 rearm-rebom-backend-768fd58455-tmqdc   0m     59Mi     
04:23:31 rearm-rebom-backend-768fd58455-vkfb5   4m     61Mi     
04:23:31 rearm-rebom-postgres-0                 8m     154Mi    
04:23:31 rearm-ui-5c9b8ddf9d-krkqk              1m     2Mi      
04:23:31 testreg-66bb8f476c-wt2mf               1m     315Mi    
04:23:31 zottest-ff7cfd65c-xbgvk                990m   462Mi    
04:24:02 rearm-backend-6d79d5dcc8-rj9w4         23m     7983Mi   
04:24:02 rearm-keycloak-0                       2m      724Mi    
04:24:02 rearm-keycloak-postgres-0              1m      33Mi     
04:24:02 rearm-oci-artifact-5c8686f45c-mmxzz    3m      74Mi     
04:24:02 rearm-postgresql-0                     181m    2781Mi   
04:24:02 rearm-rebom-backend-768fd58455-46nwc   1m      60Mi     
04:24:02 rearm-rebom-backend-768fd58455-dp9ps   1m      57Mi     
04:24:02 rearm-rebom-backend-768fd58455-tmqdc   0m      59Mi     
04:24:02 rearm-rebom-backend-768fd58455-vkfb5   5m      62Mi     
04:24:02 rearm-rebom-postgres-0                 8m      154Mi    
04:24:02 rearm-ui-5c9b8ddf9d-krkqk              1m      2Mi      
04:24:02 testreg-66bb8f476c-wt2mf               1m      315Mi    
04:24:02 zottest-ff7cfd65c-xbgvk                1004m   443Mi    
04:24:33 rearm-backend-6d79d5dcc8-rj9w4         25m     7983Mi   
04:24:33 rearm-keycloak-0                       2m      724Mi    
04:24:33 rearm-keycloak-postgres-0              1m      33Mi     
04:24:33 rearm-oci-artifact-5c8686f45c-mmxzz    3m      73Mi     
04:24:33 rearm-postgresql-0                     201m    2805Mi   
04:24:33 rearm-rebom-backend-768fd58455-46nwc   1m      60Mi     
04:24:33 rearm-rebom-backend-768fd58455-dp9ps   1m      57Mi     
04:24:33 rearm-rebom-backend-768fd58455-tmqdc   1m      59Mi     
04:24:33 rearm-rebom-backend-768fd58455-vkfb5   8m      60Mi     
04:24:33 rearm-rebom-postgres-0                 8m      159Mi    
04:24:33 rearm-ui-5c9b8ddf9d-krkqk              1m      3Mi      
04:24:33 testreg-66bb8f476c-wt2mf               1m      312Mi    
04:24:33 zottest-ff7cfd65c-xbgvk                1001m   436Mi    
04:25:04 rearm-backend-6d79d5dcc8-rj9w4         23m    7983Mi   
04:25:04 rearm-keycloak-0                       2m     724Mi    
04:25:04 rearm-keycloak-postgres-0              1m     33Mi     
04:25:04 rearm-oci-artifact-5c8686f45c-mmxzz    3m     75Mi     
04:25:04 rearm-postgresql-0                     150m   2805Mi   
04:25:04 rearm-rebom-backend-768fd58455-46nwc   1m     60Mi     
04:25:04 rearm-rebom-backend-768fd58455-dp9ps   0m     57Mi     
04:25:04 rearm-rebom-backend-768fd58455-tmqdc   1m     59Mi     
04:25:04 rearm-rebom-backend-768fd58455-vkfb5   5m     61Mi     
04:25:04 rearm-rebom-postgres-0                 8m     159Mi    
04:25:04 rearm-ui-5c9b8ddf9d-krkqk              1m     2Mi      
04:25:04 testreg-66bb8f476c-wt2mf               1m     312Mi    
04:25:04 zottest-ff7cfd65c-xbgvk                988m   502Mi    
04:25:34 rearm-backend-6d79d5dcc8-rj9w4         27m    7983Mi   
04:25:34 rearm-keycloak-0                       2m     724Mi    
04:25:34 rearm-keycloak-postgres-0              1m     33Mi     
04:25:34 rearm-oci-artifact-5c8686f45c-mmxzz    3m     72Mi     
04:25:34 rearm-postgresql-0                     194m   2805Mi   
04:25:34 rearm-rebom-backend-768fd58455-46nwc   1m     60Mi     
04:25:34 rearm-rebom-backend-768fd58455-dp9ps   1m     57Mi     
04:25:34 rearm-rebom-backend-768fd58455-tmqdc   2m     62Mi     
04:25:34 rearm-rebom-backend-768fd58455-vkfb5   3m     62Mi     
04:25:34 rearm-rebom-postgres-0                 9m     161Mi    
04:25:34 rearm-ui-5c9b8ddf9d-krkqk              1m     2Mi      
04:25:34 testreg-66bb8f476c-wt2mf               1m     312Mi    
04:25:34 zottest-ff7cfd65c-xbgvk                999m   472Mi    
04:26:05 rearm-backend-6d79d5dcc8-rj9w4         25m    7983Mi   
04:26:05 rearm-keycloak-0                       2m     724Mi    
04:26:05 rearm-keycloak-postgres-0              1m     33Mi     
04:26:05 rearm-oci-artifact-5c8686f45c-mmxzz    3m     76Mi     
04:26:05 rearm-postgresql-0                     184m   2798Mi   
04:26:05 rearm-rebom-backend-768fd58455-46nwc   1m     60Mi     
04:26:05 rearm-rebom-backend-768fd58455-dp9ps   1m     57Mi     
04:26:05 rearm-rebom-backend-768fd58455-tmqdc   5m     64Mi     
04:26:05 rearm-rebom-backend-768fd58455-vkfb5   1m     62Mi     
04:26:05 rearm-rebom-postgres-0                 8m     159Mi    
04:26:05 rearm-ui-5c9b8ddf9d-krkqk              1m     2Mi      
04:26:05 testreg-66bb8f476c-wt2mf               1m     312Mi    
04:26:05 zottest-ff7cfd65c-xbgvk                989m   456Mi    
04:26:36 rearm-backend-6d79d5dcc8-rj9w4         55m    7983Mi   
04:26:36 rearm-keycloak-0                       2m     724Mi    
04:26:36 rearm-keycloak-postgres-0              1m     33Mi     
04:26:36 rearm-oci-artifact-5c8686f45c-mmxzz    4m     72Mi     
04:26:36 rearm-postgresql-0                     202m   2797Mi   
04:26:36 rearm-rebom-backend-768fd58455-46nwc   0m     60Mi     
04:26:36 rearm-rebom-backend-768fd58455-dp9ps   1m     57Mi     
04:26:36 rearm-rebom-backend-768fd58455-tmqdc   7m     60Mi     
04:26:36 rearm-rebom-backend-768fd58455-vkfb5   0m     62Mi     
04:26:36 rearm-rebom-postgres-0                 18m    159Mi    
04:26:36 rearm-ui-5c9b8ddf9d-krkqk              1m     2Mi      
04:26:36 testreg-66bb8f476c-wt2mf               1m     312Mi    
04:26:36 zottest-ff7cfd65c-xbgvk                917m   476Mi    
04:27:07 rearm-backend-6d79d5dcc8-rj9w4         50m    7984Mi   
04:27:07 rearm-keycloak-0                       2m     724Mi    
04:27:07 rearm-keycloak-postgres-0              1m     33Mi     
04:27:07 rearm-oci-artifact-5c8686f45c-mmxzz    3m     72Mi     
04:27:07 rearm-postgresql-0                     225m   2810Mi   
04:27:07 rearm-rebom-backend-768fd58455-46nwc   0m     60Mi     
04:27:07 rearm-rebom-backend-768fd58455-dp9ps   0m     57Mi     
04:27:07 rearm-rebom-backend-768fd58455-tmqdc   5m     61Mi     
04:27:07 rearm-rebom-backend-768fd58455-vkfb5   1m     62Mi     
04:27:07 rearm-rebom-postgres-0                 7m     159Mi    
04:27:07 rearm-ui-5c9b8ddf9d-krkqk              1m     2Mi      
04:27:07 testreg-66bb8f476c-wt2mf               1m     312Mi    
04:27:07 zottest-ff7cfd65c-xbgvk                988m   431Mi    
04:27:37 rearm-backend-6d79d5dcc8-rj9w4         20m    7984Mi   
04:27:37 rearm-keycloak-0                       2m     724Mi    
04:27:37 rearm-keycloak-postgres-0              1m     33Mi     
04:27:37 rearm-oci-artifact-5c8686f45c-mmxzz    3m     74Mi     
04:27:37 rearm-postgresql-0                     163m   2810Mi   
04:27:37 rearm-rebom-backend-768fd58455-46nwc   1m     60Mi     
04:27:37 rearm-rebom-backend-768fd58455-dp9ps   0m     57Mi     
04:27:37 rearm-rebom-backend-768fd58455-tmqdc   8m     60Mi     
04:27:37 rearm-rebom-backend-768fd58455-vkfb5   1m     62Mi     
04:27:37 rearm-rebom-postgres-0                 8m     159Mi    
04:27:37 rearm-ui-5c9b8ddf9d-krkqk              1m     2Mi      
04:27:37 testreg-66bb8f476c-wt2mf               1m     312Mi    
04:27:37 zottest-ff7cfd65c-xbgvk                999m   440Mi    
04:28:08 rearm-backend-6d79d5dcc8-rj9w4         25m     7803Mi   
04:28:08 rearm-keycloak-0                       2m      724Mi    
04:28:08 rearm-keycloak-postgres-0              1m      33Mi     
04:28:08 rearm-oci-artifact-5c8686f45c-mmxzz    3m      72Mi     
04:28:08 rearm-postgresql-0                     174m    2811Mi   
04:28:08 rearm-rebom-backend-768fd58455-46nwc   1m      60Mi     
04:28:08 rearm-rebom-backend-768fd58455-dp9ps   1m      57Mi     
04:28:08 rearm-rebom-backend-768fd58455-tmqdc   5m      61Mi     
04:28:08 rearm-rebom-backend-768fd58455-vkfb5   0m      62Mi     
04:28:08 rearm-rebom-postgres-0                 8m      159Mi    
04:28:08 rearm-ui-5c9b8ddf9d-krkqk              1m      2Mi      
04:28:08 testreg-66bb8f476c-wt2mf               1m      312Mi    
04:28:08 zottest-ff7cfd65c-xbgvk                1006m   437Mi    
04:28:39 rearm-backend-6d79d5dcc8-rj9w4         25m     7171Mi   
04:28:39 rearm-keycloak-0                       2m      724Mi    
04:28:39 rearm-keycloak-postgres-0              1m      33Mi     
04:28:39 rearm-oci-artifact-5c8686f45c-mmxzz    3m      71Mi     
04:28:39 rearm-postgresql-0                     150m    2811Mi   
04:28:39 rearm-rebom-backend-768fd58455-46nwc   0m      60Mi     
04:28:39 rearm-rebom-backend-768fd58455-dp9ps   1m      57Mi     
04:28:39 rearm-rebom-backend-768fd58455-tmqdc   5m      62Mi     
04:28:39 rearm-rebom-backend-768fd58455-vkfb5   1m      62Mi     
04:28:39 rearm-rebom-postgres-0                 8m      159Mi    
04:28:39 rearm-ui-5c9b8ddf9d-krkqk              1m      2Mi      
04:28:39 testreg-66bb8f476c-wt2mf               1m      312Mi    
04:28:39 zottest-ff7cfd65c-xbgvk                1000m   434Mi    
04:29:10 rearm-backend-6d79d5dcc8-rj9w4         42m    6628Mi   
04:29:10 rearm-keycloak-0                       2m     724Mi    
04:29:10 rearm-keycloak-postgres-0              1m     33Mi     
04:29:10 rearm-oci-artifact-5c8686f45c-mmxzz    3m     72Mi     
04:29:10 rearm-postgresql-0                     162m   2811Mi   
04:29:10 rearm-rebom-backend-768fd58455-46nwc   1m     60Mi     
04:29:10 rearm-rebom-backend-768fd58455-dp9ps   0m     57Mi     
04:29:10 rearm-rebom-backend-768fd58455-tmqdc   5m     62Mi     
04:29:10 rearm-rebom-backend-768fd58455-vkfb5   1m     62Mi     
04:29:10 rearm-rebom-postgres-0                 8m     159Mi    
04:29:10 rearm-ui-5c9b8ddf9d-krkqk              1m     2Mi      
04:29:10 testreg-66bb8f476c-wt2mf               1m     312Mi    
04:29:10 zottest-ff7cfd65c-xbgvk                995m   431Mi    
04:29:40 rearm-backend-6d79d5dcc8-rj9w4         24m    5995Mi   
04:29:40 rearm-keycloak-0                       2m     724Mi    
04:29:40 rearm-keycloak-postgres-0              1m     33Mi     
04:29:40 rearm-oci-artifact-5c8686f45c-mmxzz    3m     72Mi     
04:29:40 rearm-postgresql-0                     164m   2811Mi   
04:29:40 rearm-rebom-backend-768fd58455-46nwc   1m     60Mi     
04:29:40 rearm-rebom-backend-768fd58455-dp9ps   1m     57Mi     
04:29:40 rearm-rebom-backend-768fd58455-tmqdc   5m     62Mi     
04:29:40 rearm-rebom-backend-768fd58455-vkfb5   1m     62Mi     
04:29:40 rearm-rebom-postgres-0                 8m     159Mi    
04:29:40 rearm-ui-5c9b8ddf9d-krkqk              1m     2Mi      
04:29:40 testreg-66bb8f476c-wt2mf               1m     312Mi    
04:29:40 zottest-ff7cfd65c-xbgvk                987m   439Mi    
04:30:11 rearm-backend-6d79d5dcc8-rj9w4         28m     5453Mi   
04:30:11 rearm-keycloak-0                       2m      724Mi    
04:30:11 rearm-keycloak-postgres-0              1m      33Mi     
04:30:11 rearm-oci-artifact-5c8686f45c-mmxzz    3m      73Mi     
04:30:11 rearm-postgresql-0                     165m    2811Mi   
04:30:11 rearm-rebom-backend-768fd58455-46nwc   0m      60Mi     
04:30:11 rearm-rebom-backend-768fd58455-dp9ps   0m      57Mi     
04:30:11 rearm-rebom-backend-768fd58455-tmqdc   5m      63Mi     
04:30:11 rearm-rebom-backend-768fd58455-vkfb5   1m      62Mi     
04:30:11 rearm-rebom-postgres-0                 7m      159Mi    
04:30:11 rearm-ui-5c9b8ddf9d-krkqk              1m      2Mi      
04:30:11 testreg-66bb8f476c-wt2mf               1m      312Mi    
04:30:11 zottest-ff7cfd65c-xbgvk                1000m   482Mi    
04:30:42 rearm-backend-6d79d5dcc8-rj9w4         26m    4911Mi   
04:30:42 rearm-keycloak-0                       2m     724Mi    
04:30:42 rearm-keycloak-postgres-0              1m     33Mi     
04:30:42 rearm-oci-artifact-5c8686f45c-mmxzz    3m     75Mi     
04:30:42 rearm-postgresql-0                     195m   2812Mi   
04:30:42 rearm-rebom-backend-768fd58455-46nwc   3m     63Mi     
04:30:42 rearm-rebom-backend-768fd58455-dp9ps   1m     57Mi     
04:30:42 rearm-rebom-backend-768fd58455-tmqdc   1m     59Mi     
04:30:42 rearm-rebom-backend-768fd58455-vkfb5   0m     62Mi     
04:30:42 rearm-rebom-postgres-0                 8m     159Mi    
04:30:42 rearm-ui-5c9b8ddf9d-krkqk              1m     2Mi      
04:30:42 testreg-66bb8f476c-wt2mf               1m     312Mi    
04:30:42 zottest-ff7cfd65c-xbgvk                992m   512Mi    
04:31:13 rearm-backend-6d79d5dcc8-rj9w4         21m     4820Mi   
04:31:13 rearm-keycloak-0                       2m      724Mi    
04:31:13 rearm-keycloak-postgres-0              1m      33Mi     
04:31:13 rearm-oci-artifact-5c8686f45c-mmxzz    3m      74Mi     
04:31:13 rearm-postgresql-0                     144m    2812Mi   
04:31:13 rearm-rebom-backend-768fd58455-46nwc   8m      60Mi     
04:31:13 rearm-rebom-backend-768fd58455-dp9ps   0m      57Mi     
04:31:13 rearm-rebom-backend-768fd58455-tmqdc   0m      59Mi     
04:31:13 rearm-rebom-backend-768fd58455-vkfb5   1m      62Mi     
04:31:13 rearm-rebom-postgres-0                 8m      159Mi    
04:31:13 rearm-ui-5c9b8ddf9d-krkqk              1m      2Mi      
04:31:13 testreg-66bb8f476c-wt2mf               1m      312Mi    
04:31:13 zottest-ff7cfd65c-xbgvk                1039m   430Mi    
04:31:43 rearm-backend-6d79d5dcc8-rj9w4         21m     4820Mi   
04:31:43 rearm-keycloak-0                       2m      724Mi    
04:31:43 rearm-keycloak-postgres-0              1m      33Mi     
04:31:43 rearm-oci-artifact-5c8686f45c-mmxzz    3m      72Mi     
04:31:43 rearm-postgresql-0                     147m    2812Mi   
04:31:43 rearm-rebom-backend-768fd58455-46nwc   5m      61Mi     
04:31:43 rearm-rebom-backend-768fd58455-dp9ps   0m      57Mi     
04:31:43 rearm-rebom-backend-768fd58455-tmqdc   1m      59Mi     
04:31:43 rearm-rebom-backend-768fd58455-vkfb5   1m      62Mi     
04:31:43 rearm-rebom-postgres-0                 8m      159Mi    
04:31:43 rearm-ui-5c9b8ddf9d-krkqk              1m      2Mi      
04:31:43 testreg-66bb8f476c-wt2mf               1m      312Mi    
04:31:43 zottest-ff7cfd65c-xbgvk                1034m   494Mi    
04:32:14 rearm-backend-6d79d5dcc8-rj9w4         40m     4820Mi   
04:32:14 rearm-keycloak-0                       2m      724Mi    
04:32:14 rearm-keycloak-postgres-0              1m      33Mi     
04:32:14 rearm-oci-artifact-5c8686f45c-mmxzz    3m      72Mi     
04:32:14 rearm-postgresql-0                     177m    2810Mi   
04:32:14 rearm-rebom-backend-768fd58455-46nwc   4m      64Mi     
04:32:14 rearm-rebom-backend-768fd58455-dp9ps   0m      57Mi     
04:32:14 rearm-rebom-backend-768fd58455-tmqdc   0m      59Mi     
04:32:14 rearm-rebom-backend-768fd58455-vkfb5   0m      62Mi     
04:32:14 rearm-rebom-postgres-0                 12m     159Mi    
04:32:14 rearm-ui-5c9b8ddf9d-krkqk              1m      2Mi      
04:32:14 testreg-66bb8f476c-wt2mf               1m      312Mi    
04:32:14 zottest-ff7cfd65c-xbgvk                1028m   435Mi    
04:32:45 rearm-backend-6d79d5dcc8-rj9w4         25m     4820Mi   
04:32:45 rearm-keycloak-0                       2m      724Mi    
04:32:45 rearm-keycloak-postgres-0              1m      33Mi     
04:32:45 rearm-oci-artifact-5c8686f45c-mmxzz    3m      71Mi     
04:32:45 rearm-postgresql-0                     155m    2809Mi   
04:32:45 rearm-rebom-backend-768fd58455-46nwc   5m      60Mi     
04:32:45 rearm-rebom-backend-768fd58455-dp9ps   1m      57Mi     
04:32:45 rearm-rebom-backend-768fd58455-tmqdc   0m      59Mi     
04:32:45 rearm-rebom-backend-768fd58455-vkfb5   1m      62Mi     
04:32:45 rearm-rebom-postgres-0                 7m      159Mi    
04:32:45 rearm-ui-5c9b8ddf9d-krkqk              1m      2Mi      
04:32:45 testreg-66bb8f476c-wt2mf               1m      312Mi    
04:32:45 zottest-ff7cfd65c-xbgvk                1027m   430Mi    
04:33:16 rearm-backend-6d79d5dcc8-rj9w4         21m     4820Mi   
04:33:16 rearm-keycloak-0                       2m      724Mi    
04:33:16 rearm-keycloak-postgres-0              1m      33Mi     
04:33:16 rearm-oci-artifact-5c8686f45c-mmxzz    3m      73Mi     
04:33:16 rearm-postgresql-0                     154m    2809Mi   
04:33:16 rearm-rebom-backend-768fd58455-46nwc   5m      62Mi     
04:33:16 rearm-rebom-backend-768fd58455-dp9ps   0m      57Mi     
04:33:16 rearm-rebom-backend-768fd58455-tmqdc   1m      59Mi     
04:33:16 rearm-rebom-backend-768fd58455-vkfb5   1m      62Mi     
04:33:16 rearm-rebom-postgres-0                 8m      159Mi    
04:33:16 rearm-ui-5c9b8ddf9d-krkqk              1m      2Mi      
04:33:16 testreg-66bb8f476c-wt2mf               1m      312Mi    
04:33:16 zottest-ff7cfd65c-xbgvk                1029m   493Mi    
04:33:47 rearm-backend-6d79d5dcc8-rj9w4         20m     4820Mi   
04:33:47 rearm-keycloak-0                       2m      724Mi    
04:33:47 rearm-keycloak-postgres-0              1m      33Mi     
04:33:47 rearm-oci-artifact-5c8686f45c-mmxzz    3m      74Mi     
04:33:47 rearm-postgresql-0                     149m    2809Mi   
04:33:47 rearm-rebom-backend-768fd58455-46nwc   8m      60Mi     
04:33:47 rearm-rebom-backend-768fd58455-dp9ps   1m      57Mi     
04:33:47 rearm-rebom-backend-768fd58455-tmqdc   1m      59Mi     
04:33:47 rearm-rebom-backend-768fd58455-vkfb5   1m      62Mi     
04:33:47 rearm-rebom-postgres-0                 8m      159Mi    
04:33:47 rearm-ui-5c9b8ddf9d-krkqk              1m      2Mi      
04:33:47 testreg-66bb8f476c-wt2mf               1m      312Mi    
04:33:47 zottest-ff7cfd65c-xbgvk                1032m   469Mi    
04:34:17 rearm-backend-6d79d5dcc8-rj9w4         22m     4820Mi   
04:34:17 rearm-keycloak-0                       2m      724Mi    
04:34:17 rearm-keycloak-postgres-0              1m      33Mi     
04:34:17 rearm-oci-artifact-5c8686f45c-mmxzz    3m      73Mi     
04:34:17 rearm-postgresql-0                     153m    2806Mi   
04:34:17 rearm-rebom-backend-768fd58455-46nwc   4m      61Mi     
04:34:17 rearm-rebom-backend-768fd58455-dp9ps   1m      57Mi     
04:34:17 rearm-rebom-backend-768fd58455-tmqdc   0m      59Mi     
04:34:17 rearm-rebom-backend-768fd58455-vkfb5   0m      62Mi     
04:34:17 rearm-rebom-postgres-0                 7m      159Mi    
04:34:17 rearm-ui-5c9b8ddf9d-krkqk              1m      2Mi      
04:34:17 testreg-66bb8f476c-wt2mf               1m      312Mi    
04:34:17 zottest-ff7cfd65c-xbgvk                1006m   431Mi    
04:34:48 rearm-backend-6d79d5dcc8-rj9w4         22m     4821Mi   
04:34:48 rearm-keycloak-0                       2m      724Mi    
04:34:48 rearm-keycloak-postgres-0              1m      33Mi     
04:34:48 rearm-oci-artifact-5c8686f45c-mmxzz    3m      75Mi     
04:34:48 rearm-postgresql-0                     158m    2803Mi   
04:34:48 rearm-rebom-backend-768fd58455-46nwc   4m      62Mi     
04:34:48 rearm-rebom-backend-768fd58455-dp9ps   1m      57Mi     
04:34:48 rearm-rebom-backend-768fd58455-tmqdc   1m      59Mi     
04:34:48 rearm-rebom-backend-768fd58455-vkfb5   1m      62Mi     
04:34:48 rearm-rebom-postgres-0                 9m      159Mi    
04:34:48 rearm-ui-5c9b8ddf9d-krkqk              1m      2Mi      
04:34:48 testreg-66bb8f476c-wt2mf               1m      312Mi    
04:34:48 zottest-ff7cfd65c-xbgvk                1031m   429Mi    
04:35:19 rearm-backend-6d79d5dcc8-rj9w4         20m     4821Mi   
04:35:19 rearm-keycloak-0                       2m      724Mi    
04:35:19 rearm-keycloak-postgres-0              1m      33Mi     
04:35:19 rearm-oci-artifact-5c8686f45c-mmxzz    3m      73Mi     
04:35:19 rearm-postgresql-0                     156m    2800Mi   
04:35:19 rearm-rebom-backend-768fd58455-46nwc   4m      61Mi     
04:35:19 rearm-rebom-backend-768fd58455-dp9ps   0m      57Mi     
04:35:19 rearm-rebom-backend-768fd58455-tmqdc   1m      59Mi     
04:35:19 rearm-rebom-backend-768fd58455-vkfb5   0m      62Mi     
04:35:19 rearm-rebom-postgres-0                 8m      159Mi    
04:35:19 rearm-ui-5c9b8ddf9d-krkqk              1m      2Mi      
04:35:19 testreg-66bb8f476c-wt2mf               1m      312Mi    
04:35:19 zottest-ff7cfd65c-xbgvk                1016m   433Mi    
04:35:50 rearm-backend-6d79d5dcc8-rj9w4         20m     4821Mi   
04:35:50 rearm-keycloak-0                       2m      724Mi    
04:35:50 rearm-keycloak-postgres-0              1m      33Mi     
04:35:50 rearm-oci-artifact-5c8686f45c-mmxzz    3m      74Mi     
04:35:50 rearm-postgresql-0                     145m    2804Mi   
04:35:50 rearm-rebom-backend-768fd58455-46nwc   1m      59Mi     
04:35:50 rearm-rebom-backend-768fd58455-dp9ps   0m      57Mi     
04:35:50 rearm-rebom-backend-768fd58455-tmqdc   5m      62Mi     
04:35:50 rearm-rebom-backend-768fd58455-vkfb5   1m      62Mi     
04:35:50 rearm-rebom-postgres-0                 8m      159Mi    
04:35:50 rearm-ui-5c9b8ddf9d-krkqk              1m      2Mi      
04:35:50 testreg-66bb8f476c-wt2mf               1m      312Mi    
04:35:50 zottest-ff7cfd65c-xbgvk                1024m   442Mi    
04:36:20 rearm-backend-6d79d5dcc8-rj9w4         29m    4459Mi   
04:36:20 rearm-keycloak-0                       2m     724Mi    
04:36:20 rearm-keycloak-postgres-0              1m     33Mi     
04:36:20 rearm-oci-artifact-5c8686f45c-mmxzz    3m     72Mi     
04:36:20 rearm-postgresql-0                     165m   2807Mi   
04:36:20 rearm-rebom-backend-768fd58455-46nwc   1m     59Mi     
04:36:20 rearm-rebom-backend-768fd58455-dp9ps   1m     57Mi     
04:36:20 rearm-rebom-backend-768fd58455-tmqdc   5m     64Mi     
04:36:20 rearm-rebom-backend-768fd58455-vkfb5   1m     62Mi     
04:36:20 rearm-rebom-postgres-0                 8m     159Mi    
04:36:20 rearm-ui-5c9b8ddf9d-krkqk              1m     2Mi      
04:36:20 testreg-66bb8f476c-wt2mf               1m     312Mi    
04:36:20 zottest-ff7cfd65c-xbgvk                985m   440Mi    
04:36:51 rearm-backend-6d79d5dcc8-rj9w4         22m     4278Mi   
04:36:51 rearm-keycloak-0                       2m      724Mi    
04:36:51 rearm-keycloak-postgres-0              1m      33Mi     
04:36:51 rearm-oci-artifact-5c8686f45c-mmxzz    3m      70Mi     
04:36:51 rearm-postgresql-0                     128m    2806Mi   
04:36:51 rearm-rebom-backend-768fd58455-46nwc   1m      58Mi     
04:36:51 rearm-rebom-backend-768fd58455-dp9ps   1m      58Mi     
04:36:51 rearm-rebom-backend-768fd58455-tmqdc   5m      62Mi     
04:36:51 rearm-rebom-backend-768fd58455-vkfb5   1m      62Mi     
04:36:51 rearm-rebom-postgres-0                 10m     159Mi    
04:36:51 rearm-ui-5c9b8ddf9d-krkqk              1m      2Mi      
04:36:51 testreg-66bb8f476c-wt2mf               1m      312Mi    
04:36:51 zottest-ff7cfd65c-xbgvk                1011m   474Mi    
04:37:22 rearm-backend-6d79d5dcc8-rj9w4         425m   4008Mi   
04:37:22 rearm-keycloak-0                       2m     724Mi    
04:37:22 rearm-keycloak-postgres-0              1m     33Mi     
04:37:22 rearm-oci-artifact-5c8686f45c-mmxzz    3m     73Mi     
04:37:22 rearm-postgresql-0                     461m   2823Mi   
04:37:22 rearm-rebom-backend-768fd58455-46nwc   1m     58Mi     
04:37:22 rearm-rebom-backend-768fd58455-dp9ps   0m     58Mi     
04:37:22 rearm-rebom-backend-768fd58455-tmqdc   4m     62Mi     
04:37:22 rearm-rebom-backend-768fd58455-vkfb5   0m     62Mi     
04:37:22 rearm-rebom-postgres-0                 8m     159Mi    
04:37:22 rearm-ui-5c9b8ddf9d-krkqk              1m     2Mi      
04:37:22 testreg-66bb8f476c-wt2mf               1m     312Mi    
04:37:22 zottest-ff7cfd65c-xbgvk                924m   428Mi    
04:37:53 rearm-backend-6d79d5dcc8-rj9w4         947m   8099Mi   
04:37:53 rearm-keycloak-0                       2m     724Mi    
04:37:53 rearm-keycloak-postgres-0              1m     33Mi     
04:37:53 rearm-oci-artifact-5c8686f45c-mmxzz    2m     73Mi     
04:37:53 rearm-postgresql-0                     678m   288Mi    
04:37:53 rearm-rebom-backend-768fd58455-46nwc   0m     58Mi     
04:37:53 rearm-rebom-backend-768fd58455-dp9ps   1m     58Mi     
04:37:53 rearm-rebom-backend-768fd58455-tmqdc   4m     63Mi     
04:37:53 rearm-rebom-backend-768fd58455-vkfb5   1m     62Mi     
04:37:53 rearm-rebom-postgres-0                 7m     159Mi    
04:37:53 rearm-ui-5c9b8ddf9d-krkqk              1m     2Mi      
04:37:53 testreg-66bb8f476c-wt2mf               1m     305Mi    
04:37:53 zottest-ff7cfd65c-xbgvk                903m   474Mi    
04:38:23 rearm-backend-6d79d5dcc8-rj9w4         54m    8098Mi   
04:38:23 rearm-keycloak-0                       2m     724Mi    
04:38:23 rearm-keycloak-postgres-0              1m     33Mi     
04:38:23 rearm-oci-artifact-5c8686f45c-mmxzz    3m     71Mi     
04:38:23 rearm-postgresql-0                     324m   289Mi    
04:38:23 rearm-rebom-backend-768fd58455-46nwc   0m     58Mi     
04:38:23 rearm-rebom-backend-768fd58455-dp9ps   0m     58Mi     
04:38:23 rearm-rebom-backend-768fd58455-tmqdc   4m     61Mi     
04:38:23 rearm-rebom-backend-768fd58455-vkfb5   1m     62Mi     
04:38:23 rearm-rebom-postgres-0                 8m     159Mi    
04:38:23 rearm-ui-5c9b8ddf9d-krkqk              1m     2Mi      
04:38:23 testreg-66bb8f476c-wt2mf               1m     302Mi    
04:38:23 zottest-ff7cfd65c-xbgvk                957m   439Mi    
04:38:54 rearm-backend-6d79d5dcc8-rj9w4         20m     8098Mi   
04:38:54 rearm-keycloak-0                       2m      724Mi    
04:38:54 rearm-keycloak-postgres-0              1m      33Mi     
04:38:54 rearm-oci-artifact-5c8686f45c-mmxzz    3m      71Mi     
04:38:54 rearm-postgresql-0                     150m    289Mi    
04:38:54 rearm-rebom-backend-768fd58455-46nwc   1m      58Mi     
04:38:54 rearm-rebom-backend-768fd58455-dp9ps   1m      58Mi     
04:38:54 rearm-rebom-backend-768fd58455-tmqdc   5m      64Mi     
04:38:54 rearm-rebom-backend-768fd58455-vkfb5   0m      62Mi     
04:38:54 rearm-rebom-postgres-0                 7m      159Mi    
04:38:54 rearm-ui-5c9b8ddf9d-krkqk              1m      2Mi      
04:38:54 testreg-66bb8f476c-wt2mf               1m      302Mi    
04:38:54 zottest-ff7cfd65c-xbgvk                1024m   462Mi    
04:39:25 rearm-backend-6d79d5dcc8-rj9w4         28m     8098Mi   
04:39:25 rearm-keycloak-0                       2m      724Mi    
04:39:25 rearm-keycloak-postgres-0              1m      33Mi     
04:39:25 rearm-oci-artifact-5c8686f45c-mmxzz    3m      72Mi     
04:39:25 rearm-postgresql-0                     185m    289Mi    
04:39:25 rearm-rebom-backend-768fd58455-46nwc   1m      58Mi     
04:39:25 rearm-rebom-backend-768fd58455-dp9ps   0m      58Mi     
04:39:25 rearm-rebom-backend-768fd58455-tmqdc   8m      60Mi     
04:39:25 rearm-rebom-backend-768fd58455-vkfb5   1m      62Mi     
04:39:25 rearm-rebom-postgres-0                 8m      159Mi    
04:39:25 rearm-ui-5c9b8ddf9d-krkqk              1m      2Mi      
04:39:25 testreg-66bb8f476c-wt2mf               1m      302Mi    
04:39:25 zottest-ff7cfd65c-xbgvk                1012m   439Mi    
04:39:56 rearm-backend-6d79d5dcc8-rj9w4         20m     8098Mi   
04:39:56 rearm-keycloak-0                       2m      724Mi    
04:39:56 rearm-keycloak-postgres-0              1m      33Mi     
04:39:56 rearm-oci-artifact-5c8686f45c-mmxzz    3m      74Mi     
04:39:56 rearm-postgresql-0                     163m    289Mi    
04:39:56 rearm-rebom-backend-768fd58455-46nwc   0m      58Mi     
04:39:56 rearm-rebom-backend-768fd58455-dp9ps   0m      58Mi     
04:39:56 rearm-rebom-backend-768fd58455-tmqdc   4m      61Mi     
04:39:56 rearm-rebom-backend-768fd58455-vkfb5   0m      62Mi     
04:39:56 rearm-rebom-postgres-0                 7m      159Mi    
04:39:56 rearm-ui-5c9b8ddf9d-krkqk              1m      2Mi      
04:39:56 testreg-66bb8f476c-wt2mf               1m      302Mi    
04:39:56 zottest-ff7cfd65c-xbgvk                1019m   432Mi    
04:40:26 rearm-backend-6d79d5dcc8-rj9w4         27m     8098Mi   
04:40:26 rearm-keycloak-0                       2m      724Mi    
04:40:26 rearm-keycloak-postgres-0              1m      33Mi     
04:40:26 rearm-oci-artifact-5c8686f45c-mmxzz    3m      73Mi     
04:40:26 rearm-postgresql-0                     179m    289Mi    
04:40:26 rearm-rebom-backend-768fd58455-46nwc   1m      60Mi     
04:40:26 rearm-rebom-backend-768fd58455-dp9ps   1m      58Mi     
04:40:26 rearm-rebom-backend-768fd58455-tmqdc   3m      63Mi     
04:40:26 rearm-rebom-backend-768fd58455-vkfb5   0m      62Mi     
04:40:26 rearm-rebom-postgres-0                 7m      159Mi    
04:40:26 rearm-ui-5c9b8ddf9d-krkqk              1m      2Mi      
04:40:26 testreg-66bb8f476c-wt2mf               1m      302Mi    
04:40:26 zottest-ff7cfd65c-xbgvk                1002m   440Mi    
04:40:57 rearm-backend-6d79d5dcc8-rj9w4         22m     8098Mi   
04:40:57 rearm-keycloak-0                       2m      724Mi    
04:40:57 rearm-keycloak-postgres-0              1m      33Mi     
04:40:57 rearm-oci-artifact-5c8686f45c-mmxzz    3m      72Mi     
04:40:57 rearm-postgresql-0                     158m    289Mi    
04:40:57 rearm-rebom-backend-768fd58455-46nwc   4m      62Mi     
04:40:57 rearm-rebom-backend-768fd58455-dp9ps   1m      58Mi     
04:40:57 rearm-rebom-backend-768fd58455-tmqdc   1m      63Mi     
04:40:57 rearm-rebom-backend-768fd58455-vkfb5   1m      62Mi     
04:40:57 rearm-rebom-postgres-0                 8m      159Mi    
04:40:57 rearm-ui-5c9b8ddf9d-krkqk              1m      2Mi      
04:40:57 testreg-66bb8f476c-wt2mf               1m      302Mi    
04:40:57 zottest-ff7cfd65c-xbgvk                1009m   435Mi    
04:41:28 rearm-backend-6d79d5dcc8-rj9w4         27m     8098Mi   
04:41:28 rearm-keycloak-0                       2m      724Mi    
04:41:28 rearm-keycloak-postgres-0              1m      33Mi     
04:41:28 rearm-oci-artifact-5c8686f45c-mmxzz    3m      74Mi     
04:41:28 rearm-postgresql-0                     167m    289Mi    
04:41:28 rearm-rebom-backend-768fd58455-46nwc   7m      60Mi     
04:41:28 rearm-rebom-backend-768fd58455-dp9ps   0m      58Mi     
04:41:28 rearm-rebom-backend-768fd58455-tmqdc   1m      63Mi     
04:41:28 rearm-rebom-backend-768fd58455-vkfb5   0m      62Mi     
04:41:28 rearm-rebom-postgres-0                 9m      159Mi    
04:41:28 rearm-ui-5c9b8ddf9d-krkqk              1m      2Mi      
04:41:28 testreg-66bb8f476c-wt2mf               1m      302Mi    
04:41:28 zottest-ff7cfd65c-xbgvk                1000m   478Mi    
04:41:59 rearm-backend-6d79d5dcc8-rj9w4         21m     8098Mi   
04:41:59 rearm-keycloak-0                       2m      724Mi    
04:41:59 rearm-keycloak-postgres-0              1m      33Mi     
04:41:59 rearm-oci-artifact-5c8686f45c-mmxzz    3m      72Mi     
04:41:59 rearm-postgresql-0                     171m    289Mi    
04:41:59 rearm-rebom-backend-768fd58455-46nwc   4m      61Mi     
04:41:59 rearm-rebom-backend-768fd58455-dp9ps   1m      58Mi     
04:41:59 rearm-rebom-backend-768fd58455-tmqdc   1m      63Mi     
04:41:59 rearm-rebom-backend-768fd58455-vkfb5   0m      62Mi     
04:41:59 rearm-rebom-postgres-0                 8m      159Mi    
04:41:59 rearm-ui-5c9b8ddf9d-krkqk              1m      2Mi      
04:41:59 testreg-66bb8f476c-wt2mf               1m      302Mi    
04:41:59 zottest-ff7cfd65c-xbgvk                1015m   435Mi    
04:42:29 rearm-backend-6d79d5dcc8-rj9w4         28m     8098Mi   
04:42:29 rearm-keycloak-0                       2m      724Mi    
04:42:29 rearm-keycloak-postgres-0              1m      33Mi     
04:42:29 rearm-oci-artifact-5c8686f45c-mmxzz    3m      73Mi     
04:42:29 rearm-postgresql-0                     307m    287Mi    
04:42:29 rearm-rebom-backend-768fd58455-46nwc   11m     60Mi     
04:42:29 rearm-rebom-backend-768fd58455-dp9ps   1m      58Mi     
04:42:29 rearm-rebom-backend-768fd58455-tmqdc   0m      63Mi     
04:42:29 rearm-rebom-backend-768fd58455-vkfb5   1m      62Mi     
04:42:29 rearm-rebom-postgres-0                 7m      159Mi    
04:42:29 rearm-ui-5c9b8ddf9d-krkqk              1m      2Mi      
04:42:29 testreg-66bb8f476c-wt2mf               1m      302Mi    
04:42:29 zottest-ff7cfd65c-xbgvk                1004m   482Mi    
04:43:00 rearm-backend-6d79d5dcc8-rj9w4         21m     8098Mi   
04:43:00 rearm-keycloak-0                       2m      724Mi    
04:43:00 rearm-keycloak-postgres-0              1m      33Mi     
04:43:00 rearm-oci-artifact-5c8686f45c-mmxzz    3m      75Mi     
04:43:00 rearm-postgresql-0                     163m    277Mi    
04:43:00 rearm-rebom-backend-768fd58455-46nwc   4m      62Mi     
04:43:00 rearm-rebom-backend-768fd58455-dp9ps   0m      58Mi     
04:43:00 rearm-rebom-backend-768fd58455-tmqdc   0m      63Mi     
04:43:00 rearm-rebom-backend-768fd58455-vkfb5   0m      62Mi     
04:43:00 rearm-rebom-postgres-0                 7m      159Mi    
04:43:00 rearm-ui-5c9b8ddf9d-krkqk              1m      2Mi      
04:43:00 testreg-66bb8f476c-wt2mf               1m      302Mi    
04:43:00 zottest-ff7cfd65c-xbgvk                1018m   434Mi    
04:43:31 rearm-backend-6d79d5dcc8-rj9w4         25m     8098Mi   
04:43:31 rearm-keycloak-0                       2m      724Mi    
04:43:31 rearm-keycloak-postgres-0              1m      33Mi     
04:43:31 rearm-oci-artifact-5c8686f45c-mmxzz    3m      77Mi     
04:43:31 rearm-postgresql-0                     186m    277Mi    
04:43:31 rearm-rebom-backend-768fd58455-46nwc   4m      62Mi     
04:43:31 rearm-rebom-backend-768fd58455-dp9ps   1m      58Mi     
04:43:31 rearm-rebom-backend-768fd58455-tmqdc   1m      63Mi     
04:43:31 rearm-rebom-backend-768fd58455-vkfb5   1m      62Mi     
04:43:31 rearm-rebom-postgres-0                 8m      159Mi    
04:43:31 rearm-ui-5c9b8ddf9d-krkqk              1m      2Mi      
04:43:31 testreg-66bb8f476c-wt2mf               1m      302Mi    
04:43:31 zottest-ff7cfd65c-xbgvk                1010m   435Mi    
04:44:02 rearm-backend-6d79d5dcc8-rj9w4         20m     8098Mi   
04:44:02 rearm-keycloak-0                       2m      724Mi    
04:44:02 rearm-keycloak-postgres-0              1m      33Mi     
04:44:02 rearm-oci-artifact-5c8686f45c-mmxzz    3m      73Mi     
04:44:02 rearm-postgresql-0                     182m    278Mi    
04:44:02 rearm-rebom-backend-768fd58455-46nwc   7m      60Mi     
04:44:02 rearm-rebom-backend-768fd58455-dp9ps   1m      58Mi     
04:44:02 rearm-rebom-backend-768fd58455-tmqdc   1m      63Mi     
04:44:02 rearm-rebom-backend-768fd58455-vkfb5   0m      62Mi     
04:44:02 rearm-rebom-postgres-0                 7m      159Mi    
04:44:02 rearm-ui-5c9b8ddf9d-krkqk              1m      2Mi      
04:44:02 testreg-66bb8f476c-wt2mf               2m      302Mi    
04:44:02 zottest-ff7cfd65c-xbgvk                1008m   437Mi    
04:44:32 rearm-backend-6d79d5dcc8-rj9w4         49m     8098Mi   
04:44:32 rearm-keycloak-0                       2m      724Mi    
04:44:32 rearm-keycloak-postgres-0              1m      33Mi     
04:44:32 rearm-oci-artifact-5c8686f45c-mmxzz    3m      73Mi     
04:44:32 rearm-postgresql-0                     173m    267Mi    
04:44:32 rearm-rebom-backend-768fd58455-46nwc   4m      60Mi     
04:44:32 rearm-rebom-backend-768fd58455-dp9ps   0m      58Mi     
04:44:32 rearm-rebom-backend-768fd58455-tmqdc   1m      63Mi     
04:44:32 rearm-rebom-backend-768fd58455-vkfb5   1m      62Mi     
04:44:32 rearm-rebom-postgres-0                 8m      159Mi    
04:44:32 rearm-ui-5c9b8ddf9d-krkqk              1m      2Mi      
04:44:32 testreg-66bb8f476c-wt2mf               1m      302Mi    
04:44:32 zottest-ff7cfd65c-xbgvk                1007m   435Mi    
04:45:03 rearm-backend-6d79d5dcc8-rj9w4         19m     8098Mi   
04:45:03 rearm-keycloak-0                       2m      724Mi    
04:45:03 rearm-keycloak-postgres-0              1m      33Mi     
04:45:03 rearm-oci-artifact-5c8686f45c-mmxzz    3m      74Mi     
04:45:03 rearm-postgresql-0                     163m    267Mi    
04:45:03 rearm-rebom-backend-768fd58455-46nwc   5m      62Mi     
04:45:03 rearm-rebom-backend-768fd58455-dp9ps   0m      58Mi     
04:45:03 rearm-rebom-backend-768fd58455-tmqdc   1m      63Mi     
04:45:03 rearm-rebom-backend-768fd58455-vkfb5   0m      62Mi     
04:45:03 rearm-rebom-postgres-0                 8m      159Mi    
04:45:03 rearm-ui-5c9b8ddf9d-krkqk              1m      2Mi      
04:45:03 testreg-66bb8f476c-wt2mf               1m      302Mi    
04:45:03 zottest-ff7cfd65c-xbgvk                1008m   467Mi    
04:45:34 rearm-backend-6d79d5dcc8-rj9w4         31m     8098Mi   
04:45:34 rearm-keycloak-0                       2m      724Mi    
04:45:34 rearm-keycloak-postgres-0              1m      33Mi     
04:45:34 rearm-oci-artifact-5c8686f45c-mmxzz    3m      77Mi     
04:45:34 rearm-postgresql-0                     191m    269Mi    
04:45:34 rearm-rebom-backend-768fd58455-46nwc   3m      62Mi     
04:45:34 rearm-rebom-backend-768fd58455-dp9ps   0m      58Mi     
04:45:34 rearm-rebom-backend-768fd58455-tmqdc   0m      63Mi     
04:45:34 rearm-rebom-backend-768fd58455-vkfb5   1m      62Mi     
04:45:34 rearm-rebom-postgres-0                 8m      159Mi    
04:45:34 rearm-ui-5c9b8ddf9d-krkqk              1m      2Mi      
04:45:34 testreg-66bb8f476c-wt2mf               1m      302Mi    
04:45:34 zottest-ff7cfd65c-xbgvk                1017m   440Mi    
04:46:05 rearm-backend-6d79d5dcc8-rj9w4         22m     8098Mi   
04:46:05 rearm-keycloak-0                       2m      724Mi    
04:46:05 rearm-keycloak-postgres-0              1m      33Mi     
04:46:05 rearm-oci-artifact-5c8686f45c-mmxzz    3m      73Mi     
04:46:05 rearm-postgresql-0                     185m    267Mi    
04:46:05 rearm-rebom-backend-768fd58455-46nwc   0m      62Mi     
04:46:05 rearm-rebom-backend-768fd58455-dp9ps   0m      58Mi     
04:46:05 rearm-rebom-backend-768fd58455-tmqdc   0m      63Mi     
04:46:05 rearm-rebom-backend-768fd58455-vkfb5   5m      59Mi     
04:46:05 rearm-rebom-postgres-0                 8m      159Mi    
04:46:05 rearm-ui-5c9b8ddf9d-krkqk              1m      2Mi      
04:46:05 testreg-66bb8f476c-wt2mf               1m      302Mi    
04:46:05 zottest-ff7cfd65c-xbgvk                1004m   508Mi    
04:46:36 rearm-backend-6d79d5dcc8-rj9w4         19m     8098Mi   
04:46:36 rearm-keycloak-0                       2m      724Mi    
04:46:36 rearm-keycloak-postgres-0              1m      33Mi     
04:46:36 rearm-oci-artifact-5c8686f45c-mmxzz    3m      73Mi     
04:46:36 rearm-postgresql-0                     142m    270Mi    
04:46:36 rearm-rebom-backend-768fd58455-46nwc   0m      62Mi     
04:46:36 rearm-rebom-backend-768fd58455-dp9ps   0m      58Mi     
04:46:36 rearm-rebom-backend-768fd58455-tmqdc   1m      63Mi     
04:46:36 rearm-rebom-backend-768fd58455-vkfb5   4m      62Mi     
04:46:36 rearm-rebom-postgres-0                 8m      159Mi    
04:46:36 rearm-ui-5c9b8ddf9d-krkqk              1m      2Mi      
04:46:36 testreg-66bb8f476c-wt2mf               1m      302Mi    
04:46:36 zottest-ff7cfd65c-xbgvk                1031m   438Mi    
04:47:06 rearm-backend-6d79d5dcc8-rj9w4         26m    8098Mi   
04:47:06 rearm-keycloak-0                       2m     724Mi    
04:47:06 rearm-keycloak-postgres-0              1m     33Mi     
04:47:06 rearm-oci-artifact-5c8686f45c-mmxzz    3m     73Mi     
04:47:06 rearm-postgresql-0                     134m   267Mi    
04:47:06 rearm-rebom-backend-768fd58455-46nwc   0m     62Mi     
04:47:06 rearm-rebom-backend-768fd58455-dp9ps   0m     58Mi     
04:47:06 rearm-rebom-backend-768fd58455-tmqdc   0m     63Mi     
04:47:06 rearm-rebom-backend-768fd58455-vkfb5   4m     59Mi     
04:47:06 rearm-rebom-postgres-0                 7m     171Mi    
04:47:06 rearm-ui-5c9b8ddf9d-krkqk              1m     2Mi      
04:47:06 testreg-66bb8f476c-wt2mf               1m     102Mi    
04:47:06 zottest-ff7cfd65c-xbgvk                946m   436Mi    
04:47:37 rearm-backend-6d79d5dcc8-rj9w4         20m    8095Mi   
04:47:37 rearm-keycloak-0                       2m     724Mi    
04:47:37 rearm-keycloak-postgres-0              1m     33Mi     
04:47:37 rearm-oci-artifact-5c8686f45c-mmxzz    2m     74Mi     
04:47:37 rearm-postgresql-0                     138m   268Mi    
04:47:37 rearm-rebom-backend-768fd58455-46nwc   1m     62Mi     
04:47:37 rearm-rebom-backend-768fd58455-dp9ps   1m     58Mi     
04:47:37 rearm-rebom-backend-768fd58455-tmqdc   0m     63Mi     
04:47:37 rearm-rebom-backend-768fd58455-vkfb5   4m     62Mi     
04:47:37 rearm-rebom-postgres-0                 7m     150Mi    
04:47:37 rearm-ui-5c9b8ddf9d-krkqk              1m     2Mi      
04:47:37 testreg-66bb8f476c-wt2mf               1m     49Mi     
04:47:37 zottest-ff7cfd65c-xbgvk                956m   258Mi    
04:48:08 rearm-backend-6d79d5dcc8-rj9w4         74m    7553Mi   
04:48:08 rearm-keycloak-0                       2m     724Mi    
04:48:08 rearm-keycloak-postgres-0              1m     33Mi     
04:48:08 rearm-oci-artifact-5c8686f45c-mmxzz    5m     72Mi     
04:48:08 rearm-postgresql-0                     186m   266Mi    
04:48:08 rearm-rebom-backend-768fd58455-46nwc   1m     62Mi     
04:48:08 rearm-rebom-backend-768fd58455-dp9ps   0m     58Mi     
04:48:08 rearm-rebom-backend-768fd58455-tmqdc   1m     63Mi     
04:48:08 rearm-rebom-backend-768fd58455-vkfb5   5m     62Mi     
04:48:08 rearm-rebom-postgres-0                 8m     150Mi    
04:48:08 rearm-ui-5c9b8ddf9d-krkqk              1m     2Mi      
04:48:08 testreg-66bb8f476c-wt2mf               1m     49Mi     
04:48:08 zottest-ff7cfd65c-xbgvk                962m   269Mi    
04:48:39 rearm-backend-6d79d5dcc8-rj9w4         24m     7192Mi   
04:48:39 rearm-keycloak-0                       2m      724Mi    
04:48:39 rearm-keycloak-postgres-0              1m      33Mi     
04:48:39 rearm-oci-artifact-5c8686f45c-mmxzz    3m      74Mi     
04:48:39 rearm-postgresql-0                     166m    269Mi    
04:48:39 rearm-rebom-backend-768fd58455-46nwc   1m      62Mi     
04:48:39 rearm-rebom-backend-768fd58455-dp9ps   1m      58Mi     
04:48:39 rearm-rebom-backend-768fd58455-tmqdc   1m      63Mi     
04:48:39 rearm-rebom-backend-768fd58455-vkfb5   8m      60Mi     
04:48:39 rearm-rebom-postgres-0                 8m      150Mi    
04:48:39 rearm-ui-5c9b8ddf9d-krkqk              1m      2Mi      
04:48:39 testreg-66bb8f476c-wt2mf               1m      49Mi     
04:48:39 zottest-ff7cfd65c-xbgvk                1006m   323Mi    
04:49:09 rearm-backend-6d79d5dcc8-rj9w4         24m    6559Mi   
04:49:09 rearm-keycloak-0                       2m     724Mi    
04:49:09 rearm-keycloak-postgres-0              1m     33Mi     
04:49:09 rearm-oci-artifact-5c8686f45c-mmxzz    3m     77Mi     
04:49:09 rearm-postgresql-0                     160m   269Mi    
04:49:09 rearm-rebom-backend-768fd58455-46nwc   0m     62Mi     
04:49:09 rearm-rebom-backend-768fd58455-dp9ps   0m     58Mi     
04:49:09 rearm-rebom-backend-768fd58455-tmqdc   1m     63Mi     
04:49:09 rearm-rebom-backend-768fd58455-vkfb5   4m     63Mi     
04:49:09 rearm-rebom-postgres-0                 7m     150Mi    
04:49:09 rearm-ui-5c9b8ddf9d-krkqk              1m     2Mi      
04:49:09 testreg-66bb8f476c-wt2mf               1m     49Mi     
04:49:09 zottest-ff7cfd65c-xbgvk                988m   261Mi    
04:49:40 rearm-backend-6d79d5dcc8-rj9w4         23m    6198Mi   
04:49:40 rearm-keycloak-0                       2m     724Mi    
04:49:40 rearm-keycloak-postgres-0              1m     33Mi     
04:49:40 rearm-oci-artifact-5c8686f45c-mmxzz    3m     73Mi     
04:49:40 rearm-postgresql-0                     146m   270Mi    
04:49:40 rearm-rebom-backend-768fd58455-46nwc   1m     62Mi     
04:49:40 rearm-rebom-backend-768fd58455-dp9ps   0m     58Mi     
04:49:40 rearm-rebom-backend-768fd58455-tmqdc   0m     63Mi     
04:49:40 rearm-rebom-backend-768fd58455-vkfb5   7m     60Mi     
04:49:40 rearm-rebom-postgres-0                 8m     150Mi    
04:49:40 rearm-ui-5c9b8ddf9d-krkqk              1m     2Mi      
04:49:40 testreg-66bb8f476c-wt2mf               1m     49Mi     
04:49:40 zottest-ff7cfd65c-xbgvk                997m   258Mi    
04:50:11 rearm-backend-6d79d5dcc8-rj9w4         50m    5474Mi   
04:50:11 rearm-keycloak-0                       2m     724Mi    
04:50:11 rearm-keycloak-postgres-0              1m     33Mi     
04:50:11 rearm-oci-artifact-5c8686f45c-mmxzz    2m     74Mi     
04:50:11 rearm-postgresql-0                     171m   270Mi    
04:50:11 rearm-rebom-backend-768fd58455-46nwc   0m     62Mi     
04:50:11 rearm-rebom-backend-768fd58455-dp9ps   1m     58Mi     
04:50:11 rearm-rebom-backend-768fd58455-tmqdc   1m     63Mi     
04:50:11 rearm-rebom-backend-768fd58455-vkfb5   4m     62Mi     
04:50:11 rearm-rebom-postgres-0                 8m     154Mi    
04:50:11 rearm-ui-5c9b8ddf9d-krkqk              1m     2Mi      
04:50:11 testreg-66bb8f476c-wt2mf               1m     49Mi     
04:50:11 zottest-ff7cfd65c-xbgvk                989m   297Mi    
04:50:42 rearm-backend-6d79d5dcc8-rj9w4         25m     5023Mi   
04:50:42 rearm-keycloak-0                       2m      724Mi    
04:50:42 rearm-keycloak-postgres-0              1m      33Mi     
04:50:42 rearm-oci-artifact-5c8686f45c-mmxzz    2m      73Mi     
04:50:42 rearm-postgresql-0                     148m    270Mi    
04:50:42 rearm-rebom-backend-768fd58455-46nwc   1m      62Mi     
04:50:42 rearm-rebom-backend-768fd58455-dp9ps   1m      58Mi     
04:50:42 rearm-rebom-backend-768fd58455-tmqdc   1m      63Mi     
04:50:42 rearm-rebom-backend-768fd58455-vkfb5   4m      61Mi     
04:50:42 rearm-rebom-postgres-0                 7m      150Mi    
04:50:42 rearm-ui-5c9b8ddf9d-krkqk              1m      2Mi      
04:50:42 testreg-66bb8f476c-wt2mf               1m      49Mi     
04:50:42 zottest-ff7cfd65c-xbgvk                1006m   264Mi    
04:51:12 rearm-backend-6d79d5dcc8-rj9w4         22m    4613Mi   
04:51:12 rearm-keycloak-0                       2m     724Mi    
04:51:12 rearm-keycloak-postgres-0              1m     33Mi     
04:51:12 rearm-oci-artifact-5c8686f45c-mmxzz    3m     74Mi     
04:51:12 rearm-postgresql-0                     187m   270Mi    
04:51:12 rearm-rebom-backend-768fd58455-46nwc   1m     62Mi     
04:51:12 rearm-rebom-backend-768fd58455-dp9ps   0m     58Mi     
04:51:12 rearm-rebom-backend-768fd58455-tmqdc   1m     63Mi     
04:51:12 rearm-rebom-backend-768fd58455-vkfb5   7m     59Mi     
04:51:12 rearm-rebom-postgres-0                 7m     150Mi    
04:51:12 rearm-ui-5c9b8ddf9d-krkqk              1m     2Mi      
04:51:12 testreg-66bb8f476c-wt2mf               1m     49Mi     
04:51:12 zottest-ff7cfd65c-xbgvk                984m   302Mi    
04:51:43 rearm-backend-6d79d5dcc8-rj9w4         21m    4613Mi   
04:51:43 rearm-keycloak-0                       2m     724Mi    
04:51:43 rearm-keycloak-postgres-0              1m     33Mi     
04:51:43 rearm-oci-artifact-5c8686f45c-mmxzz    2m     74Mi     
04:51:43 rearm-postgresql-0                     155m   270Mi    
04:51:43 rearm-rebom-backend-768fd58455-46nwc   0m     62Mi     
04:51:43 rearm-rebom-backend-768fd58455-dp9ps   0m     58Mi     
04:51:43 rearm-rebom-backend-768fd58455-tmqdc   0m     63Mi     
04:51:43 rearm-rebom-backend-768fd58455-vkfb5   5m     60Mi     
04:51:43 rearm-rebom-postgres-0                 7m     150Mi    
04:51:43 rearm-ui-5c9b8ddf9d-krkqk              1m     2Mi      
04:51:43 testreg-66bb8f476c-wt2mf               1m     49Mi     
04:51:43 zottest-ff7cfd65c-xbgvk                997m   300Mi    
04:52:14 rearm-backend-6d79d5dcc8-rj9w4         18m    4613Mi   
04:52:14 rearm-keycloak-0                       2m     724Mi    
04:52:14 rearm-keycloak-postgres-0              1m     33Mi     
04:52:14 rearm-oci-artifact-5c8686f45c-mmxzz    3m     73Mi     
04:52:14 rearm-postgresql-0                     148m   270Mi    
04:52:14 rearm-rebom-backend-768fd58455-46nwc   1m     62Mi     
04:52:14 rearm-rebom-backend-768fd58455-dp9ps   1m     58Mi     
04:52:14 rearm-rebom-backend-768fd58455-tmqdc   0m     63Mi     
04:52:14 rearm-rebom-backend-768fd58455-vkfb5   5m     62Mi     
04:52:14 rearm-rebom-postgres-0                 8m     150Mi    
04:52:14 rearm-ui-5c9b8ddf9d-krkqk              1m     2Mi      
04:52:14 testreg-66bb8f476c-wt2mf               1m     49Mi     
04:52:14 zottest-ff7cfd65c-xbgvk                986m   323Mi    
04:52:45 rearm-backend-6d79d5dcc8-rj9w4         19m    4613Mi   
04:52:45 rearm-keycloak-0                       2m     724Mi    
04:52:45 rearm-keycloak-postgres-0              1m     33Mi     
04:52:45 rearm-oci-artifact-5c8686f45c-mmxzz    3m     74Mi     
04:52:45 rearm-postgresql-0                     160m   267Mi    
04:52:45 rearm-rebom-backend-768fd58455-46nwc   0m     62Mi     
04:52:45 rearm-rebom-backend-768fd58455-dp9ps   0m     58Mi     
04:52:45 rearm-rebom-backend-768fd58455-tmqdc   0m     63Mi     
04:52:45 rearm-rebom-backend-768fd58455-vkfb5   7m     60Mi     
04:52:45 rearm-rebom-postgres-0                 8m     150Mi    
04:52:45 rearm-ui-5c9b8ddf9d-krkqk              1m     2Mi      
04:52:45 testreg-66bb8f476c-wt2mf               1m     49Mi     
04:52:45 zottest-ff7cfd65c-xbgvk                994m   305Mi    
04:53:15 rearm-backend-6d79d5dcc8-rj9w4         20m    4613Mi   
04:53:15 rearm-keycloak-0                       2m     724Mi    
04:53:15 rearm-keycloak-postgres-0              1m     33Mi     
04:53:15 rearm-oci-artifact-5c8686f45c-mmxzz    3m     74Mi     
04:53:15 rearm-postgresql-0                     182m   264Mi    
04:53:15 rearm-rebom-backend-768fd58455-46nwc   1m     62Mi     
04:53:15 rearm-rebom-backend-768fd58455-dp9ps   1m     58Mi     
04:53:15 rearm-rebom-backend-768fd58455-tmqdc   1m     63Mi     
04:53:15 rearm-rebom-backend-768fd58455-vkfb5   4m     61Mi     
04:53:15 rearm-rebom-postgres-0                 7m     150Mi    
04:53:15 rearm-ui-5c9b8ddf9d-krkqk              1m     2Mi      
04:53:15 testreg-66bb8f476c-wt2mf               1m     49Mi     
04:53:15 zottest-ff7cfd65c-xbgvk                997m   336Mi    
04:53:46 rearm-backend-6d79d5dcc8-rj9w4         69m    4613Mi   
04:53:46 rearm-keycloak-0                       2m     724Mi    
04:53:46 rearm-keycloak-postgres-0              1m     33Mi     
04:53:46 rearm-oci-artifact-5c8686f45c-mmxzz    4m     73Mi     
04:53:46 rearm-postgresql-0                     218m   267Mi    
04:53:46 rearm-rebom-backend-768fd58455-46nwc   1m     62Mi     
04:53:46 rearm-rebom-backend-768fd58455-dp9ps   1m     58Mi     
04:53:46 rearm-rebom-backend-768fd58455-tmqdc   1m     63Mi     
04:53:46 rearm-rebom-backend-768fd58455-vkfb5   8m     63Mi     
04:53:46 rearm-rebom-postgres-0                 19m    150Mi    
04:53:46 rearm-ui-5c9b8ddf9d-krkqk              1m     2Mi      
04:53:46 testreg-66bb8f476c-wt2mf               1m     49Mi     
04:53:46 zottest-ff7cfd65c-xbgvk                929m   318Mi    
04:54:17 rearm-backend-6d79d5dcc8-rj9w4         26m     4613Mi   
04:54:17 rearm-keycloak-0                       2m      724Mi    
04:54:17 rearm-keycloak-postgres-0              1m      33Mi     
04:54:17 rearm-oci-artifact-5c8686f45c-mmxzz    3m      74Mi     
04:54:17 rearm-postgresql-0                     190m    267Mi    
04:54:17 rearm-rebom-backend-768fd58455-46nwc   1m      62Mi     
04:54:17 rearm-rebom-backend-768fd58455-dp9ps   0m      58Mi     
04:54:17 rearm-rebom-backend-768fd58455-tmqdc   1m      63Mi     
04:54:17 rearm-rebom-backend-768fd58455-vkfb5   4m      60Mi     
04:54:17 rearm-rebom-postgres-0                 7m      150Mi    
04:54:17 rearm-ui-5c9b8ddf9d-krkqk              1m      2Mi      
04:54:17 testreg-66bb8f476c-wt2mf               1m      49Mi     
04:54:17 zottest-ff7cfd65c-xbgvk                1000m   253Mi    
04:54:48 rearm-backend-6d79d5dcc8-rj9w4         20m     4613Mi   
04:54:48 rearm-keycloak-0                       2m      724Mi    
04:54:48 rearm-keycloak-postgres-0              1m      33Mi     
04:54:48 rearm-oci-artifact-5c8686f45c-mmxzz    3m      73Mi     
04:54:48 rearm-postgresql-0                     158m    266Mi    
04:54:48 rearm-rebom-backend-768fd58455-46nwc   0m      62Mi     
04:54:48 rearm-rebom-backend-768fd58455-dp9ps   1m      58Mi     
04:54:48 rearm-rebom-backend-768fd58455-tmqdc   0m      63Mi     
04:54:48 rearm-rebom-backend-768fd58455-vkfb5   4m      61Mi     
04:54:48 rearm-rebom-postgres-0                 7m      150Mi    
04:54:48 rearm-ui-5c9b8ddf9d-krkqk              1m      2Mi      
04:54:48 testreg-66bb8f476c-wt2mf               1m      49Mi     
04:54:48 zottest-ff7cfd65c-xbgvk                1004m   257Mi    
04:55:18 rearm-backend-6d79d5dcc8-rj9w4         20m    4613Mi   
04:55:18 rearm-keycloak-0                       2m     724Mi    
04:55:18 rearm-keycloak-postgres-0              1m     33Mi     
04:55:18 rearm-oci-artifact-5c8686f45c-mmxzz    3m     76Mi     
04:55:18 rearm-postgresql-0                     189m   264Mi    
04:55:18 rearm-rebom-backend-768fd58455-46nwc   1m     62Mi     
04:55:18 rearm-rebom-backend-768fd58455-dp9ps   0m     58Mi     
04:55:18 rearm-rebom-backend-768fd58455-tmqdc   0m     63Mi     
04:55:18 rearm-rebom-backend-768fd58455-vkfb5   4m     62Mi     
04:55:18 rearm-rebom-postgres-0                 7m     150Mi    
04:55:18 rearm-ui-5c9b8ddf9d-krkqk              1m     2Mi      
04:55:18 testreg-66bb8f476c-wt2mf               1m     49Mi     
04:55:18 zottest-ff7cfd65c-xbgvk                989m   256Mi    
04:55:49 rearm-backend-6d79d5dcc8-rj9w4         20m    4613Mi   
04:55:49 rearm-keycloak-0                       2m     724Mi    
04:55:49 rearm-keycloak-postgres-0              1m     33Mi     
04:55:49 rearm-oci-artifact-5c8686f45c-mmxzz    3m     75Mi     
04:55:49 rearm-postgresql-0                     188m   270Mi    
04:55:49 rearm-rebom-backend-768fd58455-46nwc   0m     62Mi     
04:55:49 rearm-rebom-backend-768fd58455-dp9ps   0m     58Mi     
04:55:49 rearm-rebom-backend-768fd58455-tmqdc   0m     63Mi     
04:55:49 rearm-rebom-backend-768fd58455-vkfb5   8m     61Mi     
04:55:49 rearm-rebom-postgres-0                 8m     150Mi    
04:55:49 rearm-ui-5c9b8ddf9d-krkqk              1m     2Mi      
04:55:49 testreg-66bb8f476c-wt2mf               1m     49Mi     
04:55:49 zottest-ff7cfd65c-xbgvk                984m   292Mi    
04:56:20 rearm-backend-6d79d5dcc8-rj9w4         28m    4432Mi   
04:56:20 rearm-keycloak-0                       2m     724Mi    
04:56:20 rearm-keycloak-postgres-0              1m     33Mi     
04:56:20 rearm-oci-artifact-5c8686f45c-mmxzz    3m     74Mi     
04:56:20 rearm-postgresql-0                     183m   265Mi    
04:56:20 rearm-rebom-backend-768fd58455-46nwc   0m     62Mi     
04:56:20 rearm-rebom-backend-768fd58455-dp9ps   0m     58Mi     
04:56:20 rearm-rebom-backend-768fd58455-tmqdc   1m     63Mi     
04:56:20 rearm-rebom-backend-768fd58455-vkfb5   5m     62Mi     
04:56:20 rearm-rebom-postgres-0                 8m     150Mi    
04:56:20 rearm-ui-5c9b8ddf9d-krkqk              1m     2Mi      
04:56:20 testreg-66bb8f476c-wt2mf               1m     49Mi     
04:56:20 zottest-ff7cfd65c-xbgvk                999m   276Mi    
04:56:51 rearm-backend-6d79d5dcc8-rj9w4         22m    4071Mi   
04:56:51 rearm-keycloak-0                       2m     724Mi    
04:56:51 rearm-keycloak-postgres-0              1m     33Mi     
04:56:51 rearm-oci-artifact-5c8686f45c-mmxzz    3m     75Mi     
04:56:51 rearm-postgresql-0                     146m   267Mi    
04:56:51 rearm-rebom-backend-768fd58455-46nwc   1m     62Mi     
04:56:51 rearm-rebom-backend-768fd58455-dp9ps   1m     58Mi     
04:56:51 rearm-rebom-backend-768fd58455-tmqdc   1m     63Mi     
04:56:51 rearm-rebom-backend-768fd58455-vkfb5   7m     60Mi     
04:56:51 rearm-rebom-postgres-0                 6m     150Mi    
04:56:51 rearm-ui-5c9b8ddf9d-krkqk              1m     2Mi      
04:56:51 testreg-66bb8f476c-wt2mf               1m     49Mi     
04:56:51 zottest-ff7cfd65c-xbgvk                989m   257Mi    
04:57:21 rearm-backend-6d79d5dcc8-rj9w4         328m   4317Mi   
04:57:21 rearm-keycloak-0                       2m     724Mi    
04:57:21 rearm-keycloak-postgres-0              1m     33Mi     
04:57:21 rearm-oci-artifact-5c8686f45c-mmxzz    3m     73Mi     
04:57:21 rearm-postgresql-0                     628m   287Mi    
04:57:21 rearm-rebom-backend-768fd58455-46nwc   1m     62Mi     
04:57:21 rearm-rebom-backend-768fd58455-dp9ps   0m     58Mi     
04:57:21 rearm-rebom-backend-768fd58455-tmqdc   0m     63Mi     
04:57:21 rearm-rebom-backend-768fd58455-vkfb5   4m     61Mi     
04:57:21 rearm-rebom-postgres-0                 8m     150Mi    
04:57:21 rearm-ui-5c9b8ddf9d-krkqk              1m     2Mi      
04:57:21 testreg-66bb8f476c-wt2mf               1m     49Mi     
04:57:21 zottest-ff7cfd65c-xbgvk                921m   303Mi    
04:57:52 rearm-backend-6d79d5dcc8-rj9w4         958m   7819Mi   
04:57:52 rearm-keycloak-0                       2m     724Mi    
04:57:52 rearm-keycloak-postgres-0              1m     33Mi     
04:57:52 rearm-oci-artifact-5c8686f45c-mmxzz    3m     73Mi     
04:57:52 rearm-postgresql-0                     694m   289Mi    
04:57:52 rearm-rebom-backend-768fd58455-46nwc   0m     62Mi     
04:57:52 rearm-rebom-backend-768fd58455-dp9ps   1m     58Mi     
04:57:52 rearm-rebom-backend-768fd58455-tmqdc   1m     63Mi     
04:57:52 rearm-rebom-backend-768fd58455-vkfb5   4m     63Mi     
04:57:52 rearm-rebom-postgres-0                 7m     150Mi    
04:57:52 rearm-ui-5c9b8ddf9d-krkqk              1m     2Mi      
04:57:52 testreg-66bb8f476c-wt2mf               1m     49Mi     
04:57:52 zottest-ff7cfd65c-xbgvk                907m   322Mi    
04:58:23 rearm-backend-6d79d5dcc8-rj9w4         49m    7819Mi   
04:58:23 rearm-keycloak-0                       2m     724Mi    
04:58:23 rearm-keycloak-postgres-0              1m     33Mi     
04:58:23 rearm-oci-artifact-5c8686f45c-mmxzz    3m     74Mi     
04:58:23 rearm-postgresql-0                     225m   289Mi    
04:58:23 rearm-rebom-backend-768fd58455-46nwc   1m     62Mi     
04:58:23 rearm-rebom-backend-768fd58455-dp9ps   1m     58Mi     
04:58:23 rearm-rebom-backend-768fd58455-tmqdc   1m     63Mi     
04:58:23 rearm-rebom-backend-768fd58455-vkfb5   4m     64Mi     
04:58:23 rearm-rebom-postgres-0                 9m     150Mi    
04:58:23 rearm-ui-5c9b8ddf9d-krkqk              1m     2Mi      
04:58:23 testreg-66bb8f476c-wt2mf               1m     49Mi     
04:58:23 zottest-ff7cfd65c-xbgvk                954m   259Mi    
04:58:54 rearm-backend-6d79d5dcc8-rj9w4         22m    7819Mi   
04:58:54 rearm-keycloak-0                       2m     724Mi    
04:58:54 rearm-keycloak-postgres-0              1m     33Mi     
04:58:54 rearm-oci-artifact-5c8686f45c-mmxzz    3m     72Mi     
04:58:54 rearm-postgresql-0                     158m   289Mi    
04:58:54 rearm-rebom-backend-768fd58455-46nwc   1m     62Mi     
04:58:54 rearm-rebom-backend-768fd58455-dp9ps   0m     58Mi     
04:58:54 rearm-rebom-backend-768fd58455-tmqdc   0m     63Mi     
04:58:54 rearm-rebom-backend-768fd58455-vkfb5   4m     60Mi     
04:58:54 rearm-rebom-postgres-0                 7m     150Mi    
04:58:54 rearm-ui-5c9b8ddf9d-krkqk              1m     2Mi      
04:58:54 testreg-66bb8f476c-wt2mf               1m     49Mi     
04:58:54 zottest-ff7cfd65c-xbgvk                985m   261Mi    
04:59:25 rearm-backend-6d79d5dcc8-rj9w4         57m    7819Mi   
04:59:25 rearm-keycloak-0                       2m     724Mi    
04:59:25 rearm-keycloak-postgres-0              1m     33Mi     
04:59:25 rearm-oci-artifact-5c8686f45c-mmxzz    5m     73Mi     
04:59:25 rearm-postgresql-0                     159m   284Mi    
04:59:25 rearm-rebom-backend-768fd58455-46nwc   0m     62Mi     
04:59:25 rearm-rebom-backend-768fd58455-dp9ps   1m     58Mi     
04:59:25 rearm-rebom-backend-768fd58455-tmqdc   0m     63Mi     
04:59:25 rearm-rebom-backend-768fd58455-vkfb5   7m     63Mi     
04:59:25 rearm-rebom-postgres-0                 19m    150Mi    
04:59:25 rearm-ui-5c9b8ddf9d-krkqk              1m     2Mi      
04:59:25 testreg-66bb8f476c-wt2mf               1m     49Mi     
04:59:25 zottest-ff7cfd65c-xbgvk                938m   296Mi    
04:59:55 rearm-backend-6d79d5dcc8-rj9w4         20m    7818Mi   
04:59:55 rearm-keycloak-0                       2m     724Mi    
04:59:55 rearm-keycloak-postgres-0              1m     33Mi     
04:59:55 rearm-oci-artifact-5c8686f45c-mmxzz    3m     74Mi     
04:59:55 rearm-postgresql-0                     187m   284Mi    
04:59:55 rearm-rebom-backend-768fd58455-46nwc   1m     62Mi     
04:59:55 rearm-rebom-backend-768fd58455-dp9ps   1m     58Mi     
04:59:55 rearm-rebom-backend-768fd58455-tmqdc   1m     63Mi     
04:59:55 rearm-rebom-backend-768fd58455-vkfb5   4m     63Mi     
04:59:55 rearm-rebom-postgres-0                 7m     150Mi    
04:59:55 rearm-ui-5c9b8ddf9d-krkqk              1m     2Mi      
04:59:55 testreg-66bb8f476c-wt2mf               1m     49Mi     
04:59:55 zottest-ff7cfd65c-xbgvk                990m   260Mi    
05:00:26 rearm-backend-6d79d5dcc8-rj9w4         27m    7818Mi   
05:00:26 rearm-keycloak-0                       2m     724Mi    
05:00:26 rearm-keycloak-postgres-0              1m     33Mi     
05:00:26 rearm-oci-artifact-5c8686f45c-mmxzz    3m     73Mi     
05:00:26 rearm-postgresql-0                     179m   284Mi    
05:00:26 rearm-rebom-backend-768fd58455-46nwc   1m     62Mi     
05:00:26 rearm-rebom-backend-768fd58455-dp9ps   1m     58Mi     
05:00:26 rearm-rebom-backend-768fd58455-tmqdc   0m     63Mi     
05:00:26 rearm-rebom-backend-768fd58455-vkfb5   3m     60Mi     
05:00:26 rearm-rebom-postgres-0                 7m     150Mi    
05:00:26 rearm-ui-5c9b8ddf9d-krkqk              1m     2Mi      
05:00:26 testreg-66bb8f476c-wt2mf               1m     49Mi     
05:00:26 zottest-ff7cfd65c-xbgvk                983m   308Mi    
05:00:57 rearm-backend-6d79d5dcc8-rj9w4         21m    7818Mi   
05:00:57 rearm-keycloak-0                       2m     724Mi    
05:00:57 rearm-keycloak-postgres-0              1m     33Mi     
05:00:57 rearm-oci-artifact-5c8686f45c-mmxzz    3m     73Mi     
05:00:57 rearm-postgresql-0                     177m   280Mi    
05:00:57 rearm-rebom-backend-768fd58455-46nwc   4m     61Mi     
05:00:57 rearm-rebom-backend-768fd58455-dp9ps   1m     58Mi     
05:00:57 rearm-rebom-backend-768fd58455-tmqdc   0m     63Mi     
05:00:57 rearm-rebom-backend-768fd58455-vkfb5   1m     60Mi     
05:00:57 rearm-rebom-postgres-0                 7m     150Mi    
05:00:57 rearm-ui-5c9b8ddf9d-krkqk              1m     2Mi      
05:00:57 testreg-66bb8f476c-wt2mf               1m     49Mi     
05:00:57 zottest-ff7cfd65c-xbgvk                983m   255Mi    
05:01:28 rearm-backend-6d79d5dcc8-rj9w4         19m    7818Mi   
05:01:28 rearm-keycloak-0                       2m     724Mi    
05:01:28 rearm-keycloak-postgres-0              1m     33Mi     
05:01:28 rearm-oci-artifact-5c8686f45c-mmxzz    3m     74Mi     
05:01:28 rearm-postgresql-0                     175m   282Mi    
05:01:28 rearm-rebom-backend-768fd58455-46nwc   6m     60Mi     
05:01:28 rearm-rebom-backend-768fd58455-dp9ps   1m     58Mi     
05:01:28 rearm-rebom-backend-768fd58455-tmqdc   1m     63Mi     
05:01:28 rearm-rebom-backend-768fd58455-vkfb5   1m     60Mi     
05:01:28 rearm-rebom-postgres-0                 8m     150Mi    
05:01:28 rearm-ui-5c9b8ddf9d-krkqk              1m     2Mi      
05:01:28 testreg-66bb8f476c-wt2mf               1m     49Mi     
05:01:28 zottest-ff7cfd65c-xbgvk                990m   304Mi    
05:01:58 rearm-backend-6d79d5dcc8-rj9w4         22m    7818Mi   
05:01:58 rearm-keycloak-0                       2m     724Mi    
05:01:58 rearm-keycloak-postgres-0              1m     33Mi     
05:01:58 rearm-oci-artifact-5c8686f45c-mmxzz    3m     75Mi     
05:01:58 rearm-postgresql-0                     154m   281Mi    
05:01:58 rearm-rebom-backend-768fd58455-46nwc   4m     61Mi     
05:01:58 rearm-rebom-backend-768fd58455-dp9ps   0m     58Mi     
05:01:58 rearm-rebom-backend-768fd58455-tmqdc   0m     63Mi     
05:01:58 rearm-rebom-backend-768fd58455-vkfb5   0m     60Mi     
05:01:58 rearm-rebom-postgres-0                 8m     150Mi    
05:01:58 rearm-ui-5c9b8ddf9d-krkqk              1m     2Mi      
05:01:58 testreg-66bb8f476c-wt2mf               1m     49Mi     
05:01:58 zottest-ff7cfd65c-xbgvk                977m   261Mi    
05:02:29 rearm-backend-6d79d5dcc8-rj9w4         25m    7818Mi   
05:02:29 rearm-keycloak-0                       2m     724Mi    
05:02:29 rearm-keycloak-postgres-0              1m     33Mi     
05:02:29 rearm-oci-artifact-5c8686f45c-mmxzz    3m     74Mi     
05:02:29 rearm-postgresql-0                     195m   274Mi    
05:02:29 rearm-rebom-backend-768fd58455-46nwc   5m     63Mi     
05:02:29 rearm-rebom-backend-768fd58455-dp9ps   1m     58Mi     
05:02:29 rearm-rebom-backend-768fd58455-tmqdc   0m     63Mi     
05:02:29 rearm-rebom-backend-768fd58455-vkfb5   0m     60Mi     
05:02:29 rearm-rebom-postgres-0                 7m     150Mi    
05:02:29 rearm-ui-5c9b8ddf9d-krkqk              1m     2Mi      
05:02:29 testreg-66bb8f476c-wt2mf               1m     49Mi     
05:02:29 zottest-ff7cfd65c-xbgvk                990m   258Mi    
05:03:00 rearm-backend-6d79d5dcc8-rj9w4         19m    7818Mi   
05:03:00 rearm-keycloak-0                       2m     724Mi    
05:03:00 rearm-keycloak-postgres-0              1m     33Mi     
05:03:00 rearm-oci-artifact-5c8686f45c-mmxzz    3m     75Mi     
05:03:00 rearm-postgresql-0                     196m   268Mi    
05:03:00 rearm-rebom-backend-768fd58455-46nwc   7m     60Mi     
05:03:00 rearm-rebom-backend-768fd58455-dp9ps   1m     58Mi     
05:03:00 rearm-rebom-backend-768fd58455-tmqdc   1m     63Mi     
05:03:00 rearm-rebom-backend-768fd58455-vkfb5   1m     60Mi     
05:03:00 rearm-rebom-postgres-0                 7m     150Mi    
05:03:00 rearm-ui-5c9b8ddf9d-krkqk              1m     2Mi      
05:03:00 testreg-66bb8f476c-wt2mf               1m     49Mi     
05:03:00 zottest-ff7cfd65c-xbgvk                995m   259Mi    
05:03:31 rearm-backend-6d79d5dcc8-rj9w4         27m    7818Mi   
05:03:31 rearm-keycloak-0                       2m     724Mi    
05:03:31 rearm-keycloak-postgres-0              1m     33Mi     
05:03:31 rearm-oci-artifact-5c8686f45c-mmxzz    3m     77Mi     
05:03:31 rearm-postgresql-0                     213m   270Mi    
05:03:31 rearm-rebom-backend-768fd58455-46nwc   4m     61Mi     
05:03:31 rearm-rebom-backend-768fd58455-dp9ps   0m     58Mi     
05:03:31 rearm-rebom-backend-768fd58455-tmqdc   1m     63Mi     
05:03:31 rearm-rebom-backend-768fd58455-vkfb5   0m     60Mi     
05:03:31 rearm-rebom-postgres-0                 8m     150Mi    
05:03:31 rearm-ui-5c9b8ddf9d-krkqk              1m     2Mi      
05:03:31 testreg-66bb8f476c-wt2mf               1m     49Mi     
05:03:31 zottest-ff7cfd65c-xbgvk                972m   264Mi    
05:04:01 rearm-backend-6d79d5dcc8-rj9w4         19m    7818Mi   
05:04:01 rearm-keycloak-0                       2m     724Mi    
05:04:01 rearm-keycloak-postgres-0              1m     33Mi     
05:04:01 rearm-oci-artifact-5c8686f45c-mmxzz    3m     73Mi     
05:04:01 rearm-postgresql-0                     186m   266Mi    
05:04:01 rearm-rebom-backend-768fd58455-46nwc   5m     62Mi     
05:04:01 rearm-rebom-backend-768fd58455-dp9ps   1m     58Mi     
05:04:01 rearm-rebom-backend-768fd58455-tmqdc   1m     63Mi     
05:04:01 rearm-rebom-backend-768fd58455-vkfb5   0m     60Mi     
05:04:01 rearm-rebom-postgres-0                 7m     150Mi    
05:04:01 rearm-ui-5c9b8ddf9d-krkqk              1m     2Mi      
05:04:01 testreg-66bb8f476c-wt2mf               1m     49Mi     
05:04:01 zottest-ff7cfd65c-xbgvk                992m   258Mi    
05:04:32 rearm-backend-6d79d5dcc8-rj9w4         25m    7818Mi   
05:04:32 rearm-keycloak-0                       2m     724Mi    
05:04:32 rearm-keycloak-postgres-0              1m     33Mi     
05:04:32 rearm-oci-artifact-5c8686f45c-mmxzz    3m     74Mi     
05:04:32 rearm-postgresql-0                     187m   268Mi    
05:04:32 rearm-rebom-backend-768fd58455-46nwc   8m     60Mi     
05:04:32 rearm-rebom-backend-768fd58455-dp9ps   0m     58Mi     
05:04:32 rearm-rebom-backend-768fd58455-tmqdc   0m     63Mi     
05:04:32 rearm-rebom-backend-768fd58455-vkfb5   1m     60Mi     
05:04:32 rearm-rebom-postgres-0                 7m     150Mi    
05:04:32 rearm-ui-5c9b8ddf9d-krkqk              1m     2Mi      
05:04:32 testreg-66bb8f476c-wt2mf               1m     49Mi     
05:04:32 zottest-ff7cfd65c-xbgvk                988m   296Mi    
05:05:03 rearm-backend-6d79d5dcc8-rj9w4         56m     7818Mi   
05:05:03 rearm-keycloak-0                       2m      724Mi    
05:05:03 rearm-keycloak-postgres-0              1m      33Mi     
05:05:03 rearm-oci-artifact-5c8686f45c-mmxzz    5m      72Mi     
05:05:03 rearm-postgresql-0                     206m    266Mi    
05:05:03 rearm-rebom-backend-768fd58455-46nwc   7m      61Mi     
05:05:03 rearm-rebom-backend-768fd58455-dp9ps   0m      58Mi     
05:05:03 rearm-rebom-backend-768fd58455-tmqdc   1m      63Mi     
05:05:03 rearm-rebom-backend-768fd58455-vkfb5   1m      60Mi     
05:05:03 rearm-rebom-postgres-0                 18m     150Mi    
05:05:03 rearm-ui-5c9b8ddf9d-krkqk              1m      2Mi      
05:05:03 testreg-66bb8f476c-wt2mf               1m      49Mi     
05:05:03 zottest-ff7cfd65c-xbgvk                1009m   285Mi    
05:05:34 rearm-backend-6d79d5dcc8-rj9w4         25m    7818Mi   
05:05:34 rearm-keycloak-0                       2m     724Mi    
05:05:34 rearm-keycloak-postgres-0              1m     33Mi     
05:05:34 rearm-oci-artifact-5c8686f45c-mmxzz    3m     73Mi     
05:05:34 rearm-postgresql-0                     233m   269Mi    
05:05:34 rearm-rebom-backend-768fd58455-46nwc   3m     62Mi     
05:05:34 rearm-rebom-backend-768fd58455-dp9ps   1m     58Mi     
05:05:34 rearm-rebom-backend-768fd58455-tmqdc   1m     64Mi     
05:05:34 rearm-rebom-backend-768fd58455-vkfb5   0m     60Mi     
05:05:34 rearm-rebom-postgres-0                 8m     152Mi    
05:05:34 rearm-ui-5c9b8ddf9d-krkqk              1m     2Mi      
05:05:34 testreg-66bb8f476c-wt2mf               1m     49Mi     
05:05:34 zottest-ff7cfd65c-xbgvk                959m   263Mi    
05:06:04 rearm-backend-6d79d5dcc8-rj9w4         22m    7818Mi   
05:06:04 rearm-keycloak-0                       2m     724Mi    
05:06:04 rearm-keycloak-postgres-0              1m     33Mi     
05:06:04 rearm-oci-artifact-5c8686f45c-mmxzz    3m     74Mi     
05:06:04 rearm-postgresql-0                     167m   269Mi    
05:06:04 rearm-rebom-backend-768fd58455-46nwc   1m     62Mi     
05:06:04 rearm-rebom-backend-768fd58455-dp9ps   1m     58Mi     
05:06:04 rearm-rebom-backend-768fd58455-tmqdc   4m     61Mi     
05:06:04 rearm-rebom-backend-768fd58455-vkfb5   1m     60Mi     
05:06:04 rearm-rebom-postgres-0                 7m     150Mi    
05:06:04 rearm-ui-5c9b8ddf9d-krkqk              1m     2Mi      
05:06:04 testreg-66bb8f476c-wt2mf               1m     49Mi     
05:06:04 zottest-ff7cfd65c-xbgvk                988m   295Mi    
05:06:35 rearm-backend-6d79d5dcc8-rj9w4         18m     7818Mi   
05:06:35 rearm-keycloak-0                       2m      724Mi    
05:06:35 rearm-keycloak-postgres-0              1m      33Mi     
05:06:35 rearm-oci-artifact-5c8686f45c-mmxzz    3m      75Mi     
05:06:35 rearm-postgresql-0                     160m    267Mi    
05:06:35 rearm-rebom-backend-768fd58455-46nwc   0m      62Mi     
05:06:35 rearm-rebom-backend-768fd58455-dp9ps   1m      58Mi     
05:06:35 rearm-rebom-backend-768fd58455-tmqdc   4m      64Mi     
05:06:35 rearm-rebom-backend-768fd58455-vkfb5   0m      60Mi     
05:06:35 rearm-rebom-postgres-0                 7m      150Mi    
05:06:35 rearm-ui-5c9b8ddf9d-krkqk              1m      2Mi      
05:06:35 testreg-66bb8f476c-wt2mf               1m      49Mi     
05:06:35 zottest-ff7cfd65c-xbgvk                1005m   261Mi    
05:07:06 rearm-backend-6d79d5dcc8-rj9w4         20m    7818Mi   
05:07:06 rearm-keycloak-0                       2m     724Mi    
05:07:06 rearm-keycloak-postgres-0              1m     33Mi     
05:07:06 rearm-oci-artifact-5c8686f45c-mmxzz    3m     77Mi     
05:07:06 rearm-postgresql-0                     187m   267Mi    
05:07:06 rearm-rebom-backend-768fd58455-46nwc   1m     62Mi     
05:07:06 rearm-rebom-backend-768fd58455-dp9ps   1m     57Mi     
05:07:06 rearm-rebom-backend-768fd58455-tmqdc   7m     60Mi     
05:07:06 rearm-rebom-backend-768fd58455-vkfb5   1m     60Mi     
05:07:06 rearm-rebom-postgres-0                 7m     150Mi    
05:07:06 rearm-ui-5c9b8ddf9d-krkqk              1m     2Mi      
05:07:06 testreg-66bb8f476c-wt2mf               1m     49Mi     
05:07:06 zottest-ff7cfd65c-xbgvk                979m   326Mi    
05:07:37 rearm-backend-6d79d5dcc8-rj9w4         20m    7818Mi   
05:07:37 rearm-keycloak-0                       2m     724Mi    
05:07:37 rearm-keycloak-postgres-0              1m     33Mi     
05:07:37 rearm-oci-artifact-5c8686f45c-mmxzz    3m     73Mi     
05:07:37 rearm-postgresql-0                     181m   272Mi    
05:07:37 rearm-rebom-backend-768fd58455-46nwc   0m     62Mi     
05:07:37 rearm-rebom-backend-768fd58455-dp9ps   0m     57Mi     
05:07:37 rearm-rebom-backend-768fd58455-tmqdc   5m     61Mi     
05:07:37 rearm-rebom-backend-768fd58455-vkfb5   1m     60Mi     
05:07:37 rearm-rebom-postgres-0                 7m     150Mi    
05:07:37 rearm-ui-5c9b8ddf9d-krkqk              1m     2Mi      
05:07:37 testreg-66bb8f476c-wt2mf               1m     49Mi     
05:07:37 zottest-ff7cfd65c-xbgvk                950m   264Mi    
05:08:08 rearm-backend-6d79d5dcc8-rj9w4         24m     7276Mi   
05:08:08 rearm-keycloak-0                       2m      724Mi    
05:08:08 rearm-keycloak-postgres-0              1m      33Mi     
05:08:08 rearm-oci-artifact-5c8686f45c-mmxzz    3m      72Mi     
05:08:08 rearm-postgresql-0                     171m    273Mi    
05:08:08 rearm-rebom-backend-768fd58455-46nwc   0m      62Mi     
05:08:08 rearm-rebom-backend-768fd58455-dp9ps   1m      57Mi     
05:08:08 rearm-rebom-backend-768fd58455-tmqdc   5m      62Mi     
05:08:08 rearm-rebom-backend-768fd58455-vkfb5   1m      60Mi     
05:08:08 rearm-rebom-postgres-0                 8m      150Mi    
05:08:08 rearm-ui-5c9b8ddf9d-krkqk              1m      2Mi      
05:08:08 testreg-66bb8f476c-wt2mf               1m      49Mi     
05:08:08 zottest-ff7cfd65c-xbgvk                1002m   260Mi    
05:08:38 rearm-backend-6d79d5dcc8-rj9w4         22m    6643Mi   
05:08:38 rearm-keycloak-0                       2m     724Mi    
05:08:38 rearm-keycloak-postgres-0              1m     33Mi     
05:08:38 rearm-oci-artifact-5c8686f45c-mmxzz    3m     73Mi     
05:08:38 rearm-postgresql-0                     159m   273Mi    
05:08:38 rearm-rebom-backend-768fd58455-46nwc   0m     62Mi     
05:08:38 rearm-rebom-backend-768fd58455-dp9ps   0m     57Mi     
05:08:38 rearm-rebom-backend-768fd58455-tmqdc   8m     61Mi     
05:08:38 rearm-rebom-backend-768fd58455-vkfb5   1m     60Mi     
05:08:38 rearm-rebom-postgres-0                 7m     150Mi    
05:08:38 rearm-ui-5c9b8ddf9d-krkqk              1m     2Mi      
05:08:38 testreg-66bb8f476c-wt2mf               1m     49Mi     
05:08:38 zottest-ff7cfd65c-xbgvk                981m   257Mi    
05:09:09 rearm-backend-6d79d5dcc8-rj9w4         24m    6101Mi   
05:09:09 rearm-keycloak-0                       2m     724Mi    
05:09:09 rearm-keycloak-postgres-0              1m     33Mi     
05:09:09 rearm-oci-artifact-5c8686f45c-mmxzz    3m     74Mi     
05:09:09 rearm-postgresql-0                     162m   276Mi    
05:09:09 rearm-rebom-backend-768fd58455-46nwc   1m     62Mi     
05:09:09 rearm-rebom-backend-768fd58455-dp9ps   1m     57Mi     
05:09:09 rearm-rebom-backend-768fd58455-tmqdc   4m     61Mi     
05:09:09 rearm-rebom-backend-768fd58455-vkfb5   1m     60Mi     
05:09:09 rearm-rebom-postgres-0                 7m     150Mi    
05:09:09 rearm-ui-5c9b8ddf9d-krkqk              1m     2Mi      
05:09:09 testreg-66bb8f476c-wt2mf               1m     49Mi     
05:09:09 zottest-ff7cfd65c-xbgvk                988m   254Mi    
05:09:40 rearm-backend-6d79d5dcc8-rj9w4         39m    5559Mi   
05:09:40 rearm-keycloak-0                       2m     724Mi    
05:09:40 rearm-keycloak-postgres-0              1m     33Mi     
05:09:40 rearm-oci-artifact-5c8686f45c-mmxzz    3m     74Mi     
05:09:40 rearm-postgresql-0                     171m   276Mi    
05:09:40 rearm-rebom-backend-768fd58455-46nwc   0m     62Mi     
05:09:40 rearm-rebom-backend-768fd58455-dp9ps   0m     57Mi     
05:09:40 rearm-rebom-backend-768fd58455-tmqdc   5m     62Mi     
05:09:40 rearm-rebom-backend-768fd58455-vkfb5   0m     60Mi     
05:09:40 rearm-rebom-postgres-0                 8m     150Mi    
05:09:40 rearm-ui-5c9b8ddf9d-krkqk              1m     2Mi      
05:09:40 testreg-66bb8f476c-wt2mf               1m     49Mi     
05:09:40 zottest-ff7cfd65c-xbgvk                986m   258Mi    
05:10:11 rearm-backend-6d79d5dcc8-rj9w4         27m    5107Mi   
05:10:11 rearm-keycloak-0                       2m     724Mi    
05:10:11 rearm-keycloak-postgres-0              1m     33Mi     
05:10:11 rearm-oci-artifact-5c8686f45c-mmxzz    3m     75Mi     
05:10:11 rearm-postgresql-0                     184m   276Mi    
05:10:11 rearm-rebom-backend-768fd58455-46nwc   1m     62Mi     
05:10:11 rearm-rebom-backend-768fd58455-dp9ps   1m     57Mi     
05:10:11 rearm-rebom-backend-768fd58455-tmqdc   8m     60Mi     
05:10:11 rearm-rebom-backend-768fd58455-vkfb5   0m     60Mi     
05:10:11 rearm-rebom-postgres-0                 7m     150Mi    
05:10:11 rearm-ui-5c9b8ddf9d-krkqk              1m     2Mi      
05:10:11 testreg-66bb8f476c-wt2mf               1m     49Mi     
05:10:11 zottest-ff7cfd65c-xbgvk                955m   271Mi    
05:10:41 rearm-backend-6d79d5dcc8-rj9w4         26m    4565Mi   
05:10:41 rearm-keycloak-0                       2m     724Mi    
05:10:41 rearm-keycloak-postgres-0              1m     33Mi     
05:10:41 rearm-oci-artifact-5c8686f45c-mmxzz    5m     76Mi     
05:10:41 rearm-postgresql-0                     164m   276Mi    
05:10:41 rearm-rebom-backend-768fd58455-46nwc   2m     64Mi     
05:10:41 rearm-rebom-backend-768fd58455-dp9ps   0m     57Mi     
05:10:41 rearm-rebom-backend-768fd58455-tmqdc   1m     60Mi     
05:10:41 rearm-rebom-backend-768fd58455-vkfb5   1m     60Mi     
05:10:41 rearm-rebom-postgres-0                 8m     152Mi    
05:10:41 rearm-ui-5c9b8ddf9d-krkqk              1m     2Mi      
05:10:41 testreg-66bb8f476c-wt2mf               1m     49Mi     
05:10:41 zottest-ff7cfd65c-xbgvk                965m   267Mi    
05:11:12 rearm-backend-6d79d5dcc8-rj9w4         82m    4565Mi   
05:11:12 rearm-keycloak-0                       2m     724Mi    
05:11:12 rearm-keycloak-postgres-0              1m     33Mi     
05:11:12 rearm-oci-artifact-5c8686f45c-mmxzz    3m     77Mi     
05:11:12 rearm-postgresql-0                     201m   271Mi    
05:11:12 rearm-rebom-backend-768fd58455-46nwc   16m    62Mi     
05:11:12 rearm-rebom-backend-768fd58455-dp9ps   0m     57Mi     
05:11:12 rearm-rebom-backend-768fd58455-tmqdc   0m     60Mi     
05:11:12 rearm-rebom-backend-768fd58455-vkfb5   0m     60Mi     
05:11:12 rearm-rebom-postgres-0                 23m    150Mi    
05:11:12 rearm-ui-5c9b8ddf9d-krkqk              1m     2Mi      
05:11:12 testreg-66bb8f476c-wt2mf               1m     49Mi     
05:11:12 zottest-ff7cfd65c-xbgvk                906m   283Mi    
