13:00:03 rearm-backend-6d79d5dcc8-rj9w4         207m   11397Mi   
13:00:03 rearm-keycloak-0                       8m     720Mi     
13:00:03 rearm-keycloak-postgres-0              1m     33Mi      
13:00:03 rearm-oci-artifact-5c69f5fd94-tvhcg    1m     13Mi      
13:00:03 rearm-postgresql-0                     11m    1562Mi    
13:00:03 rearm-rebom-backend-768fd58455-46nwc   1m     63Mi      
13:00:03 rearm-rebom-backend-768fd58455-dp9ps   1m     59Mi      
13:00:03 rearm-rebom-backend-768fd58455-tmqdc   0m     62Mi      
13:00:03 rearm-rebom-backend-768fd58455-vkfb5   1m     62Mi      
13:00:03 rearm-rebom-postgres-0                 1m     148Mi     
13:00:03 rearm-ui-5c9b8ddf9d-krkqk              1m     2Mi       
13:00:03 testreg-66bb8f476c-wt2mf               1m     43Mi      
13:00:03 zottest-ff7cfd65c-xbgvk                2m     813Mi     
13:00:33 rearm-backend-6d79d5dcc8-rj9w4         18m   11397Mi   
13:00:33 rearm-keycloak-0                       2m    719Mi     
13:00:33 rearm-keycloak-postgres-0              1m    33Mi      
13:00:33 rearm-oci-artifact-5c69f5fd94-tvhcg    83m   13Mi      
13:00:33 rearm-postgresql-0                     92m   1568Mi    
13:00:33 rearm-rebom-backend-768fd58455-46nwc   0m    63Mi      
13:00:33 rearm-rebom-backend-768fd58455-dp9ps   0m    59Mi      
13:00:33 rearm-rebom-backend-768fd58455-tmqdc   14m   66Mi      
13:00:33 rearm-rebom-backend-768fd58455-vkfb5   0m    62Mi      
13:00:33 rearm-rebom-postgres-0                 42m   154Mi     
13:00:33 rearm-ui-5c9b8ddf9d-krkqk              2m    3Mi       
13:00:33 testreg-66bb8f476c-wt2mf               1m    43Mi      
13:00:33 zottest-ff7cfd65c-xbgvk                4m    715Mi     
13:01:04 rearm-backend-6d79d5dcc8-rj9w4         100m   11403Mi   
13:01:04 rearm-keycloak-0                       2m     719Mi     
13:01:04 rearm-keycloak-postgres-0              1m     33Mi      
13:01:04 rearm-oci-artifact-5c69f5fd94-tvhcg    101m   27Mi      
13:01:04 rearm-postgresql-0                     86m    1609Mi    
13:01:04 rearm-rebom-backend-768fd58455-46nwc   8m     68Mi      
13:01:04 rearm-rebom-backend-768fd58455-dp9ps   14m    71Mi      
13:01:04 rearm-rebom-backend-768fd58455-tmqdc   20m    74Mi      
13:01:04 rearm-rebom-backend-768fd58455-vkfb5   20m    75Mi      
13:01:04 rearm-rebom-postgres-0                 108m   162Mi     
13:01:04 rearm-ui-5c9b8ddf9d-krkqk              3m     3Mi       
13:01:04 testreg-66bb8f476c-wt2mf               1m     43Mi      
13:01:04 zottest-ff7cfd65c-xbgvk                3m     715Mi     
13:01:35 rearm-backend-6d79d5dcc8-rj9w4         60m    11405Mi   
13:01:35 rearm-keycloak-0                       2m     719Mi     
13:01:35 rearm-keycloak-postgres-0              1m     33Mi      
13:01:35 rearm-oci-artifact-5c69f5fd94-tvhcg    107m   19Mi      
13:01:35 rearm-postgresql-0                     81m    1631Mi    
13:01:35 rearm-rebom-backend-768fd58455-46nwc   12m    67Mi      
13:01:35 rearm-rebom-backend-768fd58455-dp9ps   10m    88Mi      
13:01:35 rearm-rebom-backend-768fd58455-tmqdc   12m    91Mi      
13:01:35 rearm-rebom-backend-768fd58455-vkfb5   25m    97Mi      
13:01:35 rearm-rebom-postgres-0                 107m   162Mi     
13:01:35 rearm-ui-5c9b8ddf9d-krkqk              3m     3Mi       
13:01:35 testreg-66bb8f476c-wt2mf               1m     43Mi      
13:01:35 zottest-ff7cfd65c-xbgvk                3m     715Mi     
13:02:06 rearm-backend-6d79d5dcc8-rj9w4         55m    11407Mi   
13:02:06 rearm-keycloak-0                       2m     719Mi     
13:02:06 rearm-keycloak-postgres-0              1m     33Mi      
13:02:06 rearm-oci-artifact-5c69f5fd94-tvhcg    95m    27Mi      
13:02:06 rearm-postgresql-0                     76m    1624Mi    
13:02:06 rearm-rebom-backend-768fd58455-46nwc   7m     66Mi      
13:02:06 rearm-rebom-backend-768fd58455-dp9ps   12m    89Mi      
13:02:06 rearm-rebom-backend-768fd58455-tmqdc   7m     87Mi      
13:02:06 rearm-rebom-backend-768fd58455-vkfb5   27m    114Mi     
13:02:06 rearm-rebom-postgres-0                 107m   161Mi     
13:02:06 rearm-ui-5c9b8ddf9d-krkqk              3m     3Mi       
13:02:06 testreg-66bb8f476c-wt2mf               1m     43Mi      
13:02:06 zottest-ff7cfd65c-xbgvk                2m     715Mi     
13:02:36 rearm-backend-6d79d5dcc8-rj9w4         76m    11408Mi   
13:02:36 rearm-keycloak-0                       2m     719Mi     
13:02:36 rearm-keycloak-postgres-0              1m     33Mi      
13:02:36 rearm-oci-artifact-5c69f5fd94-tvhcg    105m   24Mi      
13:02:36 rearm-postgresql-0                     100m   1625Mi    
13:02:36 rearm-rebom-backend-768fd58455-46nwc   6m     63Mi      
13:02:36 rearm-rebom-backend-768fd58455-dp9ps   13m    85Mi      
13:02:36 rearm-rebom-backend-768fd58455-tmqdc   17m    73Mi      
13:02:36 rearm-rebom-backend-768fd58455-vkfb5   22m    115Mi     
13:02:36 rearm-rebom-postgres-0                 100m   164Mi     
13:02:36 rearm-ui-5c9b8ddf9d-krkqk              3m     3Mi       
13:02:36 testreg-66bb8f476c-wt2mf               1m     43Mi      
13:02:36 zottest-ff7cfd65c-xbgvk                4m     658Mi     
13:03:07 rearm-backend-6d79d5dcc8-rj9w4         58m    11410Mi   
13:03:07 rearm-keycloak-0                       2m     719Mi     
13:03:07 rearm-keycloak-postgres-0              1m     33Mi      
13:03:07 rearm-oci-artifact-5c69f5fd94-tvhcg    100m   36Mi      
13:03:07 rearm-postgresql-0                     213m   1626Mi    
13:03:07 rearm-rebom-backend-768fd58455-46nwc   7m     64Mi      
13:03:07 rearm-rebom-backend-768fd58455-dp9ps   8m     96Mi      
13:03:07 rearm-rebom-backend-768fd58455-tmqdc   12m    80Mi      
13:03:07 rearm-rebom-backend-768fd58455-vkfb5   19m    115Mi     
13:03:07 rearm-rebom-postgres-0                 96m    161Mi     
13:03:07 rearm-ui-5c9b8ddf9d-krkqk              3m     3Mi       
13:03:07 testreg-66bb8f476c-wt2mf               1m     43Mi      
13:03:07 zottest-ff7cfd65c-xbgvk                2m     658Mi     
13:03:38 rearm-backend-6d79d5dcc8-rj9w4         75m    11411Mi   
13:03:38 rearm-keycloak-0                       2m     719Mi     
13:03:38 rearm-keycloak-postgres-0              1m     33Mi      
13:03:38 rearm-oci-artifact-5c69f5fd94-tvhcg    101m   16Mi      
13:03:38 rearm-postgresql-0                     84m    1628Mi    
13:03:38 rearm-rebom-backend-768fd58455-46nwc   6m     63Mi      
13:03:38 rearm-rebom-backend-768fd58455-dp9ps   12m    109Mi     
13:03:38 rearm-rebom-backend-768fd58455-tmqdc   12m    77Mi      
13:03:38 rearm-rebom-backend-768fd58455-vkfb5   21m    119Mi     
13:03:38 rearm-rebom-postgres-0                 97m    162Mi     
13:03:38 rearm-ui-5c9b8ddf9d-krkqk              3m     3Mi       
13:03:38 testreg-66bb8f476c-wt2mf               1m     43Mi      
13:03:38 zottest-ff7cfd65c-xbgvk                3m     658Mi     
13:04:09 rearm-backend-6d79d5dcc8-rj9w4         54m    11412Mi   
13:04:09 rearm-keycloak-0                       2m     719Mi     
13:04:09 rearm-keycloak-postgres-0              1m     33Mi      
13:04:09 rearm-oci-artifact-5c69f5fd94-tvhcg    94m    27Mi      
13:04:09 rearm-postgresql-0                     85m    1629Mi    
13:04:09 rearm-rebom-backend-768fd58455-46nwc   1m     63Mi      
13:04:09 rearm-rebom-backend-768fd58455-dp9ps   18m    113Mi     
13:04:09 rearm-rebom-backend-768fd58455-tmqdc   11m    98Mi      
13:04:09 rearm-rebom-backend-768fd58455-vkfb5   19m    116Mi     
13:04:09 rearm-rebom-postgres-0                 97m    157Mi     
13:04:09 rearm-ui-5c9b8ddf9d-krkqk              3m     3Mi       
13:04:09 testreg-66bb8f476c-wt2mf               1m     43Mi      
13:04:09 zottest-ff7cfd65c-xbgvk                244m   703Mi     
13:04:39 rearm-backend-6d79d5dcc8-rj9w4         62m    11413Mi   
13:04:39 rearm-keycloak-0                       2m     719Mi     
13:04:39 rearm-keycloak-postgres-0              1m     33Mi      
13:04:39 rearm-oci-artifact-5c69f5fd94-tvhcg    103m   33Mi      
13:04:39 rearm-postgresql-0                     108m   1624Mi    
13:04:39 rearm-rebom-backend-768fd58455-46nwc   4m     63Mi      
13:04:39 rearm-rebom-backend-768fd58455-dp9ps   13m    115Mi     
13:04:39 rearm-rebom-backend-768fd58455-tmqdc   12m    98Mi      
13:04:39 rearm-rebom-backend-768fd58455-vkfb5   15m    116Mi     
13:04:39 rearm-rebom-postgres-0                 105m   164Mi     
13:04:39 rearm-ui-5c9b8ddf9d-krkqk              3m     3Mi       
13:04:39 testreg-66bb8f476c-wt2mf               1m     43Mi      
13:04:39 zottest-ff7cfd65c-xbgvk                3m     703Mi     
13:05:10 rearm-backend-6d79d5dcc8-rj9w4         53m    11415Mi   
13:05:10 rearm-keycloak-0                       2m     719Mi     
13:05:10 rearm-keycloak-postgres-0              1m     33Mi      
13:05:10 rearm-oci-artifact-5c69f5fd94-tvhcg    92m    31Mi      
13:05:10 rearm-postgresql-0                     96m    1624Mi    
13:05:10 rearm-rebom-backend-768fd58455-46nwc   3m     63Mi      
13:05:10 rearm-rebom-backend-768fd58455-dp9ps   14m    115Mi     
13:05:10 rearm-rebom-backend-768fd58455-tmqdc   13m    95Mi      
13:05:10 rearm-rebom-backend-768fd58455-vkfb5   19m    116Mi     
13:05:10 rearm-rebom-postgres-0                 102m   162Mi     
13:05:10 rearm-ui-5c9b8ddf9d-krkqk              3m     3Mi       
13:05:10 testreg-66bb8f476c-wt2mf               1m     43Mi      
13:05:10 zottest-ff7cfd65c-xbgvk                2m     703Mi     
13:05:41 rearm-backend-6d79d5dcc8-rj9w4         44m    11416Mi   
13:05:41 rearm-keycloak-0                       2m     719Mi     
13:05:41 rearm-keycloak-postgres-0              1m     33Mi      
13:05:41 rearm-oci-artifact-5c69f5fd94-tvhcg    76m    19Mi      
13:05:41 rearm-postgresql-0                     111m   1625Mi    
13:05:41 rearm-rebom-backend-768fd58455-46nwc   13m    73Mi      
13:05:41 rearm-rebom-backend-768fd58455-dp9ps   1m     113Mi     
13:05:41 rearm-rebom-backend-768fd58455-tmqdc   15m    94Mi      
13:05:41 rearm-rebom-backend-768fd58455-vkfb5   17m    116Mi     
13:05:41 rearm-rebom-postgres-0                 93m    164Mi     
13:05:41 rearm-ui-5c9b8ddf9d-krkqk              2m     3Mi       
13:05:41 testreg-66bb8f476c-wt2mf               1m     43Mi      
13:05:41 zottest-ff7cfd65c-xbgvk                3m     703Mi     
13:06:12 rearm-backend-6d79d5dcc8-rj9w4         46m    11417Mi   
13:06:12 rearm-keycloak-0                       2m     719Mi     
13:06:12 rearm-keycloak-postgres-0              1m     33Mi      
13:06:12 rearm-oci-artifact-5c69f5fd94-tvhcg    85m    21Mi      
13:06:12 rearm-postgresql-0                     137m   1621Mi    
13:06:12 rearm-rebom-backend-768fd58455-46nwc   11m    89Mi      
13:06:12 rearm-rebom-backend-768fd58455-dp9ps   12m    64Mi      
13:06:12 rearm-rebom-backend-768fd58455-tmqdc   9m     117Mi     
13:06:12 rearm-rebom-backend-768fd58455-vkfb5   14m    114Mi     
13:06:12 rearm-rebom-postgres-0                 106m   165Mi     
13:06:12 rearm-ui-5c9b8ddf9d-krkqk              3m     3Mi       
13:06:12 testreg-66bb8f476c-wt2mf               1m     43Mi      
13:06:12 zottest-ff7cfd65c-xbgvk                3m     663Mi     
13:06:42 rearm-backend-6d79d5dcc8-rj9w4         62m    11419Mi   
13:06:42 rearm-keycloak-0                       2m     719Mi     
13:06:42 rearm-keycloak-postgres-0              1m     33Mi      
13:06:42 rearm-oci-artifact-5c69f5fd94-tvhcg    90m    29Mi      
13:06:42 rearm-postgresql-0                     130m   1624Mi    
13:06:42 rearm-rebom-backend-768fd58455-46nwc   19m    90Mi      
13:06:42 rearm-rebom-backend-768fd58455-dp9ps   6m     61Mi      
13:06:42 rearm-rebom-backend-768fd58455-tmqdc   11m    116Mi     
13:06:42 rearm-rebom-backend-768fd58455-vkfb5   16m    114Mi     
13:06:42 rearm-rebom-postgres-0                 109m   162Mi     
13:06:42 rearm-ui-5c9b8ddf9d-krkqk              3m     3Mi       
13:06:42 testreg-66bb8f476c-wt2mf               1m     43Mi      
13:06:42 zottest-ff7cfd65c-xbgvk                3m     663Mi     
13:07:13 rearm-backend-6d79d5dcc8-rj9w4         56m    11421Mi   
13:07:13 rearm-keycloak-0                       2m     719Mi     
13:07:13 rearm-keycloak-postgres-0              1m     33Mi      
13:07:13 rearm-oci-artifact-5c69f5fd94-tvhcg    104m   29Mi      
13:07:13 rearm-postgresql-0                     101m   373Mi     
13:07:13 rearm-rebom-backend-768fd58455-46nwc   18m    90Mi      
13:07:13 rearm-rebom-backend-768fd58455-dp9ps   5m     60Mi      
13:07:13 rearm-rebom-backend-768fd58455-tmqdc   7m     114Mi     
13:07:13 rearm-rebom-backend-768fd58455-vkfb5   21m    116Mi     
13:07:13 rearm-rebom-postgres-0                 98m    162Mi     
13:07:13 rearm-ui-5c9b8ddf9d-krkqk              3m     3Mi       
13:07:13 testreg-66bb8f476c-wt2mf               1m     43Mi      
13:07:13 zottest-ff7cfd65c-xbgvk                2m     663Mi     
13:07:44 rearm-backend-6d79d5dcc8-rj9w4         54m    11422Mi   
13:07:44 rearm-keycloak-0                       2m     719Mi     
13:07:44 rearm-keycloak-postgres-0              1m     33Mi      
13:07:44 rearm-oci-artifact-5c69f5fd94-tvhcg    95m    33Mi      
13:07:44 rearm-postgresql-0                     121m   375Mi     
13:07:44 rearm-rebom-backend-768fd58455-46nwc   10m    115Mi     
13:07:44 rearm-rebom-backend-768fd58455-dp9ps   9m     66Mi      
13:07:44 rearm-rebom-backend-768fd58455-tmqdc   6m     115Mi     
13:07:44 rearm-rebom-backend-768fd58455-vkfb5   20m    117Mi     
13:07:44 rearm-rebom-postgres-0                 107m   158Mi     
13:07:44 rearm-ui-5c9b8ddf9d-krkqk              3m     3Mi       
13:07:44 testreg-66bb8f476c-wt2mf               1m     43Mi      
13:07:44 zottest-ff7cfd65c-xbgvk                2m     684Mi     
13:08:15 rearm-backend-6d79d5dcc8-rj9w4         61m    11153Mi   
13:08:15 rearm-keycloak-0                       2m     719Mi     
13:08:15 rearm-keycloak-postgres-0              1m     33Mi      
13:08:15 rearm-oci-artifact-5c69f5fd94-tvhcg    106m   29Mi      
13:08:15 rearm-postgresql-0                     111m   374Mi     
13:08:15 rearm-rebom-backend-768fd58455-46nwc   11m    115Mi     
13:08:15 rearm-rebom-backend-768fd58455-dp9ps   13m    71Mi      
13:08:15 rearm-rebom-backend-768fd58455-tmqdc   4m     115Mi     
13:08:15 rearm-rebom-backend-768fd58455-vkfb5   23m    114Mi     
13:08:15 rearm-rebom-postgres-0                 109m   164Mi     
13:08:15 rearm-ui-5c9b8ddf9d-krkqk              3m     3Mi       
13:08:15 testreg-66bb8f476c-wt2mf               1m     43Mi      
13:08:15 zottest-ff7cfd65c-xbgvk                2m     684Mi     
13:08:46 rearm-backend-6d79d5dcc8-rj9w4         78m    10431Mi   
13:08:46 rearm-keycloak-0                       2m     719Mi     
13:08:46 rearm-keycloak-postgres-0              1m     33Mi      
13:08:46 rearm-oci-artifact-5c69f5fd94-tvhcg    98m    30Mi      
13:08:46 rearm-postgresql-0                     112m   375Mi     
13:08:46 rearm-rebom-backend-768fd58455-46nwc   12m    115Mi     
13:08:46 rearm-rebom-backend-768fd58455-dp9ps   10m    72Mi      
13:08:46 rearm-rebom-backend-768fd58455-tmqdc   3m     117Mi     
13:08:46 rearm-rebom-backend-768fd58455-vkfb5   20m    116Mi     
13:08:46 rearm-rebom-postgres-0                 106m   162Mi     
13:08:46 rearm-ui-5c9b8ddf9d-krkqk              3m     3Mi       
13:08:46 testreg-66bb8f476c-wt2mf               1m     43Mi      
13:08:46 zottest-ff7cfd65c-xbgvk                2m     681Mi     
13:09:16 rearm-backend-6d79d5dcc8-rj9w4         79m    9619Mi   
13:09:16 rearm-keycloak-0                       2m     719Mi    
13:09:16 rearm-keycloak-postgres-0              1m     33Mi     
13:09:16 rearm-oci-artifact-5c69f5fd94-tvhcg    103m   34Mi     
13:09:16 rearm-postgresql-0                     136m   375Mi    
13:09:16 rearm-rebom-backend-768fd58455-46nwc   4m     117Mi    
13:09:16 rearm-rebom-backend-768fd58455-dp9ps   11m    86Mi     
13:09:16 rearm-rebom-backend-768fd58455-tmqdc   15m    118Mi    
13:09:16 rearm-rebom-backend-768fd58455-vkfb5   18m    115Mi    
13:09:16 rearm-rebom-postgres-0                 101m   164Mi    
13:09:16 rearm-ui-5c9b8ddf9d-krkqk              3m     3Mi      
13:09:16 testreg-66bb8f476c-wt2mf               1m     43Mi     
13:09:16 zottest-ff7cfd65c-xbgvk                2m     681Mi    
13:09:47 rearm-backend-6d79d5dcc8-rj9w4         56m    8807Mi   
13:09:47 rearm-keycloak-0                       2m     719Mi    
13:09:47 rearm-keycloak-postgres-0              1m     33Mi     
13:09:47 rearm-oci-artifact-5c69f5fd94-tvhcg    97m    22Mi     
13:09:47 rearm-postgresql-0                     150m   373Mi    
13:09:47 rearm-rebom-backend-768fd58455-46nwc   14m    119Mi    
13:09:47 rearm-rebom-backend-768fd58455-dp9ps   2m     83Mi     
13:09:47 rearm-rebom-backend-768fd58455-tmqdc   11m    116Mi    
13:09:47 rearm-rebom-backend-768fd58455-vkfb5   21m    114Mi    
13:09:47 rearm-rebom-postgres-0                 106m   162Mi    
13:09:47 rearm-ui-5c9b8ddf9d-krkqk              3m     3Mi      
13:09:47 testreg-66bb8f476c-wt2mf               1m     43Mi     
13:09:47 zottest-ff7cfd65c-xbgvk                2m     681Mi    
13:10:18 rearm-backend-6d79d5dcc8-rj9w4         92m    7996Mi   
13:10:18 rearm-keycloak-0                       2m     719Mi    
13:10:18 rearm-keycloak-postgres-0              1m     33Mi     
13:10:18 rearm-oci-artifact-5c69f5fd94-tvhcg    98m    33Mi     
13:10:18 rearm-postgresql-0                     157m   369Mi    
13:10:18 rearm-rebom-backend-768fd58455-46nwc   14m    117Mi    
13:10:18 rearm-rebom-backend-768fd58455-dp9ps   6m     84Mi     
13:10:18 rearm-rebom-backend-768fd58455-tmqdc   11m    115Mi    
13:10:18 rearm-rebom-backend-768fd58455-vkfb5   13m    117Mi    
13:10:18 rearm-rebom-postgres-0                 105m   164Mi    
13:10:18 rearm-ui-5c9b8ddf9d-krkqk              3m     3Mi      
13:10:18 testreg-66bb8f476c-wt2mf               1m     43Mi     
13:10:18 zottest-ff7cfd65c-xbgvk                3m     680Mi    
13:10:49 rearm-backend-6d79d5dcc8-rj9w4         56m    7003Mi   
13:10:49 rearm-keycloak-0                       2m     719Mi    
13:10:49 rearm-keycloak-postgres-0              1m     33Mi     
13:10:49 rearm-oci-artifact-5c69f5fd94-tvhcg    101m   37Mi     
13:10:49 rearm-postgresql-0                     144m   367Mi    
13:10:49 rearm-rebom-backend-768fd58455-46nwc   13m    116Mi    
13:10:49 rearm-rebom-backend-768fd58455-dp9ps   16m    64Mi     
13:10:49 rearm-rebom-backend-768fd58455-tmqdc   7m     117Mi    
13:10:49 rearm-rebom-backend-768fd58455-vkfb5   12m    118Mi    
13:10:49 rearm-rebom-postgres-0                 99m    162Mi    
13:10:49 rearm-ui-5c9b8ddf9d-krkqk              3m     3Mi      
13:10:49 testreg-66bb8f476c-wt2mf               1m     43Mi     
13:10:49 zottest-ff7cfd65c-xbgvk                2m     680Mi    
13:11:19 rearm-backend-6d79d5dcc8-rj9w4         49m    6430Mi   
13:11:19 rearm-keycloak-0                       2m     719Mi    
13:11:19 rearm-keycloak-postgres-0              1m     33Mi     
13:11:19 rearm-oci-artifact-5c69f5fd94-tvhcg    105m   30Mi     
13:11:19 rearm-postgresql-0                     147m   370Mi    
13:11:19 rearm-rebom-backend-768fd58455-46nwc   6m     116Mi    
13:11:19 rearm-rebom-backend-768fd58455-dp9ps   10m    72Mi     
13:11:19 rearm-rebom-backend-768fd58455-tmqdc   10m    115Mi    
13:11:19 rearm-rebom-backend-768fd58455-vkfb5   19m    115Mi    
13:11:19 rearm-rebom-postgres-0                 111m   165Mi    
13:11:19 rearm-ui-5c9b8ddf9d-krkqk              3m     3Mi      
13:11:19 testreg-66bb8f476c-wt2mf               1m     43Mi     
13:11:19 zottest-ff7cfd65c-xbgvk                2m     680Mi    
13:11:50 rearm-backend-6d79d5dcc8-rj9w4         73m    6432Mi   
13:11:50 rearm-keycloak-0                       2m     719Mi    
13:11:50 rearm-keycloak-postgres-0              1m     33Mi     
13:11:50 rearm-oci-artifact-5c69f5fd94-tvhcg    93m    31Mi     
13:11:50 rearm-postgresql-0                     136m   371Mi    
13:11:50 rearm-rebom-backend-768fd58455-46nwc   11m    79Mi     
13:11:50 rearm-rebom-backend-768fd58455-dp9ps   14m    87Mi     
13:11:50 rearm-rebom-backend-768fd58455-tmqdc   13m    115Mi    
13:11:50 rearm-rebom-backend-768fd58455-vkfb5   4m     116Mi    
13:11:50 rearm-rebom-postgres-0                 109m   167Mi    
13:11:50 rearm-ui-5c9b8ddf9d-krkqk              3m     3Mi      
13:11:50 testreg-66bb8f476c-wt2mf               1m     43Mi     
13:11:50 zottest-ff7cfd65c-xbgvk                2m     680Mi    
13:12:21 rearm-backend-6d79d5dcc8-rj9w4         57m    6433Mi   
13:12:21 rearm-keycloak-0                       2m     719Mi    
13:12:21 rearm-keycloak-postgres-0              1m     33Mi     
13:12:21 rearm-oci-artifact-5c69f5fd94-tvhcg    106m   32Mi     
13:12:21 rearm-postgresql-0                     138m   371Mi    
13:12:21 rearm-rebom-backend-768fd58455-46nwc   10m    91Mi     
13:12:21 rearm-rebom-backend-768fd58455-dp9ps   15m    85Mi     
13:12:21 rearm-rebom-backend-768fd58455-tmqdc   17m    116Mi    
13:12:21 rearm-rebom-backend-768fd58455-vkfb5   4m     118Mi    
13:12:21 rearm-rebom-postgres-0                 107m   165Mi    
13:12:21 rearm-ui-5c9b8ddf9d-krkqk              3m     3Mi      
13:12:21 testreg-66bb8f476c-wt2mf               1m     43Mi     
13:12:21 zottest-ff7cfd65c-xbgvk                2m     680Mi    
13:12:52 rearm-backend-6d79d5dcc8-rj9w4         52m    6435Mi   
13:12:52 rearm-keycloak-0                       2m     719Mi    
13:12:52 rearm-keycloak-postgres-0              1m     33Mi     
13:12:52 rearm-oci-artifact-5c69f5fd94-tvhcg    102m   24Mi     
13:12:52 rearm-postgresql-0                     170m   373Mi    
13:12:52 rearm-rebom-backend-768fd58455-46nwc   9m     88Mi     
13:12:52 rearm-rebom-backend-768fd58455-dp9ps   22m    110Mi    
13:12:52 rearm-rebom-backend-768fd58455-tmqdc   12m    115Mi    
13:12:52 rearm-rebom-backend-768fd58455-vkfb5   4m     115Mi    
13:12:52 rearm-rebom-postgres-0                 96m    162Mi    
13:12:52 rearm-ui-5c9b8ddf9d-krkqk              3m     3Mi      
13:12:52 testreg-66bb8f476c-wt2mf               1m     43Mi     
13:12:52 zottest-ff7cfd65c-xbgvk                2m     680Mi    
13:13:22 rearm-backend-6d79d5dcc8-rj9w4         53m    6435Mi   
13:13:22 rearm-keycloak-0                       2m     719Mi    
13:13:22 rearm-keycloak-postgres-0              1m     33Mi     
13:13:22 rearm-oci-artifact-5c69f5fd94-tvhcg    105m   38Mi     
13:13:22 rearm-postgresql-0                     144m   381Mi    
13:13:22 rearm-rebom-backend-768fd58455-46nwc   14m    88Mi     
13:13:22 rearm-rebom-backend-768fd58455-dp9ps   23m    113Mi    
13:13:22 rearm-rebom-backend-768fd58455-tmqdc   10m    115Mi    
13:13:22 rearm-rebom-backend-768fd58455-vkfb5   7m     64Mi     
13:13:22 rearm-rebom-postgres-0                 112m   163Mi    
13:13:22 rearm-ui-5c9b8ddf9d-krkqk              3m     3Mi      
13:13:22 testreg-66bb8f476c-wt2mf               1m     43Mi     
13:13:22 zottest-ff7cfd65c-xbgvk                2m     680Mi    
13:13:53 rearm-backend-6d79d5dcc8-rj9w4         58m    6436Mi   
13:13:53 rearm-keycloak-0                       2m     719Mi    
13:13:53 rearm-keycloak-postgres-0              1m     33Mi     
13:13:53 rearm-oci-artifact-5c69f5fd94-tvhcg    112m   39Mi     
13:13:53 rearm-postgresql-0                     146m   382Mi    
13:13:53 rearm-rebom-backend-768fd58455-46nwc   18m    113Mi    
13:13:53 rearm-rebom-backend-768fd58455-dp9ps   19m    114Mi    
13:13:53 rearm-rebom-backend-768fd58455-tmqdc   8m     117Mi    
13:13:53 rearm-rebom-backend-768fd58455-vkfb5   9m     66Mi     
13:13:53 rearm-rebom-postgres-0                 111m   167Mi    
13:13:53 rearm-ui-5c9b8ddf9d-krkqk              3m     3Mi      
13:13:53 testreg-66bb8f476c-wt2mf               1m     43Mi     
13:13:53 zottest-ff7cfd65c-xbgvk                2m     680Mi    
13:14:24 rearm-backend-6d79d5dcc8-rj9w4         59m    6437Mi   
13:14:24 rearm-keycloak-0                       2m     719Mi    
13:14:24 rearm-keycloak-postgres-0              1m     33Mi     
13:14:24 rearm-oci-artifact-5c69f5fd94-tvhcg    113m   30Mi     
13:14:24 rearm-postgresql-0                     138m   381Mi    
13:14:24 rearm-rebom-backend-768fd58455-46nwc   10m    119Mi    
13:14:24 rearm-rebom-backend-768fd58455-dp9ps   18m    112Mi    
13:14:24 rearm-rebom-backend-768fd58455-tmqdc   6m     117Mi    
13:14:24 rearm-rebom-backend-768fd58455-vkfb5   14m    72Mi     
13:14:24 rearm-rebom-postgres-0                 111m   165Mi    
13:14:24 rearm-ui-5c9b8ddf9d-krkqk              3m     3Mi      
13:14:24 testreg-66bb8f476c-wt2mf               1m     43Mi     
13:14:24 zottest-ff7cfd65c-xbgvk                2m     680Mi    
13:14:55 rearm-backend-6d79d5dcc8-rj9w4         71m    6436Mi   
13:14:55 rearm-keycloak-0                       2m     719Mi    
13:14:55 rearm-keycloak-postgres-0              1m     33Mi     
13:14:55 rearm-oci-artifact-5c69f5fd94-tvhcg    103m   37Mi     
13:14:55 rearm-postgresql-0                     138m   380Mi    
13:14:55 rearm-rebom-backend-768fd58455-46nwc   10m    119Mi    
13:14:55 rearm-rebom-backend-768fd58455-dp9ps   15m    112Mi    
13:14:55 rearm-rebom-backend-768fd58455-tmqdc   6m     118Mi    
13:14:55 rearm-rebom-backend-768fd58455-vkfb5   13m    85Mi     
13:14:55 rearm-rebom-postgres-0                 114m   166Mi    
13:14:55 rearm-ui-5c9b8ddf9d-krkqk              3m     3Mi      
13:14:55 testreg-66bb8f476c-wt2mf               1m     43Mi     
13:14:55 zottest-ff7cfd65c-xbgvk                2m     680Mi    
13:15:25 rearm-backend-6d79d5dcc8-rj9w4         55m    6437Mi   
13:15:25 rearm-keycloak-0                       2m     719Mi    
13:15:25 rearm-keycloak-postgres-0              1m     33Mi     
13:15:25 rearm-oci-artifact-5c69f5fd94-tvhcg    98m    35Mi     
13:15:25 rearm-postgresql-0                     139m   381Mi    
13:15:25 rearm-rebom-backend-768fd58455-46nwc   10m    118Mi    
13:15:25 rearm-rebom-backend-768fd58455-dp9ps   21m    115Mi    
13:15:25 rearm-rebom-backend-768fd58455-tmqdc   8m     117Mi    
13:15:25 rearm-rebom-backend-768fd58455-vkfb5   4m     89Mi     
13:15:25 rearm-rebom-postgres-0                 105m   165Mi    
13:15:25 rearm-ui-5c9b8ddf9d-krkqk              3m     3Mi      
13:15:25 testreg-66bb8f476c-wt2mf               1m     43Mi     
13:15:25 zottest-ff7cfd65c-xbgvk                2m     680Mi    
13:15:56 rearm-backend-6d79d5dcc8-rj9w4         67m    6439Mi   
13:15:56 rearm-keycloak-0                       2m     719Mi    
13:15:56 rearm-keycloak-postgres-0              1m     33Mi     
13:15:56 rearm-oci-artifact-5c69f5fd94-tvhcg    105m   38Mi     
13:15:56 rearm-postgresql-0                     233m   444Mi    
13:15:56 rearm-rebom-backend-768fd58455-46nwc   13m    117Mi    
13:15:56 rearm-rebom-backend-768fd58455-dp9ps   11m    115Mi    
13:15:56 rearm-rebom-backend-768fd58455-tmqdc   11m    117Mi    
13:15:56 rearm-rebom-backend-768fd58455-vkfb5   4m     67Mi     
13:15:56 rearm-rebom-postgres-0                 108m   163Mi    
13:15:56 rearm-ui-5c9b8ddf9d-krkqk              3m     3Mi      
13:15:56 testreg-66bb8f476c-wt2mf               1m     43Mi     
13:15:56 zottest-ff7cfd65c-xbgvk                2m     680Mi    
13:16:27 rearm-backend-6d79d5dcc8-rj9w4         76m    5988Mi   
13:16:27 rearm-keycloak-0                       3m     719Mi    
13:16:27 rearm-keycloak-postgres-0              1m     33Mi     
13:16:27 rearm-oci-artifact-5c69f5fd94-tvhcg    115m   27Mi     
13:16:27 rearm-postgresql-0                     169m   382Mi    
13:16:27 rearm-rebom-backend-768fd58455-46nwc   14m    117Mi    
13:16:27 rearm-rebom-backend-768fd58455-dp9ps   8m     115Mi    
13:16:27 rearm-rebom-backend-768fd58455-tmqdc   8m     116Mi    
13:16:27 rearm-rebom-backend-768fd58455-vkfb5   20m    73Mi     
13:16:27 rearm-rebom-postgres-0                 114m   162Mi    
13:16:27 rearm-ui-5c9b8ddf9d-krkqk              3m     3Mi      
13:16:27 testreg-66bb8f476c-wt2mf               1m     43Mi     
13:16:27 zottest-ff7cfd65c-xbgvk                3m     680Mi    
13:16:58 rearm-backend-6d79d5dcc8-rj9w4         57m    5538Mi   
13:16:58 rearm-keycloak-0                       2m     719Mi    
13:16:58 rearm-keycloak-postgres-0              1m     33Mi     
13:16:58 rearm-oci-artifact-5c69f5fd94-tvhcg    98m    34Mi     
13:16:58 rearm-postgresql-0                     146m   382Mi    
13:16:58 rearm-rebom-backend-768fd58455-46nwc   11m    119Mi    
13:16:58 rearm-rebom-backend-768fd58455-dp9ps   12m    117Mi    
13:16:58 rearm-rebom-backend-768fd58455-tmqdc   4m     118Mi    
13:16:58 rearm-rebom-backend-768fd58455-vkfb5   13m    87Mi     
13:16:58 rearm-rebom-postgres-0                 100m   165Mi    
13:16:58 rearm-ui-5c9b8ddf9d-krkqk              3m     3Mi      
13:16:58 testreg-66bb8f476c-wt2mf               1m     43Mi     
13:16:58 zottest-ff7cfd65c-xbgvk                3m     680Mi    
13:17:29 rearm-backend-6d79d5dcc8-rj9w4         54m    5177Mi   
13:17:29 rearm-keycloak-0                       2m     719Mi    
13:17:29 rearm-keycloak-postgres-0              1m     33Mi     
13:17:29 rearm-oci-artifact-5c69f5fd94-tvhcg    88m    30Mi     
13:17:29 rearm-postgresql-0                     177m   382Mi    
13:17:29 rearm-rebom-backend-768fd58455-46nwc   10m    118Mi    
13:17:29 rearm-rebom-backend-768fd58455-dp9ps   12m    114Mi    
13:17:29 rearm-rebom-backend-768fd58455-tmqdc   9m     71Mi     
13:17:29 rearm-rebom-backend-768fd58455-vkfb5   12m    91Mi     
13:17:29 rearm-rebom-postgres-0                 104m   165Mi    
13:17:29 rearm-ui-5c9b8ddf9d-krkqk              3m     3Mi      
13:17:29 testreg-66bb8f476c-wt2mf               1m     43Mi     
13:17:29 zottest-ff7cfd65c-xbgvk                2m     680Mi    
13:17:59 rearm-backend-6d79d5dcc8-rj9w4         60m    4825Mi   
13:17:59 rearm-keycloak-0                       2m     719Mi    
13:17:59 rearm-keycloak-postgres-0              1m     33Mi     
13:17:59 rearm-oci-artifact-5c69f5fd94-tvhcg    96m    40Mi     
13:17:59 rearm-postgresql-0                     203m   382Mi    
13:17:59 rearm-rebom-backend-768fd58455-46nwc   11m    118Mi    
13:17:59 rearm-rebom-backend-768fd58455-dp9ps   12m    112Mi    
13:17:59 rearm-rebom-backend-768fd58455-tmqdc   15m    75Mi     
13:17:59 rearm-rebom-backend-768fd58455-vkfb5   5m     87Mi     
13:17:59 rearm-rebom-postgres-0                 98m    165Mi    
13:17:59 rearm-ui-5c9b8ddf9d-krkqk              3m     3Mi      
13:17:59 testreg-66bb8f476c-wt2mf               1m     43Mi     
13:17:59 zottest-ff7cfd65c-xbgvk                2m     680Mi    
13:18:30 rearm-backend-6d79d5dcc8-rj9w4         65m    4457Mi   
13:18:30 rearm-keycloak-0                       2m     719Mi    
13:18:30 rearm-keycloak-postgres-0              1m     33Mi     
13:18:30 rearm-oci-artifact-5c69f5fd94-tvhcg    101m   39Mi     
13:18:30 rearm-postgresql-0                     208m   377Mi    
13:18:30 rearm-rebom-backend-768fd58455-46nwc   8m     117Mi    
13:18:30 rearm-rebom-backend-768fd58455-dp9ps   13m    112Mi    
13:18:30 rearm-rebom-backend-768fd58455-tmqdc   17m    91Mi     
13:18:30 rearm-rebom-backend-768fd58455-vkfb5   12m    66Mi     
13:18:30 rearm-rebom-postgres-0                 105m   164Mi    
13:18:30 rearm-ui-5c9b8ddf9d-krkqk              3m     3Mi      
13:18:30 testreg-66bb8f476c-wt2mf               1m     43Mi     
13:18:30 zottest-ff7cfd65c-xbgvk                3m     680Mi    
13:19:01 rearm-backend-6d79d5dcc8-rj9w4         55m    4096Mi   
13:19:01 rearm-keycloak-0                       2m     719Mi    
13:19:01 rearm-keycloak-postgres-0              1m     33Mi     
13:19:01 rearm-oci-artifact-5c69f5fd94-tvhcg    102m   31Mi     
13:19:01 rearm-postgresql-0                     184m   374Mi    
13:19:01 rearm-rebom-backend-768fd58455-46nwc   20m    115Mi    
13:19:01 rearm-rebom-backend-768fd58455-dp9ps   9m     113Mi    
13:19:01 rearm-rebom-backend-768fd58455-tmqdc   10m    92Mi     
13:19:01 rearm-rebom-backend-768fd58455-vkfb5   10m    75Mi     
13:19:01 rearm-rebom-postgres-0                 113m   167Mi    
13:19:01 rearm-ui-5c9b8ddf9d-krkqk              3m     3Mi      
13:19:01 testreg-66bb8f476c-wt2mf               1m     43Mi     
13:19:01 zottest-ff7cfd65c-xbgvk                2m     680Mi    
13:19:32 rearm-backend-6d79d5dcc8-rj9w4         31m   4007Mi   
13:19:32 rearm-keycloak-0                       2m    719Mi    
13:19:32 rearm-keycloak-postgres-0              1m    33Mi     
13:19:32 rearm-oci-artifact-5c69f5fd94-tvhcg    49m   36Mi     
13:19:32 rearm-postgresql-0                     45m   372Mi    
13:19:32 rearm-rebom-backend-768fd58455-46nwc   12m   116Mi    
13:19:32 rearm-rebom-backend-768fd58455-dp9ps   1m    113Mi    
13:19:32 rearm-rebom-backend-768fd58455-tmqdc   13m   88Mi     
13:19:32 rearm-rebom-backend-768fd58455-vkfb5   4m    87Mi     
13:19:32 rearm-rebom-postgres-0                 50m   156Mi    
13:19:32 rearm-ui-5c9b8ddf9d-krkqk              2m    3Mi      
13:19:32 testreg-66bb8f476c-wt2mf               1m    43Mi     
13:19:32 zottest-ff7cfd65c-xbgvk                2m    680Mi    
13:20:02 rearm-backend-6d79d5dcc8-rj9w4         85m   4009Mi   
13:20:02 rearm-keycloak-0                       2m    719Mi    
13:20:02 rearm-keycloak-postgres-0              1m    33Mi     
13:20:02 rearm-oci-artifact-5c69f5fd94-tvhcg    97m   32Mi     
13:20:02 rearm-postgresql-0                     95m   369Mi    
13:20:02 rearm-rebom-backend-768fd58455-46nwc   17m   116Mi    
13:20:02 rearm-rebom-backend-768fd58455-dp9ps   11m   67Mi     
13:20:02 rearm-rebom-backend-768fd58455-tmqdc   18m   114Mi    
13:20:02 rearm-rebom-backend-768fd58455-vkfb5   11m   87Mi     
13:20:02 rearm-rebom-postgres-0                 99m   160Mi    
13:20:02 rearm-ui-5c9b8ddf9d-krkqk              2m    3Mi      
13:20:02 testreg-66bb8f476c-wt2mf               1m    43Mi     
13:20:02 zottest-ff7cfd65c-xbgvk                2m    680Mi    
13:20:33 rearm-backend-6d79d5dcc8-rj9w4         54m    4011Mi   
13:20:33 rearm-keycloak-0                       2m     719Mi    
13:20:33 rearm-keycloak-postgres-0              1m     33Mi     
13:20:33 rearm-oci-artifact-5c69f5fd94-tvhcg    110m   31Mi     
13:20:33 rearm-postgresql-0                     97m    372Mi    
13:20:33 rearm-rebom-backend-768fd58455-46nwc   17m    118Mi    
13:20:33 rearm-rebom-backend-768fd58455-dp9ps   12m    79Mi     
13:20:33 rearm-rebom-backend-768fd58455-tmqdc   9m     118Mi    
13:20:33 rearm-rebom-backend-768fd58455-vkfb5   10m    90Mi     
13:20:33 rearm-rebom-postgres-0                 119m   165Mi    
13:20:33 rearm-ui-5c9b8ddf9d-krkqk              3m     3Mi      
13:20:33 testreg-66bb8f476c-wt2mf               1m     43Mi     
13:20:33 zottest-ff7cfd65c-xbgvk                3m     680Mi    
13:21:04 rearm-backend-6d79d5dcc8-rj9w4         46m   4012Mi   
13:21:04 rearm-keycloak-0                       2m    719Mi    
13:21:04 rearm-keycloak-postgres-0              1m    33Mi     
13:21:04 rearm-oci-artifact-5c69f5fd94-tvhcg    88m   30Mi     
13:21:04 rearm-postgresql-0                     98m   371Mi    
13:21:04 rearm-rebom-backend-768fd58455-46nwc   14m   119Mi    
13:21:04 rearm-rebom-backend-768fd58455-dp9ps   21m   95Mi     
13:21:04 rearm-rebom-backend-768fd58455-tmqdc   14m   117Mi    
13:21:04 rearm-rebom-backend-768fd58455-vkfb5   7m    87Mi     
13:21:04 rearm-rebom-postgres-0                 98m   158Mi    
13:21:04 rearm-ui-5c9b8ddf9d-krkqk              2m    3Mi      
13:21:04 testreg-66bb8f476c-wt2mf               1m    43Mi     
13:21:04 zottest-ff7cfd65c-xbgvk                2m    680Mi    
13:21:35 rearm-backend-6d79d5dcc8-rj9w4         81m    4013Mi   
13:21:35 rearm-keycloak-0                       2m     719Mi    
13:21:35 rearm-keycloak-postgres-0              1m     33Mi     
13:21:35 rearm-oci-artifact-5c69f5fd94-tvhcg    95m    33Mi     
13:21:35 rearm-postgresql-0                     89m    373Mi    
13:21:35 rearm-rebom-backend-768fd58455-46nwc   5m     117Mi    
13:21:35 rearm-rebom-backend-768fd58455-dp9ps   25m    96Mi     
13:21:35 rearm-rebom-backend-768fd58455-tmqdc   9m     120Mi    
13:21:35 rearm-rebom-backend-768fd58455-vkfb5   7m     63Mi     
13:21:35 rearm-rebom-postgres-0                 102m   165Mi    
13:21:35 rearm-ui-5c9b8ddf9d-krkqk              2m     3Mi      
13:21:35 testreg-66bb8f476c-wt2mf               1m     43Mi     
13:21:35 zottest-ff7cfd65c-xbgvk                2m     680Mi    
13:22:05 rearm-backend-6d79d5dcc8-rj9w4         50m    4015Mi   
13:22:05 rearm-keycloak-0                       2m     719Mi    
13:22:05 rearm-keycloak-postgres-0              1m     33Mi     
13:22:05 rearm-oci-artifact-5c69f5fd94-tvhcg    107m   41Mi     
13:22:05 rearm-postgresql-0                     68m    374Mi    
13:22:05 rearm-rebom-backend-768fd58455-46nwc   7m     117Mi    
13:22:05 rearm-rebom-backend-768fd58455-dp9ps   16m    111Mi    
13:22:05 rearm-rebom-backend-768fd58455-tmqdc   14m    115Mi    
13:22:05 rearm-rebom-backend-768fd58455-vkfb5   2m     62Mi     
13:22:05 rearm-rebom-postgres-0                 101m   160Mi    
13:22:05 rearm-ui-5c9b8ddf9d-krkqk              3m     3Mi      
13:22:05 testreg-66bb8f476c-wt2mf               1m     43Mi     
13:22:05 zottest-ff7cfd65c-xbgvk                3m     680Mi    
13:22:36 rearm-backend-6d79d5dcc8-rj9w4         52m    4016Mi   
13:22:36 rearm-keycloak-0                       2m     719Mi    
13:22:36 rearm-keycloak-postgres-0              1m     33Mi     
13:22:36 rearm-oci-artifact-5c69f5fd94-tvhcg    102m   34Mi     
13:22:36 rearm-postgresql-0                     56m    375Mi    
13:22:36 rearm-rebom-backend-768fd58455-46nwc   11m    115Mi    
13:22:36 rearm-rebom-backend-768fd58455-dp9ps   12m    114Mi    
13:22:36 rearm-rebom-backend-768fd58455-tmqdc   22m    118Mi    
13:22:36 rearm-rebom-backend-768fd58455-vkfb5   8m     74Mi     
13:22:36 rearm-rebom-postgres-0                 99m    161Mi    
13:22:36 rearm-ui-5c9b8ddf9d-krkqk              2m     3Mi      
13:22:36 testreg-66bb8f476c-wt2mf               1m     43Mi     
13:22:36 zottest-ff7cfd65c-xbgvk                3m     680Mi    
13:23:07 rearm-backend-6d79d5dcc8-rj9w4         71m    4014Mi   
13:23:07 rearm-keycloak-0                       2m     719Mi    
13:23:07 rearm-keycloak-postgres-0              1m     33Mi     
13:23:07 rearm-oci-artifact-5c69f5fd94-tvhcg    85m    28Mi     
13:23:07 rearm-postgresql-0                     64m    374Mi    
13:23:07 rearm-rebom-backend-768fd58455-46nwc   9m     119Mi    
13:23:07 rearm-rebom-backend-768fd58455-dp9ps   3m     111Mi    
13:23:07 rearm-rebom-backend-768fd58455-tmqdc   9m     116Mi    
13:23:07 rearm-rebom-backend-768fd58455-vkfb5   20m    75Mi     
13:23:07 rearm-rebom-postgres-0                 107m   165Mi    
13:23:07 rearm-ui-5c9b8ddf9d-krkqk              3m     3Mi      
13:23:07 testreg-66bb8f476c-wt2mf               1m     43Mi     
13:23:07 zottest-ff7cfd65c-xbgvk                2m     680Mi    
13:23:38 rearm-backend-6d79d5dcc8-rj9w4         48m   4015Mi   
13:23:38 rearm-keycloak-0                       2m    719Mi    
13:23:38 rearm-keycloak-postgres-0              1m    33Mi     
13:23:38 rearm-oci-artifact-5c69f5fd94-tvhcg    93m   38Mi     
13:23:38 rearm-postgresql-0                     61m   373Mi    
13:23:38 rearm-rebom-backend-768fd58455-46nwc   14m   116Mi    
13:23:38 rearm-rebom-backend-768fd58455-dp9ps   12m   65Mi     
13:23:38 rearm-rebom-backend-768fd58455-tmqdc   12m   117Mi    
13:23:38 rearm-rebom-backend-768fd58455-vkfb5   15m   66Mi     
13:23:38 rearm-rebom-postgres-0                 87m   163Mi    
13:23:38 rearm-ui-5c9b8ddf9d-krkqk              3m    3Mi      
13:23:38 testreg-66bb8f476c-wt2mf               1m    43Mi     
13:23:38 zottest-ff7cfd65c-xbgvk                2m    680Mi    
13:24:08 rearm-backend-6d79d5dcc8-rj9w4         52m    3926Mi   
13:24:08 rearm-keycloak-0                       2m     719Mi    
13:24:08 rearm-keycloak-postgres-0              1m     33Mi     
13:24:08 rearm-oci-artifact-5c69f5fd94-tvhcg    95m    37Mi     
13:24:08 rearm-postgresql-0                     60m    373Mi    
13:24:08 rearm-rebom-backend-768fd58455-46nwc   15m    115Mi    
13:24:08 rearm-rebom-backend-768fd58455-dp9ps   21m    86Mi     
13:24:08 rearm-rebom-backend-768fd58455-tmqdc   12m    120Mi    
13:24:08 rearm-rebom-backend-768fd58455-vkfb5   1m     67Mi     
13:24:08 rearm-rebom-postgres-0                 104m   167Mi    
13:24:08 rearm-ui-5c9b8ddf9d-krkqk              3m     3Mi      
13:24:08 testreg-66bb8f476c-wt2mf               1m     43Mi     
13:24:08 zottest-ff7cfd65c-xbgvk                3m     680Mi    
13:24:39 rearm-backend-6d79d5dcc8-rj9w4         88m    3739Mi   
13:24:39 rearm-keycloak-0                       2m     719Mi    
13:24:39 rearm-keycloak-postgres-0              1m     33Mi     
13:24:39 rearm-oci-artifact-5c69f5fd94-tvhcg    99m    41Mi     
13:24:39 rearm-postgresql-0                     71m    374Mi    
13:24:39 rearm-rebom-backend-768fd58455-46nwc   11m    117Mi    
13:24:39 rearm-rebom-backend-768fd58455-dp9ps   21m    86Mi     
13:24:39 rearm-rebom-backend-768fd58455-tmqdc   19m    102Mi    
13:24:39 rearm-rebom-backend-768fd58455-vkfb5   1m     68Mi     
13:24:39 rearm-rebom-postgres-0                 107m   163Mi    
13:24:39 rearm-ui-5c9b8ddf9d-krkqk              3m     3Mi      
13:24:39 testreg-66bb8f476c-wt2mf               1m     43Mi     
13:24:39 zottest-ff7cfd65c-xbgvk                2m     680Mi    
13:25:10 rearm-backend-6d79d5dcc8-rj9w4         55m    3559Mi   
13:25:10 rearm-keycloak-0                       2m     719Mi    
13:25:10 rearm-keycloak-postgres-0              1m     33Mi     
13:25:10 rearm-oci-artifact-5c69f5fd94-tvhcg    101m   43Mi     
13:25:10 rearm-postgresql-0                     65m    375Mi    
13:25:10 rearm-rebom-backend-768fd58455-46nwc   8m     116Mi    
13:25:10 rearm-rebom-backend-768fd58455-dp9ps   14m    115Mi    
13:25:10 rearm-rebom-backend-768fd58455-tmqdc   18m    85Mi     
13:25:10 rearm-rebom-backend-768fd58455-vkfb5   8m     67Mi     
13:25:10 rearm-rebom-postgres-0                 104m   163Mi    
13:25:10 rearm-ui-5c9b8ddf9d-krkqk              3m     3Mi      
13:25:10 testreg-66bb8f476c-wt2mf               1m     43Mi     
13:25:10 zottest-ff7cfd65c-xbgvk                2m     680Mi    
13:25:41 rearm-backend-6d79d5dcc8-rj9w4         50m    3380Mi   
13:25:41 rearm-keycloak-0                       2m     719Mi    
13:25:41 rearm-keycloak-postgres-0              1m     33Mi     
13:25:41 rearm-oci-artifact-5c69f5fd94-tvhcg    94m    34Mi     
13:25:41 rearm-postgresql-0                     65m    376Mi    
13:25:41 rearm-rebom-backend-768fd58455-46nwc   12m    116Mi    
13:25:41 rearm-rebom-backend-768fd58455-dp9ps   13m    111Mi    
13:25:41 rearm-rebom-backend-768fd58455-tmqdc   8m     97Mi     
13:25:41 rearm-rebom-backend-768fd58455-vkfb5   15m    73Mi     
13:25:41 rearm-rebom-postgres-0                 100m   165Mi    
13:25:41 rearm-ui-5c9b8ddf9d-krkqk              2m     3Mi      
13:25:41 testreg-66bb8f476c-wt2mf               1m     43Mi     
13:25:41 zottest-ff7cfd65c-xbgvk                2m     680Mi    
13:26:12 rearm-backend-6d79d5dcc8-rj9w4         57m    3200Mi   
13:26:12 rearm-keycloak-0                       2m     719Mi    
13:26:12 rearm-keycloak-postgres-0              1m     33Mi     
13:26:12 rearm-oci-artifact-5c69f5fd94-tvhcg    102m   26Mi     
13:26:12 rearm-postgresql-0                     88m    377Mi    
13:26:12 rearm-rebom-backend-768fd58455-46nwc   15m    116Mi    
13:26:12 rearm-rebom-backend-768fd58455-dp9ps   12m    113Mi    
13:26:12 rearm-rebom-backend-768fd58455-tmqdc   17m    75Mi     
13:26:12 rearm-rebom-backend-768fd58455-vkfb5   11m    73Mi     
13:26:12 rearm-rebom-postgres-0                 99m    165Mi    
13:26:12 rearm-ui-5c9b8ddf9d-krkqk              3m     3Mi      
13:26:12 testreg-66bb8f476c-wt2mf               1m     43Mi     
13:26:12 zottest-ff7cfd65c-xbgvk                2m     680Mi    
13:26:42 rearm-backend-6d79d5dcc8-rj9w4         54m    3017Mi   
13:26:42 rearm-keycloak-0                       2m     719Mi    
13:26:42 rearm-keycloak-postgres-0              1m     33Mi     
13:26:42 rearm-oci-artifact-5c69f5fd94-tvhcg    93m    37Mi     
13:26:42 rearm-postgresql-0                     104m   380Mi    
13:26:42 rearm-rebom-backend-768fd58455-46nwc   4m     117Mi    
13:26:42 rearm-rebom-backend-768fd58455-dp9ps   10m    114Mi    
13:26:42 rearm-rebom-backend-768fd58455-tmqdc   18m    92Mi     
13:26:42 rearm-rebom-backend-768fd58455-vkfb5   12m    91Mi     
13:26:42 rearm-rebom-postgres-0                 110m   168Mi    
13:26:42 rearm-ui-5c9b8ddf9d-krkqk              3m     3Mi      
13:26:42 testreg-66bb8f476c-wt2mf               1m     43Mi     
13:26:42 zottest-ff7cfd65c-xbgvk                2m     680Mi    
13:27:13 rearm-backend-6d79d5dcc8-rj9w4         55m    2837Mi   
13:27:13 rearm-keycloak-0                       2m     719Mi    
13:27:13 rearm-keycloak-postgres-0              1m     33Mi     
13:27:13 rearm-oci-artifact-5c69f5fd94-tvhcg    99m    42Mi     
13:27:13 rearm-postgresql-0                     93m    376Mi    
13:27:13 rearm-rebom-backend-768fd58455-46nwc   8m     116Mi    
13:27:13 rearm-rebom-backend-768fd58455-dp9ps   14m    114Mi    
13:27:13 rearm-rebom-backend-768fd58455-tmqdc   9m     90Mi     
13:27:13 rearm-rebom-backend-768fd58455-vkfb5   12m    90Mi     
13:27:13 rearm-rebom-postgres-0                 103m   165Mi    
13:27:13 rearm-ui-5c9b8ddf9d-krkqk              2m     3Mi      
13:27:13 testreg-66bb8f476c-wt2mf               1m     43Mi     
13:27:13 zottest-ff7cfd65c-xbgvk                2m     680Mi    
13:27:44 rearm-backend-6d79d5dcc8-rj9w4         82m    2756Mi   
13:27:44 rearm-keycloak-0                       2m     719Mi    
13:27:44 rearm-keycloak-postgres-0              1m     33Mi     
13:27:44 rearm-oci-artifact-5c69f5fd94-tvhcg    103m   35Mi     
13:27:44 rearm-postgresql-0                     82m    379Mi    
13:27:44 rearm-rebom-backend-768fd58455-46nwc   5m     119Mi    
13:27:44 rearm-rebom-backend-768fd58455-dp9ps   9m     116Mi    
13:27:44 rearm-rebom-backend-768fd58455-tmqdc   26m    113Mi    
13:27:44 rearm-rebom-backend-768fd58455-vkfb5   10m    89Mi     
13:27:44 rearm-rebom-postgres-0                 114m   163Mi    
13:27:44 rearm-ui-5c9b8ddf9d-krkqk              3m     3Mi      
13:27:44 testreg-66bb8f476c-wt2mf               1m     43Mi     
13:27:44 zottest-ff7cfd65c-xbgvk                2m     680Mi    
13:28:15 rearm-backend-6d79d5dcc8-rj9w4         56m    2757Mi   
13:28:15 rearm-keycloak-0                       2m     719Mi    
13:28:15 rearm-keycloak-postgres-0              1m     33Mi     
13:28:15 rearm-oci-artifact-5c69f5fd94-tvhcg    103m   34Mi     
13:28:15 rearm-postgresql-0                     70m    374Mi    
13:28:15 rearm-rebom-backend-768fd58455-46nwc   3m     115Mi    
13:28:15 rearm-rebom-backend-768fd58455-dp9ps   7m     116Mi    
13:28:15 rearm-rebom-backend-768fd58455-tmqdc   20m    115Mi    
13:28:15 rearm-rebom-backend-768fd58455-vkfb5   10m    113Mi    
13:28:15 rearm-rebom-postgres-0                 104m   165Mi    
13:28:15 rearm-ui-5c9b8ddf9d-krkqk              3m     3Mi      
13:28:15 testreg-66bb8f476c-wt2mf               1m     43Mi     
13:28:15 zottest-ff7cfd65c-xbgvk                3m     680Mi    
13:28:45 rearm-backend-6d79d5dcc8-rj9w4         54m    2758Mi   
13:28:45 rearm-keycloak-0                       2m     719Mi    
13:28:45 rearm-keycloak-postgres-0              1m     33Mi     
13:28:45 rearm-oci-artifact-5c69f5fd94-tvhcg    100m   41Mi     
13:28:45 rearm-postgresql-0                     116m   375Mi    
13:28:45 rearm-rebom-backend-768fd58455-46nwc   10m    65Mi     
13:28:45 rearm-rebom-backend-768fd58455-dp9ps   12m    111Mi    
13:28:45 rearm-rebom-backend-768fd58455-tmqdc   20m    121Mi    
13:28:45 rearm-rebom-backend-768fd58455-vkfb5   4m     113Mi    
13:28:45 rearm-rebom-postgres-0                 103m   161Mi    
13:28:45 rearm-ui-5c9b8ddf9d-krkqk              3m     3Mi      
13:28:45 testreg-66bb8f476c-wt2mf               1m     43Mi     
13:28:45 zottest-ff7cfd65c-xbgvk                2m     680Mi    
13:29:16 rearm-backend-6d79d5dcc8-rj9w4         50m    2759Mi   
13:29:16 rearm-keycloak-0                       2m     719Mi    
13:29:16 rearm-keycloak-postgres-0              1m     33Mi     
13:29:16 rearm-oci-artifact-5c69f5fd94-tvhcg    103m   24Mi     
13:29:16 rearm-postgresql-0                     93m    375Mi    
13:29:16 rearm-rebom-backend-768fd58455-46nwc   11m    67Mi     
13:29:16 rearm-rebom-backend-768fd58455-dp9ps   8m     111Mi    
13:29:16 rearm-rebom-backend-768fd58455-tmqdc   22m    85Mi     
13:29:16 rearm-rebom-backend-768fd58455-vkfb5   7m     116Mi    
13:29:16 rearm-rebom-postgres-0                 98m    163Mi    
13:29:16 rearm-ui-5c9b8ddf9d-krkqk              3m     3Mi      
13:29:16 testreg-66bb8f476c-wt2mf               1m     43Mi     
13:29:16 zottest-ff7cfd65c-xbgvk                2m     680Mi    
13:29:47 rearm-backend-6d79d5dcc8-rj9w4         59m    2756Mi   
13:29:47 rearm-keycloak-0                       2m     719Mi    
13:29:47 rearm-keycloak-postgres-0              1m     33Mi     
13:29:47 rearm-oci-artifact-5c69f5fd94-tvhcg    104m   38Mi     
13:29:47 rearm-postgresql-0                     118m   375Mi    
13:29:47 rearm-rebom-backend-768fd58455-46nwc   3m     73Mi     
13:29:47 rearm-rebom-backend-768fd58455-dp9ps   10m    115Mi    
13:29:47 rearm-rebom-backend-768fd58455-tmqdc   22m    91Mi     
13:29:47 rearm-rebom-backend-768fd58455-vkfb5   13m    115Mi    
13:29:47 rearm-rebom-postgres-0                 115m   165Mi    
13:29:47 rearm-ui-5c9b8ddf9d-krkqk              3m     3Mi      
13:29:47 testreg-66bb8f476c-wt2mf               1m     43Mi     
13:29:47 zottest-ff7cfd65c-xbgvk                2m     680Mi    
13:30:18 rearm-backend-6d79d5dcc8-rj9w4         49m    2757Mi   
13:30:18 rearm-keycloak-0                       2m     719Mi    
13:30:18 rearm-keycloak-postgres-0              1m     33Mi     
13:30:18 rearm-oci-artifact-5c69f5fd94-tvhcg    102m   29Mi     
13:30:18 rearm-postgresql-0                     143m   377Mi    
13:30:18 rearm-rebom-backend-768fd58455-46nwc   9m     62Mi     
13:30:18 rearm-rebom-backend-768fd58455-dp9ps   16m    114Mi    
13:30:18 rearm-rebom-backend-768fd58455-tmqdc   20m    104Mi    
13:30:18 rearm-rebom-backend-768fd58455-vkfb5   6m     116Mi    
13:30:18 rearm-rebom-postgres-0                 105m   163Mi    
13:30:18 rearm-ui-5c9b8ddf9d-krkqk              3m     3Mi      
13:30:18 testreg-66bb8f476c-wt2mf               1m     43Mi     
13:30:18 zottest-ff7cfd65c-xbgvk                3m     680Mi    
13:30:49 rearm-backend-6d79d5dcc8-rj9w4         65m    2758Mi   
13:30:49 rearm-keycloak-0                       2m     719Mi    
13:30:49 rearm-keycloak-postgres-0              1m     33Mi     
13:30:49 rearm-oci-artifact-5c69f5fd94-tvhcg    103m   43Mi     
13:30:49 rearm-postgresql-0                     71m    378Mi    
13:30:49 rearm-rebom-backend-768fd58455-46nwc   5m     65Mi     
13:30:49 rearm-rebom-backend-768fd58455-dp9ps   16m    113Mi    
13:30:49 rearm-rebom-backend-768fd58455-tmqdc   10m    106Mi    
13:30:49 rearm-rebom-backend-768fd58455-vkfb5   10m    115Mi    
13:30:49 rearm-rebom-postgres-0                 108m   165Mi    
13:30:49 rearm-ui-5c9b8ddf9d-krkqk              3m     3Mi      
13:30:49 testreg-66bb8f476c-wt2mf               1m     43Mi     
13:30:49 zottest-ff7cfd65c-xbgvk                2m     680Mi    
13:31:19 rearm-backend-6d79d5dcc8-rj9w4         55m    2760Mi   
13:31:19 rearm-keycloak-0                       2m     719Mi    
13:31:19 rearm-keycloak-postgres-0              1m     33Mi     
13:31:19 rearm-oci-artifact-5c69f5fd94-tvhcg    116m   44Mi     
13:31:19 rearm-postgresql-0                     102m   379Mi    
13:31:19 rearm-rebom-backend-768fd58455-46nwc   1m     62Mi     
13:31:19 rearm-rebom-backend-768fd58455-dp9ps   19m    116Mi    
13:31:19 rearm-rebom-backend-768fd58455-tmqdc   20m    109Mi    
13:31:19 rearm-rebom-backend-768fd58455-vkfb5   11m    119Mi    
13:31:19 rearm-rebom-postgres-0                 118m   163Mi    
13:31:19 rearm-ui-5c9b8ddf9d-krkqk              3m     3Mi      
13:31:19 testreg-66bb8f476c-wt2mf               1m     43Mi     
13:31:19 zottest-ff7cfd65c-xbgvk                2m     680Mi    
13:31:50 rearm-backend-6d79d5dcc8-rj9w4         50m    2762Mi   
13:31:50 rearm-keycloak-0                       2m     719Mi    
13:31:50 rearm-keycloak-postgres-0              1m     33Mi     
13:31:50 rearm-oci-artifact-5c69f5fd94-tvhcg    93m    37Mi     
13:31:50 rearm-postgresql-0                     64m    380Mi    
13:31:50 rearm-rebom-backend-768fd58455-46nwc   5m     62Mi     
13:31:50 rearm-rebom-backend-768fd58455-dp9ps   6m     115Mi    
13:31:50 rearm-rebom-backend-768fd58455-tmqdc   25m    117Mi    
13:31:50 rearm-rebom-backend-768fd58455-vkfb5   9m     118Mi    
13:31:50 rearm-rebom-postgres-0                 104m   163Mi    
13:31:50 rearm-ui-5c9b8ddf9d-krkqk              3m     3Mi      
13:31:50 testreg-66bb8f476c-wt2mf               1m     43Mi     
13:31:50 zottest-ff7cfd65c-xbgvk                2m     680Mi    
13:32:21 rearm-backend-6d79d5dcc8-rj9w4         52m    2764Mi   
13:32:21 rearm-keycloak-0                       2m     719Mi    
13:32:21 rearm-keycloak-postgres-0              1m     33Mi     
13:32:21 rearm-oci-artifact-5c69f5fd94-tvhcg    111m   38Mi     
13:32:21 rearm-postgresql-0                     74m    378Mi    
13:32:21 rearm-rebom-backend-768fd58455-46nwc   4m     63Mi     
13:32:21 rearm-rebom-backend-768fd58455-dp9ps   9m     118Mi    
13:32:21 rearm-rebom-backend-768fd58455-tmqdc   25m    118Mi    
13:32:21 rearm-rebom-backend-768fd58455-vkfb5   11m    117Mi    
13:32:21 rearm-rebom-postgres-0                 118m   163Mi    
13:32:21 rearm-ui-5c9b8ddf9d-krkqk              3m     3Mi      
13:32:21 testreg-66bb8f476c-wt2mf               1m     43Mi     
13:32:21 zottest-ff7cfd65c-xbgvk                3m     680Mi    
13:32:52 rearm-backend-6d79d5dcc8-rj9w4         55m    2670Mi   
13:32:52 rearm-keycloak-0                       2m     719Mi    
13:32:52 rearm-keycloak-postgres-0              1m     33Mi     
13:32:52 rearm-oci-artifact-5c69f5fd94-tvhcg    102m   41Mi     
13:32:52 rearm-postgresql-0                     68m    412Mi    
13:32:52 rearm-rebom-backend-768fd58455-46nwc   5m     66Mi     
13:32:52 rearm-rebom-backend-768fd58455-dp9ps   10m    115Mi    
13:32:52 rearm-rebom-backend-768fd58455-tmqdc   19m    116Mi    
13:32:52 rearm-rebom-backend-768fd58455-vkfb5   16m    117Mi    
13:32:52 rearm-rebom-postgres-0                 117m   166Mi    
13:32:52 rearm-ui-5c9b8ddf9d-krkqk              3m     3Mi      
13:32:52 testreg-66bb8f476c-wt2mf               1m     43Mi     
13:32:52 zottest-ff7cfd65c-xbgvk                3m     680Mi    
13:33:23 rearm-backend-6d79d5dcc8-rj9w4         58m    2581Mi   
13:33:23 rearm-keycloak-0                       3m     719Mi    
13:33:23 rearm-keycloak-postgres-0              1m     33Mi     
13:33:23 rearm-oci-artifact-5c69f5fd94-tvhcg    108m   41Mi     
13:33:23 rearm-postgresql-0                     75m    375Mi    
13:33:23 rearm-rebom-backend-768fd58455-46nwc   1m     64Mi     
13:33:23 rearm-rebom-backend-768fd58455-dp9ps   21m    116Mi    
13:33:23 rearm-rebom-backend-768fd58455-tmqdc   14m    116Mi    
13:33:23 rearm-rebom-backend-768fd58455-vkfb5   15m    116Mi    
13:33:23 rearm-rebom-postgres-0                 114m   161Mi    
13:33:23 rearm-ui-5c9b8ddf9d-krkqk              3m     3Mi      
13:33:23 testreg-66bb8f476c-wt2mf               1m     43Mi     
13:33:23 zottest-ff7cfd65c-xbgvk                2m     680Mi    
13:33:53 rearm-backend-6d79d5dcc8-rj9w4         50m    2492Mi   
13:33:53 rearm-keycloak-0                       2m     719Mi    
13:33:53 rearm-keycloak-postgres-0              1m     33Mi     
13:33:53 rearm-oci-artifact-5c69f5fd94-tvhcg    105m   41Mi     
13:33:53 rearm-postgresql-0                     97m    376Mi    
13:33:53 rearm-rebom-backend-768fd58455-46nwc   2m     65Mi     
13:33:53 rearm-rebom-backend-768fd58455-dp9ps   11m    114Mi    
13:33:53 rearm-rebom-backend-768fd58455-tmqdc   27m    120Mi    
13:33:53 rearm-rebom-backend-768fd58455-vkfb5   10m    117Mi    
13:33:53 rearm-rebom-postgres-0                 105m   163Mi    
13:33:53 rearm-ui-5c9b8ddf9d-krkqk              3m     3Mi      
13:33:53 testreg-66bb8f476c-wt2mf               1m     43Mi     
13:33:53 zottest-ff7cfd65c-xbgvk                2m     680Mi    
13:34:24 rearm-backend-6d79d5dcc8-rj9w4         77m    2487Mi   
13:34:24 rearm-keycloak-0                       2m     719Mi    
13:34:24 rearm-keycloak-postgres-0              1m     33Mi     
13:34:24 rearm-oci-artifact-5c69f5fd94-tvhcg    94m    45Mi     
13:34:24 rearm-postgresql-0                     97m    377Mi    
13:34:24 rearm-rebom-backend-768fd58455-46nwc   7m     65Mi     
13:34:24 rearm-rebom-backend-768fd58455-dp9ps   11m    113Mi    
13:34:24 rearm-rebom-backend-768fd58455-tmqdc   17m    117Mi    
13:34:24 rearm-rebom-backend-768fd58455-vkfb5   14m    114Mi    
13:34:24 rearm-rebom-postgres-0                 105m   161Mi    
13:34:24 rearm-ui-5c9b8ddf9d-krkqk              3m     3Mi      
13:34:24 testreg-66bb8f476c-wt2mf               1m     43Mi     
13:34:24 zottest-ff7cfd65c-xbgvk                2m     680Mi    
13:34:55 rearm-backend-6d79d5dcc8-rj9w4         54m    2398Mi   
13:34:55 rearm-keycloak-0                       2m     719Mi    
13:34:55 rearm-keycloak-postgres-0              1m     33Mi     
13:34:55 rearm-oci-artifact-5c69f5fd94-tvhcg    105m   44Mi     
13:34:55 rearm-postgresql-0                     73m    373Mi    
13:34:55 rearm-rebom-backend-768fd58455-46nwc   8m     63Mi     
13:34:55 rearm-rebom-backend-768fd58455-dp9ps   23m    115Mi    
13:34:55 rearm-rebom-backend-768fd58455-tmqdc   15m    119Mi    
13:34:55 rearm-rebom-backend-768fd58455-vkfb5   11m    117Mi    
13:34:55 rearm-rebom-postgres-0                 114m   163Mi    
13:34:55 rearm-ui-5c9b8ddf9d-krkqk              3m     3Mi      
13:34:55 testreg-66bb8f476c-wt2mf               1m     43Mi     
13:34:55 zottest-ff7cfd65c-xbgvk                3m     680Mi    
13:35:26 rearm-backend-6d79d5dcc8-rj9w4         52m    2309Mi   
13:35:26 rearm-keycloak-0                       2m     719Mi    
13:35:26 rearm-keycloak-postgres-0              1m     33Mi     
13:35:26 rearm-oci-artifact-5c69f5fd94-tvhcg    105m   28Mi     
13:35:26 rearm-postgresql-0                     79m    373Mi    
13:35:26 rearm-rebom-backend-768fd58455-46nwc   5m     64Mi     
13:35:26 rearm-rebom-backend-768fd58455-dp9ps   17m    112Mi    
13:35:26 rearm-rebom-backend-768fd58455-tmqdc   25m    119Mi    
13:35:26 rearm-rebom-backend-768fd58455-vkfb5   8m     114Mi    
13:35:26 rearm-rebom-postgres-0                 116m   161Mi    
13:35:26 rearm-ui-5c9b8ddf9d-krkqk              2m     3Mi      
13:35:26 testreg-66bb8f476c-wt2mf               1m     43Mi     
13:35:26 zottest-ff7cfd65c-xbgvk                2m     680Mi    
13:35:57 rearm-backend-6d79d5dcc8-rj9w4         52m    2219Mi   
13:35:57 rearm-keycloak-0                       2m     719Mi    
13:35:57 rearm-keycloak-postgres-0              1m     33Mi     
13:35:57 rearm-oci-artifact-5c69f5fd94-tvhcg    95m    35Mi     
13:35:57 rearm-postgresql-0                     67m    375Mi    
13:35:57 rearm-rebom-backend-768fd58455-46nwc   13m    66Mi     
13:35:57 rearm-rebom-backend-768fd58455-dp9ps   13m    113Mi    
13:35:57 rearm-rebom-backend-768fd58455-tmqdc   10m    118Mi    
13:35:57 rearm-rebom-backend-768fd58455-vkfb5   16m    113Mi    
13:35:57 rearm-rebom-postgres-0                 112m   165Mi    
13:35:57 rearm-ui-5c9b8ddf9d-krkqk              2m     3Mi      
13:35:57 testreg-66bb8f476c-wt2mf               1m     43Mi     
13:35:57 zottest-ff7cfd65c-xbgvk                2m     680Mi    
13:36:27 rearm-backend-6d79d5dcc8-rj9w4         51m    2216Mi   
13:36:27 rearm-keycloak-0                       2m     719Mi    
13:36:27 rearm-keycloak-postgres-0              1m     33Mi     
13:36:27 rearm-oci-artifact-5c69f5fd94-tvhcg    86m    43Mi     
13:36:27 rearm-postgresql-0                     122m   370Mi    
13:36:27 rearm-rebom-backend-768fd58455-46nwc   6m     61Mi     
13:36:27 rearm-rebom-backend-768fd58455-dp9ps   9m     116Mi    
13:36:27 rearm-rebom-backend-768fd58455-tmqdc   16m    119Mi    
13:36:27 rearm-rebom-backend-768fd58455-vkfb5   11m    119Mi    
13:36:27 rearm-rebom-postgres-0                 112m   161Mi    
13:36:27 rearm-ui-5c9b8ddf9d-krkqk              3m     3Mi      
13:36:27 testreg-66bb8f476c-wt2mf               1m     43Mi     
13:36:27 zottest-ff7cfd65c-xbgvk                2m     680Mi    
13:36:58 rearm-backend-6d79d5dcc8-rj9w4         60m    2218Mi   
13:36:58 rearm-keycloak-0                       2m     719Mi    
13:36:58 rearm-keycloak-postgres-0              1m     33Mi     
13:36:58 rearm-oci-artifact-5c69f5fd94-tvhcg    109m   46Mi     
13:36:58 rearm-postgresql-0                     101m   374Mi    
13:36:58 rearm-rebom-backend-768fd58455-46nwc   12m    73Mi     
13:36:58 rearm-rebom-backend-768fd58455-dp9ps   18m    115Mi    
13:36:58 rearm-rebom-backend-768fd58455-tmqdc   9m     120Mi    
13:36:58 rearm-rebom-backend-768fd58455-vkfb5   12m    117Mi    
13:36:58 rearm-rebom-postgres-0                 107m   165Mi    
13:36:58 rearm-ui-5c9b8ddf9d-krkqk              3m     3Mi      
13:36:58 testreg-66bb8f476c-wt2mf               1m     43Mi     
13:36:58 zottest-ff7cfd65c-xbgvk                2m     680Mi    
13:37:29 rearm-backend-6d79d5dcc8-rj9w4         55m    2219Mi   
13:37:29 rearm-keycloak-0                       2m     719Mi    
13:37:29 rearm-keycloak-postgres-0              1m     33Mi     
13:37:29 rearm-oci-artifact-5c69f5fd94-tvhcg    104m   40Mi     
13:37:29 rearm-postgresql-0                     127m   379Mi    
13:37:29 rearm-rebom-backend-768fd58455-46nwc   10m    66Mi     
13:37:29 rearm-rebom-backend-768fd58455-dp9ps   13m    116Mi    
13:37:29 rearm-rebom-backend-768fd58455-tmqdc   10m    118Mi    
13:37:29 rearm-rebom-backend-768fd58455-vkfb5   16m    114Mi    
13:37:29 rearm-rebom-postgres-0                 115m   168Mi    
13:37:29 rearm-ui-5c9b8ddf9d-krkqk              3m     3Mi      
13:37:29 testreg-66bb8f476c-wt2mf               1m     43Mi     
13:37:29 zottest-ff7cfd65c-xbgvk                2m     680Mi    
13:38:00 rearm-backend-6d79d5dcc8-rj9w4         55m    2218Mi   
13:38:00 rearm-keycloak-0                       2m     719Mi    
13:38:00 rearm-keycloak-postgres-0              1m     33Mi     
13:38:00 rearm-oci-artifact-5c69f5fd94-tvhcg    99m    45Mi     
13:38:00 rearm-postgresql-0                     99m    378Mi    
13:38:00 rearm-rebom-backend-768fd58455-46nwc   6m     72Mi     
13:38:00 rearm-rebom-backend-768fd58455-dp9ps   19m    115Mi    
13:38:00 rearm-rebom-backend-768fd58455-tmqdc   11m    117Mi    
13:38:00 rearm-rebom-backend-768fd58455-vkfb5   8m     118Mi    
13:38:00 rearm-rebom-postgres-0                 107m   166Mi    
13:38:00 rearm-ui-5c9b8ddf9d-krkqk              3m     3Mi      
13:38:00 testreg-66bb8f476c-wt2mf               1m     43Mi     
13:38:00 zottest-ff7cfd65c-xbgvk                3m     680Mi    
13:38:30 rearm-backend-6d79d5dcc8-rj9w4         43m    2219Mi   
13:38:30 rearm-keycloak-0                       2m     719Mi    
13:38:30 rearm-keycloak-postgres-0              1m     33Mi     
13:38:30 rearm-oci-artifact-5c69f5fd94-tvhcg    80m    47Mi     
13:38:30 rearm-postgresql-0                     64m    379Mi    
13:38:30 rearm-rebom-backend-768fd58455-46nwc   9m     64Mi     
13:38:30 rearm-rebom-backend-768fd58455-dp9ps   13m    116Mi    
13:38:30 rearm-rebom-backend-768fd58455-tmqdc   16m    116Mi    
13:38:30 rearm-rebom-backend-768fd58455-vkfb5   1m     113Mi    
13:38:30 rearm-rebom-postgres-0                 103m   161Mi    
13:38:30 rearm-ui-5c9b8ddf9d-krkqk              3m     3Mi      
13:38:30 testreg-66bb8f476c-wt2mf               1m     43Mi     
13:38:30 zottest-ff7cfd65c-xbgvk                2m     680Mi    
13:39:01 rearm-backend-6d79d5dcc8-rj9w4         56m    2220Mi   
13:39:01 rearm-keycloak-0                       2m     719Mi    
13:39:01 rearm-keycloak-postgres-0              1m     33Mi     
13:39:01 rearm-oci-artifact-5c69f5fd94-tvhcg    91m    45Mi     
13:39:01 rearm-postgresql-0                     99m    379Mi    
13:39:01 rearm-rebom-backend-768fd58455-46nwc   8m     72Mi     
13:39:01 rearm-rebom-backend-768fd58455-dp9ps   16m    114Mi    
13:39:01 rearm-rebom-backend-768fd58455-tmqdc   13m    117Mi    
13:39:01 rearm-rebom-backend-768fd58455-vkfb5   7m     114Mi    
13:39:01 rearm-rebom-postgres-0                 103m   166Mi    
13:39:01 rearm-ui-5c9b8ddf9d-krkqk              3m     3Mi      
13:39:01 testreg-66bb8f476c-wt2mf               1m     43Mi     
13:39:01 zottest-ff7cfd65c-xbgvk                2m     680Mi    
13:39:32 rearm-backend-6d79d5dcc8-rj9w4         76m   2221Mi   
13:39:32 rearm-keycloak-0                       2m    719Mi    
13:39:32 rearm-keycloak-postgres-0              1m    33Mi     
13:39:32 rearm-oci-artifact-5c69f5fd94-tvhcg    99m   27Mi     
13:39:32 rearm-postgresql-0                     99m   380Mi    
13:39:32 rearm-rebom-backend-768fd58455-46nwc   9m    66Mi     
13:39:32 rearm-rebom-backend-768fd58455-dp9ps   12m   116Mi    
13:39:32 rearm-rebom-backend-768fd58455-tmqdc   12m   115Mi    
13:39:32 rearm-rebom-backend-768fd58455-vkfb5   14m   74Mi     
13:39:32 rearm-rebom-postgres-0                 97m   168Mi    
13:39:32 rearm-ui-5c9b8ddf9d-krkqk              3m    3Mi      
13:39:32 testreg-66bb8f476c-wt2mf               1m    43Mi     
13:39:32 zottest-ff7cfd65c-xbgvk                2m    680Mi    
13:40:03 rearm-backend-6d79d5dcc8-rj9w4         53m    2222Mi   
13:40:03 rearm-keycloak-0                       2m     719Mi    
13:40:03 rearm-keycloak-postgres-0              1m     33Mi     
13:40:03 rearm-oci-artifact-5c69f5fd94-tvhcg    114m   44Mi     
13:40:03 rearm-postgresql-0                     99m    382Mi    
13:40:03 rearm-rebom-backend-768fd58455-46nwc   7m     65Mi     
13:40:03 rearm-rebom-backend-768fd58455-dp9ps   20m    114Mi    
13:40:03 rearm-rebom-backend-768fd58455-tmqdc   11m    115Mi    
13:40:03 rearm-rebom-backend-768fd58455-vkfb5   16m    87Mi     
13:40:03 rearm-rebom-postgres-0                 112m   164Mi    
13:40:03 rearm-ui-5c9b8ddf9d-krkqk              3m     3Mi      
13:40:03 testreg-66bb8f476c-wt2mf               1m     43Mi     
13:40:03 zottest-ff7cfd65c-xbgvk                3m     680Mi    
13:40:34 rearm-backend-6d79d5dcc8-rj9w4         53m    2224Mi   
13:40:34 rearm-keycloak-0                       2m     719Mi    
13:40:34 rearm-keycloak-postgres-0              1m     33Mi     
13:40:34 rearm-oci-artifact-5c69f5fd94-tvhcg    100m   46Mi     
13:40:34 rearm-postgresql-0                     101m   386Mi    
13:40:34 rearm-rebom-backend-768fd58455-46nwc   5m     62Mi     
13:40:34 rearm-rebom-backend-768fd58455-dp9ps   25m    115Mi    
13:40:34 rearm-rebom-backend-768fd58455-tmqdc   11m    120Mi    
13:40:34 rearm-rebom-backend-768fd58455-vkfb5   4m     90Mi     
13:40:34 rearm-rebom-postgres-0                 109m   164Mi    
13:40:34 rearm-ui-5c9b8ddf9d-krkqk              3m     3Mi      
13:40:34 testreg-66bb8f476c-wt2mf               1m     43Mi     
13:40:34 zottest-ff7cfd65c-xbgvk                3m     680Mi    
13:41:04 rearm-backend-6d79d5dcc8-rj9w4         67m    2221Mi   
13:41:04 rearm-keycloak-0                       2m     719Mi    
13:41:04 rearm-keycloak-postgres-0              1m     33Mi     
13:41:04 rearm-oci-artifact-5c69f5fd94-tvhcg    80m    37Mi     
13:41:04 rearm-postgresql-0                     81m    388Mi    
13:41:04 rearm-rebom-backend-768fd58455-46nwc   6m     65Mi     
13:41:04 rearm-rebom-backend-768fd58455-dp9ps   16m    118Mi    
13:41:04 rearm-rebom-backend-768fd58455-tmqdc   9m     119Mi    
13:41:04 rearm-rebom-backend-768fd58455-vkfb5   2m     60Mi     
13:41:04 rearm-rebom-postgres-0                 105m   164Mi    
13:41:04 rearm-ui-5c9b8ddf9d-krkqk              2m     3Mi      
13:41:04 testreg-66bb8f476c-wt2mf               1m     43Mi     
13:41:04 zottest-ff7cfd65c-xbgvk                2m     680Mi    
13:41:35 rearm-backend-6d79d5dcc8-rj9w4         53m    2133Mi   
13:41:35 rearm-keycloak-0                       2m     719Mi    
13:41:35 rearm-keycloak-postgres-0              1m     33Mi     
13:41:35 rearm-oci-artifact-5c69f5fd94-tvhcg    95m    46Mi     
13:41:35 rearm-postgresql-0                     92m    381Mi    
13:41:35 rearm-rebom-backend-768fd58455-46nwc   3m     62Mi     
13:41:35 rearm-rebom-backend-768fd58455-dp9ps   21m    97Mi     
13:41:35 rearm-rebom-backend-768fd58455-tmqdc   7m     115Mi    
13:41:35 rearm-rebom-backend-768fd58455-vkfb5   10m    74Mi     
13:41:35 rearm-rebom-postgres-0                 105m   164Mi    
13:41:35 rearm-ui-5c9b8ddf9d-krkqk              2m     3Mi      
13:41:35 testreg-66bb8f476c-wt2mf               1m     43Mi     
13:41:35 zottest-ff7cfd65c-xbgvk                2m     680Mi    
13:42:06 rearm-backend-6d79d5dcc8-rj9w4         49m    2134Mi   
13:42:06 rearm-keycloak-0                       2m     719Mi    
13:42:06 rearm-keycloak-postgres-0              1m     33Mi     
13:42:06 rearm-oci-artifact-5c69f5fd94-tvhcg    88m    39Mi     
13:42:06 rearm-postgresql-0                     93m    382Mi    
13:42:06 rearm-rebom-backend-768fd58455-46nwc   6m     63Mi     
13:42:06 rearm-rebom-backend-768fd58455-dp9ps   23m    104Mi    
13:42:06 rearm-rebom-backend-768fd58455-tmqdc   8m     118Mi    
13:42:06 rearm-rebom-backend-768fd58455-vkfb5   10m    73Mi     
13:42:06 rearm-rebom-postgres-0                 105m   163Mi    
13:42:06 rearm-ui-5c9b8ddf9d-krkqk              2m     3Mi      
13:42:06 testreg-66bb8f476c-wt2mf               1m     43Mi     
13:42:06 zottest-ff7cfd65c-xbgvk                3m     680Mi    
13:42:37 rearm-backend-6d79d5dcc8-rj9w4         55m    2131Mi   
13:42:37 rearm-keycloak-0                       2m     719Mi    
13:42:37 rearm-keycloak-postgres-0              1m     33Mi     
13:42:37 rearm-oci-artifact-5c69f5fd94-tvhcg    90m    45Mi     
13:42:37 rearm-postgresql-0                     62m    383Mi    
13:42:37 rearm-rebom-backend-768fd58455-46nwc   10m    68Mi     
13:42:37 rearm-rebom-backend-768fd58455-dp9ps   26m    114Mi    
13:42:37 rearm-rebom-backend-768fd58455-tmqdc   4m     117Mi    
13:42:37 rearm-rebom-backend-768fd58455-vkfb5   6m     71Mi     
13:42:37 rearm-rebom-postgres-0                 106m   164Mi    
13:42:37 rearm-ui-5c9b8ddf9d-krkqk              2m     3Mi      
13:42:37 testreg-66bb8f476c-wt2mf               1m     43Mi     
13:42:37 zottest-ff7cfd65c-xbgvk                2m     680Mi    
13:43:08 rearm-backend-6d79d5dcc8-rj9w4         45m    2132Mi   
13:43:08 rearm-keycloak-0                       2m     719Mi    
13:43:08 rearm-keycloak-postgres-0              1m     33Mi     
13:43:08 rearm-oci-artifact-5c69f5fd94-tvhcg    104m   34Mi     
13:43:08 rearm-postgresql-0                     73m    382Mi    
13:43:08 rearm-rebom-backend-768fd58455-46nwc   11m    74Mi     
13:43:08 rearm-rebom-backend-768fd58455-dp9ps   17m    117Mi    
13:43:08 rearm-rebom-backend-768fd58455-tmqdc   3m     117Mi    
13:43:08 rearm-rebom-backend-768fd58455-vkfb5   11m    68Mi     
13:43:08 rearm-rebom-postgres-0                 102m   161Mi    
13:43:08 rearm-ui-5c9b8ddf9d-krkqk              3m     3Mi      
13:43:08 testreg-66bb8f476c-wt2mf               1m     43Mi     
13:43:08 zottest-ff7cfd65c-xbgvk                2m     680Mi    
13:43:38 rearm-backend-6d79d5dcc8-rj9w4         58m    2133Mi   
13:43:38 rearm-keycloak-0                       2m     719Mi    
13:43:38 rearm-keycloak-postgres-0              1m     33Mi     
13:43:38 rearm-oci-artifact-5c69f5fd94-tvhcg    105m   40Mi     
13:43:38 rearm-postgresql-0                     90m    381Mi    
13:43:38 rearm-rebom-backend-768fd58455-46nwc   10m    78Mi     
13:43:38 rearm-rebom-backend-768fd58455-dp9ps   20m    116Mi    
13:43:38 rearm-rebom-backend-768fd58455-tmqdc   4m     120Mi    
13:43:38 rearm-rebom-backend-768fd58455-vkfb5   15m    75Mi     
13:43:38 rearm-rebom-postgres-0                 121m   164Mi    
13:43:38 rearm-ui-5c9b8ddf9d-krkqk              3m     3Mi      
13:43:38 testreg-66bb8f476c-wt2mf               1m     43Mi     
13:43:38 zottest-ff7cfd65c-xbgvk                2m     680Mi    
13:44:09 rearm-backend-6d79d5dcc8-rj9w4         49m    2038Mi   
13:44:09 rearm-keycloak-0                       2m     719Mi    
13:44:09 rearm-keycloak-postgres-0              1m     33Mi     
13:44:09 rearm-oci-artifact-5c69f5fd94-tvhcg    92m    32Mi     
13:44:09 rearm-postgresql-0                     167m   380Mi    
13:44:09 rearm-rebom-backend-768fd58455-46nwc   8m     91Mi     
13:44:09 rearm-rebom-backend-768fd58455-dp9ps   17m    117Mi    
13:44:09 rearm-rebom-backend-768fd58455-tmqdc   3m     63Mi     
13:44:09 rearm-rebom-backend-768fd58455-vkfb5   10m    90Mi     
13:44:09 rearm-rebom-postgres-0                 117m   164Mi    
13:44:09 rearm-ui-5c9b8ddf9d-krkqk              2m     3Mi      
13:44:09 testreg-66bb8f476c-wt2mf               1m     43Mi     
13:44:09 zottest-ff7cfd65c-xbgvk                3m     680Mi    
13:44:40 rearm-backend-6d79d5dcc8-rj9w4         52m    2039Mi   
13:44:40 rearm-keycloak-0                       2m     719Mi    
13:44:40 rearm-keycloak-postgres-0              1m     33Mi     
13:44:40 rearm-oci-artifact-5c69f5fd94-tvhcg    85m    45Mi     
13:44:40 rearm-postgresql-0                     89m    379Mi    
13:44:40 rearm-rebom-backend-768fd58455-46nwc   9m     89Mi     
13:44:40 rearm-rebom-backend-768fd58455-dp9ps   11m    116Mi    
13:44:40 rearm-rebom-backend-768fd58455-tmqdc   9m     63Mi     
13:44:40 rearm-rebom-backend-768fd58455-vkfb5   16m    92Mi     
13:44:40 rearm-rebom-postgres-0                 110m   166Mi    
13:44:40 rearm-ui-5c9b8ddf9d-krkqk              2m     3Mi      
13:44:40 testreg-66bb8f476c-wt2mf               1m     43Mi     
13:44:40 zottest-ff7cfd65c-xbgvk                2m     680Mi    
13:45:11 rearm-backend-6d79d5dcc8-rj9w4         52m    2040Mi   
13:45:11 rearm-keycloak-0                       2m     719Mi    
13:45:11 rearm-keycloak-postgres-0              1m     33Mi     
13:45:11 rearm-oci-artifact-5c69f5fd94-tvhcg    94m    49Mi     
13:45:11 rearm-postgresql-0                     94m    380Mi    
13:45:11 rearm-rebom-backend-768fd58455-46nwc   5m     90Mi     
13:45:11 rearm-rebom-backend-768fd58455-dp9ps   18m    114Mi    
13:45:11 rearm-rebom-backend-768fd58455-tmqdc   10m    62Mi     
13:45:11 rearm-rebom-backend-768fd58455-vkfb5   19m    110Mi    
13:45:11 rearm-rebom-postgres-0                 110m   164Mi    
13:45:11 rearm-ui-5c9b8ddf9d-krkqk              3m     3Mi      
13:45:11 testreg-66bb8f476c-wt2mf               1m     43Mi     
13:45:11 zottest-ff7cfd65c-xbgvk                2m     680Mi    
13:45:42 rearm-backend-6d79d5dcc8-rj9w4         81m    2041Mi   
13:45:42 rearm-keycloak-0                       2m     719Mi    
13:45:42 rearm-keycloak-postgres-0              1m     33Mi     
13:45:42 rearm-oci-artifact-5c69f5fd94-tvhcg    98m    41Mi     
13:45:42 rearm-postgresql-0                     94m    378Mi    
13:45:42 rearm-rebom-backend-768fd58455-46nwc   18m    69Mi     
13:45:42 rearm-rebom-backend-768fd58455-dp9ps   16m    116Mi    
13:45:42 rearm-rebom-backend-768fd58455-tmqdc   3m     63Mi     
13:45:42 rearm-rebom-backend-768fd58455-vkfb5   10m    115Mi    
13:45:42 rearm-rebom-postgres-0                 106m   162Mi    
13:45:42 rearm-ui-5c9b8ddf9d-krkqk              3m     3Mi      
13:45:42 testreg-66bb8f476c-wt2mf               1m     43Mi     
13:45:42 zottest-ff7cfd65c-xbgvk                2m     680Mi    
13:46:12 rearm-backend-6d79d5dcc8-rj9w4         44m    2043Mi   
13:46:12 rearm-keycloak-0                       2m     719Mi    
13:46:12 rearm-keycloak-postgres-0              1m     33Mi     
13:46:12 rearm-oci-artifact-5c69f5fd94-tvhcg    83m    46Mi     
13:46:12 rearm-postgresql-0                     90m    376Mi    
13:46:12 rearm-rebom-backend-768fd58455-46nwc   15m    80Mi     
13:46:12 rearm-rebom-backend-768fd58455-dp9ps   15m    114Mi    
13:46:12 rearm-rebom-backend-768fd58455-tmqdc   1m     63Mi     
13:46:12 rearm-rebom-backend-768fd58455-vkfb5   10m    116Mi    
13:46:12 rearm-rebom-postgres-0                 102m   164Mi    
13:46:12 rearm-ui-5c9b8ddf9d-krkqk              2m     3Mi      
13:46:12 testreg-66bb8f476c-wt2mf               1m     43Mi     
13:46:12 zottest-ff7cfd65c-xbgvk                3m     680Mi    
13:46:43 rearm-backend-6d79d5dcc8-rj9w4         53m    2044Mi   
13:46:43 rearm-keycloak-0                       2m     719Mi    
13:46:43 rearm-keycloak-postgres-0              1m     33Mi     
13:46:43 rearm-oci-artifact-5c69f5fd94-tvhcg    98m    41Mi     
13:46:43 rearm-postgresql-0                     69m    376Mi    
13:46:43 rearm-rebom-backend-768fd58455-46nwc   23m    91Mi     
13:46:43 rearm-rebom-backend-768fd58455-dp9ps   12m    116Mi    
13:46:43 rearm-rebom-backend-768fd58455-tmqdc   6m     65Mi     
13:46:43 rearm-rebom-backend-768fd58455-vkfb5   12m    115Mi    
13:46:43 rearm-rebom-postgres-0                 114m   164Mi    
13:46:43 rearm-ui-5c9b8ddf9d-krkqk              3m     3Mi      
13:46:43 testreg-66bb8f476c-wt2mf               1m     43Mi     
13:46:43 zottest-ff7cfd65c-xbgvk                3m     680Mi    
13:47:14 rearm-backend-6d79d5dcc8-rj9w4         47m    2045Mi   
13:47:14 rearm-keycloak-0                       2m     719Mi    
13:47:14 rearm-keycloak-postgres-0              1m     33Mi     
13:47:14 rearm-oci-artifact-5c69f5fd94-tvhcg    85m    44Mi     
13:47:14 rearm-postgresql-0                     95m    375Mi    
13:47:14 rearm-rebom-backend-768fd58455-46nwc   17m    117Mi    
13:47:14 rearm-rebom-backend-768fd58455-dp9ps   11m    112Mi    
13:47:14 rearm-rebom-backend-768fd58455-tmqdc   12m    67Mi     
13:47:14 rearm-rebom-backend-768fd58455-vkfb5   7m     115Mi    
13:47:14 rearm-rebom-postgres-0                 105m   164Mi    
13:47:14 rearm-ui-5c9b8ddf9d-krkqk              2m     3Mi      
13:47:14 testreg-66bb8f476c-wt2mf               1m     43Mi     
13:47:14 zottest-ff7cfd65c-xbgvk                2m     680Mi    
13:47:45 rearm-backend-6d79d5dcc8-rj9w4         45m    2038Mi   
13:47:45 rearm-keycloak-0                       2m     719Mi    
13:47:45 rearm-keycloak-postgres-0              1m     33Mi     
13:47:45 rearm-oci-artifact-5c69f5fd94-tvhcg    90m    39Mi     
13:47:45 rearm-postgresql-0                     99m    377Mi    
13:47:45 rearm-rebom-backend-768fd58455-46nwc   16m    115Mi    
13:47:45 rearm-rebom-backend-768fd58455-dp9ps   18m    71Mi     
13:47:45 rearm-rebom-backend-768fd58455-tmqdc   5m     65Mi     
13:47:45 rearm-rebom-backend-768fd58455-vkfb5   9m     116Mi    
13:47:45 rearm-rebom-postgres-0                 101m   162Mi    
13:47:45 rearm-ui-5c9b8ddf9d-krkqk              2m     3Mi      
13:47:45 testreg-66bb8f476c-wt2mf               1m     43Mi     
13:47:45 zottest-ff7cfd65c-xbgvk                2m     680Mi    
13:48:16 rearm-backend-6d79d5dcc8-rj9w4         47m    2039Mi   
13:48:16 rearm-keycloak-0                       2m     719Mi    
13:48:16 rearm-keycloak-postgres-0              1m     33Mi     
13:48:16 rearm-oci-artifact-5c69f5fd94-tvhcg    94m    49Mi     
13:48:16 rearm-postgresql-0                     97m    379Mi    
13:48:16 rearm-rebom-backend-768fd58455-46nwc   18m    117Mi    
13:48:16 rearm-rebom-backend-768fd58455-dp9ps   7m     77Mi     
13:48:16 rearm-rebom-backend-768fd58455-tmqdc   10m    63Mi     
13:48:16 rearm-rebom-backend-768fd58455-vkfb5   11m    115Mi    
13:48:16 rearm-rebom-postgres-0                 108m   164Mi    
13:48:16 rearm-ui-5c9b8ddf9d-krkqk              2m     3Mi      
13:48:16 testreg-66bb8f476c-wt2mf               1m     43Mi     
13:48:16 zottest-ff7cfd65c-xbgvk                3m     680Mi    
13:48:46 rearm-backend-6d79d5dcc8-rj9w4         51m    2040Mi   
13:48:46 rearm-keycloak-0                       2m     719Mi    
13:48:46 rearm-keycloak-postgres-0              1m     33Mi     
13:48:46 rearm-oci-artifact-5c69f5fd94-tvhcg    88m    49Mi     
13:48:46 rearm-postgresql-0                     101m   376Mi    
13:48:46 rearm-rebom-backend-768fd58455-46nwc   18m    114Mi    
13:48:46 rearm-rebom-backend-768fd58455-dp9ps   14m    72Mi     
13:48:46 rearm-rebom-backend-768fd58455-tmqdc   6m     65Mi     
13:48:46 rearm-rebom-backend-768fd58455-vkfb5   10m    118Mi    
13:48:46 rearm-rebom-postgres-0                 107m   162Mi    
13:48:46 rearm-ui-5c9b8ddf9d-krkqk              3m     3Mi      
13:48:46 testreg-66bb8f476c-wt2mf               1m     43Mi     
13:48:46 zottest-ff7cfd65c-xbgvk                2m     680Mi    
13:49:17 rearm-backend-6d79d5dcc8-rj9w4         76m    2043Mi   
13:49:17 rearm-keycloak-0                       2m     719Mi    
13:49:17 rearm-keycloak-postgres-0              1m     33Mi     
13:49:17 rearm-oci-artifact-5c69f5fd94-tvhcg    106m   49Mi     
13:49:17 rearm-postgresql-0                     102m   375Mi    
13:49:17 rearm-rebom-backend-768fd58455-46nwc   15m    116Mi    
13:49:17 rearm-rebom-backend-768fd58455-dp9ps   17m    76Mi     
13:49:17 rearm-rebom-backend-768fd58455-tmqdc   10m    64Mi     
13:49:17 rearm-rebom-backend-768fd58455-vkfb5   15m    116Mi    
13:49:17 rearm-rebom-postgres-0                 113m   166Mi    
13:49:17 rearm-ui-5c9b8ddf9d-krkqk              2m     3Mi      
13:49:17 testreg-66bb8f476c-wt2mf               1m     43Mi     
13:49:17 zottest-ff7cfd65c-xbgvk                2m     680Mi    
13:49:48 rearm-backend-6d79d5dcc8-rj9w4         51m    2044Mi   
13:49:48 rearm-keycloak-0                       2m     719Mi    
13:49:48 rearm-keycloak-postgres-0              1m     33Mi     
13:49:48 rearm-oci-artifact-5c69f5fd94-tvhcg    92m    43Mi     
13:49:48 rearm-postgresql-0                     103m   377Mi    
13:49:48 rearm-rebom-backend-768fd58455-46nwc   18m    116Mi    
13:49:48 rearm-rebom-backend-768fd58455-dp9ps   11m    63Mi     
13:49:48 rearm-rebom-backend-768fd58455-tmqdc   10m    63Mi     
13:49:48 rearm-rebom-backend-768fd58455-vkfb5   9m     119Mi    
13:49:48 rearm-rebom-postgres-0                 104m   164Mi    
13:49:48 rearm-ui-5c9b8ddf9d-krkqk              3m     3Mi      
13:49:48 testreg-66bb8f476c-wt2mf               1m     43Mi     
13:49:48 zottest-ff7cfd65c-xbgvk                2m     680Mi    
13:50:19 rearm-backend-6d79d5dcc8-rj9w4         48m    2045Mi   
13:50:19 rearm-keycloak-0                       2m     719Mi    
13:50:19 rearm-keycloak-postgres-0              1m     33Mi     
13:50:19 rearm-oci-artifact-5c69f5fd94-tvhcg    96m    47Mi     
13:50:19 rearm-postgresql-0                     111m   378Mi    
13:50:19 rearm-rebom-backend-768fd58455-46nwc   16m    116Mi    
13:50:19 rearm-rebom-backend-768fd58455-dp9ps   13m    74Mi     
13:50:19 rearm-rebom-backend-768fd58455-tmqdc   9m     71Mi     
13:50:19 rearm-rebom-backend-768fd58455-vkfb5   13m    117Mi    
13:50:19 rearm-rebom-postgres-0                 112m   166Mi    
13:50:19 rearm-ui-5c9b8ddf9d-krkqk              3m     3Mi      
13:50:19 testreg-66bb8f476c-wt2mf               1m     43Mi     
13:50:19 zottest-ff7cfd65c-xbgvk                3m     680Mi    
13:50:49 rearm-backend-6d79d5dcc8-rj9w4         51m    2046Mi   
13:50:49 rearm-keycloak-0                       2m     719Mi    
13:50:49 rearm-keycloak-postgres-0              1m     33Mi     
13:50:49 rearm-oci-artifact-5c69f5fd94-tvhcg    107m   41Mi     
13:50:49 rearm-postgresql-0                     125m   375Mi    
13:50:49 rearm-rebom-backend-768fd58455-46nwc   19m    118Mi    
13:50:49 rearm-rebom-backend-768fd58455-dp9ps   9m     86Mi     
13:50:49 rearm-rebom-backend-768fd58455-tmqdc   4m     71Mi     
13:50:49 rearm-rebom-backend-768fd58455-vkfb5   16m    117Mi    
13:50:49 rearm-rebom-postgres-0                 112m   166Mi    
13:50:49 rearm-ui-5c9b8ddf9d-krkqk              3m     3Mi      
13:50:49 testreg-66bb8f476c-wt2mf               1m     43Mi     
13:50:49 zottest-ff7cfd65c-xbgvk                2m     680Mi    
13:51:20 rearm-backend-6d79d5dcc8-rj9w4         57m    1960Mi   
13:51:20 rearm-keycloak-0                       2m     719Mi    
13:51:20 rearm-keycloak-postgres-0              1m     33Mi     
13:51:20 rearm-oci-artifact-5c69f5fd94-tvhcg    110m   45Mi     
13:51:20 rearm-postgresql-0                     69m    377Mi    
13:51:20 rearm-rebom-backend-768fd58455-46nwc   8m     117Mi    
13:51:20 rearm-rebom-backend-768fd58455-dp9ps   9m     90Mi     
13:51:20 rearm-rebom-backend-768fd58455-tmqdc   5m     65Mi     
13:51:20 rearm-rebom-backend-768fd58455-vkfb5   17m    118Mi    
13:51:20 rearm-rebom-postgres-0                 117m   166Mi    
13:51:20 rearm-ui-5c9b8ddf9d-krkqk              3m     3Mi      
13:51:20 testreg-66bb8f476c-wt2mf               1m     43Mi     
13:51:20 zottest-ff7cfd65c-xbgvk                3m     680Mi    
13:51:51 rearm-backend-6d79d5dcc8-rj9w4         55m    1961Mi   
13:51:51 rearm-keycloak-0                       2m     719Mi    
13:51:51 rearm-keycloak-postgres-0              1m     33Mi     
13:51:51 rearm-oci-artifact-5c69f5fd94-tvhcg    102m   52Mi     
13:51:51 rearm-postgresql-0                     102m   379Mi    
13:51:51 rearm-rebom-backend-768fd58455-46nwc   10m    115Mi    
13:51:51 rearm-rebom-backend-768fd58455-dp9ps   16m    113Mi    
13:51:51 rearm-rebom-backend-768fd58455-tmqdc   14m    66Mi     
13:51:51 rearm-rebom-backend-768fd58455-vkfb5   12m    118Mi    
13:51:51 rearm-rebom-postgres-0                 112m   166Mi    
13:51:51 rearm-ui-5c9b8ddf9d-krkqk              3m     3Mi      
13:51:51 testreg-66bb8f476c-wt2mf               1m     43Mi     
13:51:51 zottest-ff7cfd65c-xbgvk                2m     680Mi    
13:52:22 rearm-backend-6d79d5dcc8-rj9w4         74m    1958Mi   
13:52:22 rearm-keycloak-0                       2m     719Mi    
13:52:22 rearm-keycloak-postgres-0              1m     33Mi     
13:52:22 rearm-oci-artifact-5c69f5fd94-tvhcg    97m    38Mi     
13:52:22 rearm-postgresql-0                     88m    380Mi    
13:52:22 rearm-rebom-backend-768fd58455-46nwc   8m     65Mi     
13:52:22 rearm-rebom-backend-768fd58455-dp9ps   17m    113Mi    
13:52:22 rearm-rebom-backend-768fd58455-tmqdc   13m    66Mi     
13:52:22 rearm-rebom-backend-768fd58455-vkfb5   12m    117Mi    
13:52:22 rearm-rebom-postgres-0                 128m   166Mi    
13:52:22 rearm-ui-5c9b8ddf9d-krkqk              3m     3Mi      
13:52:22 testreg-66bb8f476c-wt2mf               1m     43Mi     
13:52:22 zottest-ff7cfd65c-xbgvk                2m     680Mi    
13:52:53 rearm-backend-6d79d5dcc8-rj9w4         58m    1960Mi   
13:52:53 rearm-keycloak-0                       2m     719Mi    
13:52:53 rearm-keycloak-postgres-0              1m     33Mi     
13:52:53 rearm-oci-artifact-5c69f5fd94-tvhcg    110m   50Mi     
13:52:53 rearm-postgresql-0                     101m   378Mi    
13:52:53 rearm-rebom-backend-768fd58455-46nwc   16m    68Mi     
13:52:53 rearm-rebom-backend-768fd58455-dp9ps   16m    112Mi    
13:52:53 rearm-rebom-backend-768fd58455-tmqdc   4m     64Mi     
13:52:53 rearm-rebom-backend-768fd58455-vkfb5   13m    118Mi    
13:52:53 rearm-rebom-postgres-0                 120m   166Mi    
13:52:53 rearm-ui-5c9b8ddf9d-krkqk              3m     3Mi      
13:52:53 testreg-66bb8f476c-wt2mf               1m     43Mi     
13:52:53 zottest-ff7cfd65c-xbgvk                3m     680Mi    
13:53:23 rearm-backend-6d79d5dcc8-rj9w4         55m    1961Mi   
13:53:23 rearm-keycloak-0                       2m     719Mi    
13:53:23 rearm-keycloak-postgres-0              1m     33Mi     
13:53:23 rearm-oci-artifact-5c69f5fd94-tvhcg    110m   44Mi     
13:53:23 rearm-postgresql-0                     96m    375Mi    
13:53:23 rearm-rebom-backend-768fd58455-46nwc   10m    77Mi     
13:53:23 rearm-rebom-backend-768fd58455-dp9ps   19m    115Mi    
13:53:23 rearm-rebom-backend-768fd58455-tmqdc   10m    75Mi     
13:53:23 rearm-rebom-backend-768fd58455-vkfb5   10m    92Mi     
13:53:23 rearm-rebom-postgres-0                 122m   169Mi    
13:53:23 rearm-ui-5c9b8ddf9d-krkqk              3m     3Mi      
13:53:23 testreg-66bb8f476c-wt2mf               1m     43Mi     
13:53:23 zottest-ff7cfd65c-xbgvk                2m     680Mi    
13:53:54 rearm-backend-6d79d5dcc8-rj9w4         73m    1959Mi   
13:53:54 rearm-keycloak-0                       2m     719Mi    
13:53:54 rearm-keycloak-postgres-0              1m     33Mi     
13:53:54 rearm-oci-artifact-5c69f5fd94-tvhcg    98m    41Mi     
13:53:54 rearm-postgresql-0                     69m    379Mi    
13:53:54 rearm-rebom-backend-768fd58455-46nwc   10m    86Mi     
13:53:54 rearm-rebom-backend-768fd58455-dp9ps   15m    111Mi    
13:53:54 rearm-rebom-backend-768fd58455-tmqdc   11m    88Mi     
13:53:54 rearm-rebom-backend-768fd58455-vkfb5   13m    73Mi     
13:53:54 rearm-rebom-postgres-0                 111m   166Mi    
13:53:54 rearm-ui-5c9b8ddf9d-krkqk              2m     3Mi      
13:53:54 testreg-66bb8f476c-wt2mf               1m     43Mi     
13:53:54 zottest-ff7cfd65c-xbgvk                2m     680Mi    
13:54:25 rearm-backend-6d79d5dcc8-rj9w4         61m    1961Mi   
13:54:25 rearm-keycloak-0                       2m     719Mi    
13:54:25 rearm-keycloak-postgres-0              1m     33Mi     
13:54:25 rearm-oci-artifact-5c69f5fd94-tvhcg    112m   40Mi     
13:54:25 rearm-postgresql-0                     99m    379Mi    
13:54:25 rearm-rebom-backend-768fd58455-46nwc   15m    89Mi     
13:54:25 rearm-rebom-backend-768fd58455-dp9ps   7m     115Mi    
13:54:25 rearm-rebom-backend-768fd58455-tmqdc   21m    90Mi     
13:54:25 rearm-rebom-backend-768fd58455-vkfb5   8m     77Mi     
13:54:25 rearm-rebom-postgres-0                 130m   167Mi    
13:54:25 rearm-ui-5c9b8ddf9d-krkqk              3m     3Mi      
13:54:25 testreg-66bb8f476c-wt2mf               1m     43Mi     
13:54:25 zottest-ff7cfd65c-xbgvk                2m     680Mi    
13:54:56 rearm-backend-6d79d5dcc8-rj9w4         59m    1961Mi   
13:54:56 rearm-keycloak-0                       2m     719Mi    
13:54:56 rearm-keycloak-postgres-0              1m     33Mi     
13:54:56 rearm-oci-artifact-5c69f5fd94-tvhcg    109m   38Mi     
13:54:56 rearm-postgresql-0                     88m    380Mi    
13:54:56 rearm-rebom-backend-768fd58455-46nwc   18m    87Mi     
13:54:56 rearm-rebom-backend-768fd58455-dp9ps   8m     115Mi    
13:54:56 rearm-rebom-backend-768fd58455-tmqdc   16m    72Mi     
13:54:56 rearm-rebom-backend-768fd58455-vkfb5   11m    88Mi     
13:54:56 rearm-rebom-postgres-0                 116m   167Mi    
13:54:56 rearm-ui-5c9b8ddf9d-krkqk              3m     3Mi      
13:54:56 testreg-66bb8f476c-wt2mf               1m     43Mi     
13:54:56 zottest-ff7cfd65c-xbgvk                2m     680Mi    
13:55:27 rearm-backend-6d79d5dcc8-rj9w4         67m    1955Mi   
13:55:27 rearm-keycloak-0                       2m     719Mi    
13:55:27 rearm-keycloak-postgres-0              1m     33Mi     
13:55:27 rearm-oci-artifact-5c69f5fd94-tvhcg    107m   51Mi     
13:55:27 rearm-postgresql-0                     85m    383Mi    
13:55:27 rearm-rebom-backend-768fd58455-46nwc   16m    111Mi    
13:55:27 rearm-rebom-backend-768fd58455-dp9ps   9m     112Mi    
13:55:27 rearm-rebom-backend-768fd58455-tmqdc   6m     82Mi     
13:55:27 rearm-rebom-backend-768fd58455-vkfb5   18m    88Mi     
13:55:27 rearm-rebom-postgres-0                 126m   166Mi    
13:55:27 rearm-ui-5c9b8ddf9d-krkqk              3m     3Mi      
13:55:27 testreg-66bb8f476c-wt2mf               1m     43Mi     
13:55:27 zottest-ff7cfd65c-xbgvk                2m     680Mi    
13:55:57 rearm-backend-6d79d5dcc8-rj9w4         50m    1956Mi   
13:55:57 rearm-keycloak-0                       2m     719Mi    
13:55:57 rearm-keycloak-postgres-0              1m     33Mi     
13:55:57 rearm-oci-artifact-5c69f5fd94-tvhcg    107m   51Mi     
13:55:57 rearm-postgresql-0                     65m    384Mi    
13:55:57 rearm-rebom-backend-768fd58455-46nwc   6m     116Mi    
13:55:57 rearm-rebom-backend-768fd58455-dp9ps   19m    113Mi    
13:55:57 rearm-rebom-backend-768fd58455-tmqdc   4m     85Mi     
13:55:57 rearm-rebom-backend-768fd58455-vkfb5   21m    89Mi     
13:55:57 rearm-rebom-postgres-0                 106m   164Mi    
13:55:57 rearm-ui-5c9b8ddf9d-krkqk              3m     3Mi      
13:55:57 testreg-66bb8f476c-wt2mf               1m     43Mi     
13:55:57 zottest-ff7cfd65c-xbgvk                3m     680Mi    
13:56:28 rearm-backend-6d79d5dcc8-rj9w4         55m    1940Mi   
13:56:28 rearm-keycloak-0                       2m     719Mi    
13:56:28 rearm-keycloak-postgres-0              1m     33Mi     
13:56:28 rearm-oci-artifact-5c69f5fd94-tvhcg    108m   44Mi     
13:56:28 rearm-postgresql-0                     109m   384Mi    
13:56:28 rearm-rebom-backend-768fd58455-46nwc   11m    115Mi    
13:56:28 rearm-rebom-backend-768fd58455-dp9ps   21m    114Mi    
13:56:28 rearm-rebom-backend-768fd58455-tmqdc   13m    72Mi     
13:56:28 rearm-rebom-backend-768fd58455-vkfb5   16m    74Mi     
13:56:28 rearm-rebom-postgres-0                 121m   164Mi    
13:56:28 rearm-ui-5c9b8ddf9d-krkqk              3m     3Mi      
13:56:28 testreg-66bb8f476c-wt2mf               1m     43Mi     
13:56:28 zottest-ff7cfd65c-xbgvk                3m     680Mi    
13:56:59 rearm-backend-6d79d5dcc8-rj9w4         49m    1941Mi   
13:56:59 rearm-keycloak-0                       2m     719Mi    
13:56:59 rearm-keycloak-postgres-0              1m     33Mi     
13:56:59 rearm-oci-artifact-5c69f5fd94-tvhcg    107m   44Mi     
13:56:59 rearm-postgresql-0                     104m   381Mi    
13:56:59 rearm-rebom-backend-768fd58455-46nwc   6m     117Mi    
13:56:59 rearm-rebom-backend-768fd58455-dp9ps   23m    114Mi    
13:56:59 rearm-rebom-backend-768fd58455-tmqdc   11m    74Mi     
13:56:59 rearm-rebom-backend-768fd58455-vkfb5   9m     63Mi     
13:56:59 rearm-rebom-postgres-0                 111m   167Mi    
13:56:59 rearm-ui-5c9b8ddf9d-krkqk              2m     3Mi      
13:56:59 testreg-66bb8f476c-wt2mf               1m     43Mi     
13:56:59 zottest-ff7cfd65c-xbgvk                3m     680Mi    
13:57:30 rearm-backend-6d79d5dcc8-rj9w4         78m    1942Mi   
13:57:30 rearm-keycloak-0                       2m     719Mi    
13:57:30 rearm-keycloak-postgres-0              1m     33Mi     
13:57:30 rearm-oci-artifact-5c69f5fd94-tvhcg    111m   50Mi     
13:57:30 rearm-postgresql-0                     74m    384Mi    
13:57:30 rearm-rebom-backend-768fd58455-46nwc   13m    118Mi    
13:57:30 rearm-rebom-backend-768fd58455-dp9ps   17m    116Mi    
13:57:30 rearm-rebom-backend-768fd58455-tmqdc   8m     76Mi     
13:57:30 rearm-rebom-backend-768fd58455-vkfb5   12m    68Mi     
13:57:30 rearm-rebom-postgres-0                 128m   167Mi    
13:57:30 rearm-ui-5c9b8ddf9d-krkqk              3m     3Mi      
13:57:30 testreg-66bb8f476c-wt2mf               1m     43Mi     
13:57:30 zottest-ff7cfd65c-xbgvk                3m     680Mi    
13:58:01 rearm-backend-6d79d5dcc8-rj9w4         59m    1944Mi   
13:58:01 rearm-keycloak-0                       2m     719Mi    
13:58:01 rearm-keycloak-postgres-0              1m     33Mi     
13:58:01 rearm-oci-artifact-5c69f5fd94-tvhcg    123m   42Mi     
13:58:01 rearm-postgresql-0                     150m   451Mi    
13:58:01 rearm-rebom-backend-768fd58455-46nwc   12m    118Mi    
13:58:01 rearm-rebom-backend-768fd58455-dp9ps   16m    115Mi    
13:58:01 rearm-rebom-backend-768fd58455-tmqdc   19m    78Mi     
13:58:01 rearm-rebom-backend-768fd58455-vkfb5   2m     66Mi     
13:58:01 rearm-rebom-postgres-0                 128m   165Mi    
13:58:01 rearm-ui-5c9b8ddf9d-krkqk              3m     3Mi      
13:58:01 testreg-66bb8f476c-wt2mf               1m     43Mi     
13:58:01 zottest-ff7cfd65c-xbgvk                2m     680Mi    
13:58:31 rearm-backend-6d79d5dcc8-rj9w4         75m    1942Mi   
13:58:31 rearm-keycloak-0                       2m     719Mi    
13:58:31 rearm-keycloak-postgres-0              1m     33Mi     
13:58:31 rearm-oci-artifact-5c69f5fd94-tvhcg    99m    41Mi     
13:58:31 rearm-postgresql-0                     85m    387Mi    
13:58:31 rearm-rebom-backend-768fd58455-46nwc   6m     118Mi    
13:58:31 rearm-rebom-backend-768fd58455-dp9ps   10m    115Mi    
13:58:31 rearm-rebom-backend-768fd58455-tmqdc   16m    79Mi     
13:58:31 rearm-rebom-backend-768fd58455-vkfb5   5m     64Mi     
13:58:31 rearm-rebom-postgres-0                 121m   167Mi    
13:58:31 rearm-ui-5c9b8ddf9d-krkqk              3m     3Mi      
13:58:31 testreg-66bb8f476c-wt2mf               1m     43Mi     
13:58:31 zottest-ff7cfd65c-xbgvk                2m     680Mi    
13:59:02 rearm-backend-6d79d5dcc8-rj9w4         59m    1942Mi   
13:59:02 rearm-keycloak-0                       2m     719Mi    
13:59:02 rearm-keycloak-postgres-0              1m     33Mi     
13:59:02 rearm-oci-artifact-5c69f5fd94-tvhcg    92m    48Mi     
13:59:02 rearm-postgresql-0                     105m   384Mi    
13:59:02 rearm-rebom-backend-768fd58455-46nwc   13m    116Mi    
13:59:02 rearm-rebom-backend-768fd58455-dp9ps   13m    115Mi    
13:59:02 rearm-rebom-backend-768fd58455-tmqdc   2m     81Mi     
13:59:02 rearm-rebom-backend-768fd58455-vkfb5   16m    74Mi     
13:59:02 rearm-rebom-postgres-0                 110m   162Mi    
13:59:02 rearm-ui-5c9b8ddf9d-krkqk              2m     3Mi      
13:59:02 testreg-66bb8f476c-wt2mf               1m     43Mi     
13:59:02 zottest-ff7cfd65c-xbgvk                2m     680Mi    
13:59:33 rearm-backend-6d79d5dcc8-rj9w4         48m    1944Mi   
13:59:33 rearm-keycloak-0                       2m     719Mi    
13:59:33 rearm-keycloak-postgres-0              1m     33Mi     
13:59:33 rearm-oci-artifact-5c69f5fd94-tvhcg    87m    49Mi     
13:59:33 rearm-postgresql-0                     105m   389Mi    
13:59:33 rearm-rebom-backend-768fd58455-46nwc   8m     117Mi    
13:59:33 rearm-rebom-backend-768fd58455-dp9ps   11m    116Mi    
13:59:33 rearm-rebom-backend-768fd58455-tmqdc   16m    92Mi     
13:59:33 rearm-rebom-backend-768fd58455-vkfb5   9m     88Mi     
13:59:33 rearm-rebom-postgres-0                 100m   166Mi    
13:59:33 rearm-ui-5c9b8ddf9d-krkqk              2m     3Mi      
13:59:33 testreg-66bb8f476c-wt2mf               1m     43Mi     
13:59:33 zottest-ff7cfd65c-xbgvk                2m     680Mi    
14:00:04 rearm-backend-6d79d5dcc8-rj9w4         48m    1945Mi   
14:00:04 rearm-keycloak-0                       2m     719Mi    
14:00:04 rearm-keycloak-postgres-0              1m     33Mi     
14:00:04 rearm-oci-artifact-5c69f5fd94-tvhcg    95m    51Mi     
14:00:04 rearm-postgresql-0                     71m    382Mi    
14:00:04 rearm-rebom-backend-768fd58455-46nwc   4m     117Mi    
14:00:04 rearm-rebom-backend-768fd58455-dp9ps   16m    116Mi    
14:00:04 rearm-rebom-backend-768fd58455-tmqdc   8m     68Mi     
14:00:04 rearm-rebom-backend-768fd58455-vkfb5   16m    89Mi     
14:00:04 rearm-rebom-postgres-0                 113m   165Mi    
14:00:04 rearm-ui-5c9b8ddf9d-krkqk              3m     3Mi      
14:00:04 testreg-66bb8f476c-wt2mf               1m     43Mi     
14:00:04 zottest-ff7cfd65c-xbgvk                3m     680Mi    
14:00:35 rearm-backend-6d79d5dcc8-rj9w4         54m    1945Mi   
14:00:35 rearm-keycloak-0                       2m     719Mi    
14:00:35 rearm-keycloak-postgres-0              1m     33Mi     
14:00:35 rearm-oci-artifact-5c69f5fd94-tvhcg    103m   52Mi     
14:00:35 rearm-postgresql-0                     81m    382Mi    
14:00:35 rearm-rebom-backend-768fd58455-46nwc   16m    67Mi     
14:00:35 rearm-rebom-backend-768fd58455-dp9ps   14m    116Mi    
14:00:35 rearm-rebom-backend-768fd58455-tmqdc   3m     64Mi     
14:00:35 rearm-rebom-backend-768fd58455-vkfb5   16m    89Mi     
14:00:35 rearm-rebom-postgres-0                 121m   169Mi    
14:00:35 rearm-ui-5c9b8ddf9d-krkqk              2m     3Mi      
14:00:35 testreg-66bb8f476c-wt2mf               1m     43Mi     
14:00:35 zottest-ff7cfd65c-xbgvk                2m     680Mi    
14:01:05 rearm-backend-6d79d5dcc8-rj9w4         49m    1946Mi   
14:01:05 rearm-keycloak-0                       2m     719Mi    
14:01:05 rearm-keycloak-postgres-0              1m     33Mi     
14:01:05 rearm-oci-artifact-5c69f5fd94-tvhcg    105m   41Mi     
14:01:05 rearm-postgresql-0                     114m   381Mi    
14:01:05 rearm-rebom-backend-768fd58455-46nwc   12m    77Mi     
14:01:05 rearm-rebom-backend-768fd58455-dp9ps   10m    113Mi    
14:01:05 rearm-rebom-backend-768fd58455-tmqdc   16m    67Mi     
14:01:05 rearm-rebom-backend-768fd58455-vkfb5   11m    113Mi    
14:01:05 rearm-rebom-postgres-0                 110m   167Mi    
14:01:05 rearm-ui-5c9b8ddf9d-krkqk              3m     3Mi      
14:01:05 testreg-66bb8f476c-wt2mf               1m     43Mi     
14:01:05 zottest-ff7cfd65c-xbgvk                3m     680Mi    
14:01:36 rearm-backend-6d79d5dcc8-rj9w4         68m    1941Mi   
14:01:36 rearm-keycloak-0                       2m     719Mi    
14:01:36 rearm-keycloak-postgres-0              1m     33Mi     
14:01:36 rearm-oci-artifact-5c69f5fd94-tvhcg    95m    53Mi     
14:01:36 rearm-postgresql-0                     89m    385Mi    
14:01:36 rearm-rebom-backend-768fd58455-46nwc   13m    89Mi     
14:01:36 rearm-rebom-backend-768fd58455-dp9ps   15m    115Mi    
14:01:36 rearm-rebom-backend-768fd58455-tmqdc   13m    74Mi     
14:01:36 rearm-rebom-backend-768fd58455-vkfb5   8m     116Mi    
14:01:36 rearm-rebom-postgres-0                 118m   165Mi    
14:01:36 rearm-ui-5c9b8ddf9d-krkqk              3m     3Mi      
14:01:36 testreg-66bb8f476c-wt2mf               1m     43Mi     
14:01:36 zottest-ff7cfd65c-xbgvk                2m     680Mi    
14:02:07 rearm-backend-6d79d5dcc8-rj9w4         53m    1942Mi   
14:02:07 rearm-keycloak-0                       2m     719Mi    
14:02:07 rearm-keycloak-postgres-0              1m     33Mi     
14:02:07 rearm-oci-artifact-5c69f5fd94-tvhcg    96m    51Mi     
14:02:07 rearm-postgresql-0                     90m    380Mi    
14:02:07 rearm-rebom-backend-768fd58455-46nwc   7m     89Mi     
14:02:07 rearm-rebom-backend-768fd58455-dp9ps   7m     117Mi    
14:02:07 rearm-rebom-backend-768fd58455-tmqdc   12m    67Mi     
14:02:07 rearm-rebom-backend-768fd58455-vkfb5   18m    119Mi    
14:02:07 rearm-rebom-postgres-0                 118m   167Mi    
14:02:07 rearm-ui-5c9b8ddf9d-krkqk              3m     3Mi      
14:02:07 testreg-66bb8f476c-wt2mf               1m     43Mi     
14:02:07 zottest-ff7cfd65c-xbgvk                2m     680Mi    
14:02:38 rearm-backend-6d79d5dcc8-rj9w4         44m    1943Mi   
14:02:38 rearm-keycloak-0                       2m     719Mi    
14:02:38 rearm-keycloak-postgres-0              1m     33Mi     
14:02:38 rearm-oci-artifact-5c69f5fd94-tvhcg    88m    46Mi     
14:02:38 rearm-postgresql-0                     68m    380Mi    
14:02:38 rearm-rebom-backend-768fd58455-46nwc   4m     64Mi     
14:02:38 rearm-rebom-backend-768fd58455-dp9ps   14m    115Mi    
14:02:38 rearm-rebom-backend-768fd58455-tmqdc   3m     68Mi     
14:02:38 rearm-rebom-backend-768fd58455-vkfb5   23m    115Mi    
14:02:38 rearm-rebom-postgres-0                 104m   165Mi    
14:02:38 rearm-ui-5c9b8ddf9d-krkqk              2m     3Mi      
14:02:38 testreg-66bb8f476c-wt2mf               1m     43Mi     
14:02:38 zottest-ff7cfd65c-xbgvk                2m     680Mi    
14:03:09 rearm-backend-6d79d5dcc8-rj9w4         48m    1944Mi   
14:03:09 rearm-keycloak-0                       2m     719Mi    
14:03:09 rearm-keycloak-postgres-0              1m     33Mi     
14:03:09 rearm-oci-artifact-5c69f5fd94-tvhcg    88m    51Mi     
14:03:09 rearm-postgresql-0                     81m    381Mi    
14:03:09 rearm-rebom-backend-768fd58455-46nwc   16m    68Mi     
14:03:09 rearm-rebom-backend-768fd58455-dp9ps   9m     117Mi    
14:03:09 rearm-rebom-backend-768fd58455-tmqdc   1m     70Mi     
14:03:09 rearm-rebom-backend-768fd58455-vkfb5   22m    116Mi    
14:03:09 rearm-rebom-postgres-0                 116m   165Mi    
14:03:09 rearm-ui-5c9b8ddf9d-krkqk              3m     3Mi      
14:03:09 testreg-66bb8f476c-wt2mf               1m     43Mi     
14:03:09 zottest-ff7cfd65c-xbgvk                2m     680Mi    
14:03:39 rearm-backend-6d79d5dcc8-rj9w4         73m    1947Mi   
14:03:39 rearm-keycloak-0                       2m     719Mi    
14:03:39 rearm-keycloak-postgres-0              1m     33Mi     
14:03:39 rearm-oci-artifact-5c69f5fd94-tvhcg    100m   45Mi     
14:03:39 rearm-postgresql-0                     76m    381Mi    
14:03:39 rearm-rebom-backend-768fd58455-46nwc   24m    75Mi     
14:03:39 rearm-rebom-backend-768fd58455-dp9ps   13m    115Mi    
14:03:39 rearm-rebom-backend-768fd58455-tmqdc   11m    64Mi     
14:03:39 rearm-rebom-backend-768fd58455-vkfb5   12m    117Mi    
14:03:39 rearm-rebom-postgres-0                 120m   167Mi    
14:03:39 rearm-ui-5c9b8ddf9d-krkqk              3m     3Mi      
14:03:39 testreg-66bb8f476c-wt2mf               1m     43Mi     
14:03:39 zottest-ff7cfd65c-xbgvk                3m     680Mi    
14:04:10 rearm-backend-6d79d5dcc8-rj9w4         49m    1949Mi   
14:04:10 rearm-keycloak-0                       2m     719Mi    
14:04:10 rearm-keycloak-postgres-0              1m     33Mi     
14:04:10 rearm-oci-artifact-5c69f5fd94-tvhcg    93m    49Mi     
14:04:10 rearm-postgresql-0                     86m    380Mi    
14:04:10 rearm-rebom-backend-768fd58455-46nwc   10m    92Mi     
14:04:10 rearm-rebom-backend-768fd58455-dp9ps   5m     116Mi    
14:04:10 rearm-rebom-backend-768fd58455-tmqdc   10m    76Mi     
14:04:10 rearm-rebom-backend-768fd58455-vkfb5   19m    116Mi    
14:04:10 rearm-rebom-postgres-0                 116m   163Mi    
14:04:10 rearm-ui-5c9b8ddf9d-krkqk              3m     3Mi      
14:04:10 testreg-66bb8f476c-wt2mf               1m     43Mi     
14:04:10 zottest-ff7cfd65c-xbgvk                3m     680Mi    
14:04:41 rearm-backend-6d79d5dcc8-rj9w4         49m    1950Mi   
14:04:41 rearm-keycloak-0                       2m     719Mi    
14:04:41 rearm-keycloak-postgres-0              1m     33Mi     
14:04:41 rearm-oci-artifact-5c69f5fd94-tvhcg    90m    50Mi     
14:04:41 rearm-postgresql-0                     90m    377Mi    
14:04:41 rearm-rebom-backend-768fd58455-46nwc   9m     91Mi     
14:04:41 rearm-rebom-backend-768fd58455-dp9ps   8m     113Mi    
14:04:41 rearm-rebom-backend-768fd58455-tmqdc   6m     79Mi     
14:04:41 rearm-rebom-backend-768fd58455-vkfb5   19m    117Mi    
14:04:41 rearm-rebom-postgres-0                 109m   164Mi    
14:04:41 rearm-ui-5c9b8ddf9d-krkqk              3m     3Mi      
14:04:41 testreg-66bb8f476c-wt2mf               1m     43Mi     
14:04:41 zottest-ff7cfd65c-xbgvk                3m     680Mi    
14:05:12 rearm-backend-6d79d5dcc8-rj9w4         76m    1944Mi   
14:05:12 rearm-keycloak-0                       2m     719Mi    
14:05:12 rearm-keycloak-postgres-0              1m     33Mi     
14:05:12 rearm-oci-artifact-5c69f5fd94-tvhcg    101m   46Mi     
14:05:12 rearm-postgresql-0                     103m   378Mi    
14:05:12 rearm-rebom-backend-768fd58455-46nwc   13m    90Mi     
14:05:12 rearm-rebom-backend-768fd58455-dp9ps   16m    115Mi    
14:05:12 rearm-rebom-backend-768fd58455-tmqdc   6m     64Mi     
14:05:12 rearm-rebom-backend-768fd58455-vkfb5   8m     116Mi    
14:05:12 rearm-rebom-postgres-0                 106m   165Mi    
14:05:12 rearm-ui-5c9b8ddf9d-krkqk              3m     3Mi      
14:05:12 testreg-66bb8f476c-wt2mf               1m     43Mi     
14:05:12 zottest-ff7cfd65c-xbgvk                2m     680Mi    
14:05:43 rearm-backend-6d79d5dcc8-rj9w4         50m    1945Mi   
14:05:43 rearm-keycloak-0                       2m     719Mi    
14:05:43 rearm-keycloak-postgres-0              1m     33Mi     
14:05:43 rearm-oci-artifact-5c69f5fd94-tvhcg    98m    53Mi     
14:05:43 rearm-postgresql-0                     96m    380Mi    
14:05:43 rearm-rebom-backend-768fd58455-46nwc   15m    116Mi    
14:05:43 rearm-rebom-backend-768fd58455-dp9ps   16m    113Mi    
14:05:43 rearm-rebom-backend-768fd58455-tmqdc   4m     67Mi     
14:05:43 rearm-rebom-backend-768fd58455-vkfb5   13m    116Mi    
14:05:43 rearm-rebom-postgres-0                 120m   167Mi    
14:05:43 rearm-ui-5c9b8ddf9d-krkqk              3m     3Mi      
14:05:43 testreg-66bb8f476c-wt2mf               1m     43Mi     
14:05:43 zottest-ff7cfd65c-xbgvk                2m     680Mi    
14:06:13 rearm-backend-6d79d5dcc8-rj9w4         52m    1947Mi   
14:06:13 rearm-keycloak-0                       2m     719Mi    
14:06:13 rearm-keycloak-postgres-0              1m     34Mi     
14:06:13 rearm-oci-artifact-5c69f5fd94-tvhcg    96m    50Mi     
14:06:13 rearm-postgresql-0                     111m   382Mi    
14:06:13 rearm-rebom-backend-768fd58455-46nwc   12m    117Mi    
14:06:13 rearm-rebom-backend-768fd58455-dp9ps   11m    115Mi    
14:06:13 rearm-rebom-backend-768fd58455-tmqdc   4m     64Mi     
14:06:13 rearm-rebom-backend-768fd58455-vkfb5   15m    115Mi    
14:06:13 rearm-rebom-postgres-0                 104m   169Mi    
14:06:13 rearm-ui-5c9b8ddf9d-krkqk              3m     3Mi      
14:06:13 testreg-66bb8f476c-wt2mf               1m     43Mi     
14:06:13 zottest-ff7cfd65c-xbgvk                2m     680Mi    
14:06:44 rearm-backend-6d79d5dcc8-rj9w4         86m    1947Mi   
14:06:44 rearm-keycloak-0                       2m     719Mi    
14:06:44 rearm-keycloak-postgres-0              1m     34Mi     
14:06:44 rearm-oci-artifact-5c69f5fd94-tvhcg    96m    51Mi     
14:06:44 rearm-postgresql-0                     94m    380Mi    
14:06:44 rearm-rebom-backend-768fd58455-46nwc   13m    119Mi    
14:06:44 rearm-rebom-backend-768fd58455-dp9ps   8m     114Mi    
14:06:44 rearm-rebom-backend-768fd58455-tmqdc   12m    64Mi     
14:06:44 rearm-rebom-backend-768fd58455-vkfb5   13m    116Mi    
14:06:44 rearm-rebom-postgres-0                 120m   165Mi    
14:06:44 rearm-ui-5c9b8ddf9d-krkqk              3m     3Mi      
14:06:44 testreg-66bb8f476c-wt2mf               1m     43Mi     
14:06:44 zottest-ff7cfd65c-xbgvk                3m     680Mi    
14:07:15 rearm-backend-6d79d5dcc8-rj9w4         55m    1949Mi   
14:07:15 rearm-keycloak-0                       2m     719Mi    
14:07:15 rearm-keycloak-postgres-0              1m     34Mi     
14:07:15 rearm-oci-artifact-5c69f5fd94-tvhcg    100m   43Mi     
14:07:15 rearm-postgresql-0                     111m   379Mi    
14:07:15 rearm-rebom-backend-768fd58455-46nwc   16m    116Mi    
14:07:15 rearm-rebom-backend-768fd58455-dp9ps   14m    112Mi    
14:07:15 rearm-rebom-backend-768fd58455-tmqdc   14m    72Mi     
14:07:15 rearm-rebom-backend-768fd58455-vkfb5   10m    118Mi    
14:07:15 rearm-rebom-postgres-0                 121m   165Mi    
14:07:15 rearm-ui-5c9b8ddf9d-krkqk              3m     3Mi      
14:07:15 testreg-66bb8f476c-wt2mf               1m     43Mi     
14:07:15 zottest-ff7cfd65c-xbgvk                3m     680Mi    
14:07:46 rearm-backend-6d79d5dcc8-rj9w4         51m    1951Mi   
14:07:46 rearm-keycloak-0                       2m     719Mi    
14:07:46 rearm-keycloak-postgres-0              1m     34Mi     
14:07:46 rearm-oci-artifact-5c69f5fd94-tvhcg    102m   41Mi     
14:07:46 rearm-postgresql-0                     97m    380Mi    
14:07:46 rearm-rebom-backend-768fd58455-46nwc   14m    115Mi    
14:07:46 rearm-rebom-backend-768fd58455-dp9ps   12m    115Mi    
14:07:46 rearm-rebom-backend-768fd58455-tmqdc   10m    78Mi     
14:07:46 rearm-rebom-backend-768fd58455-vkfb5   13m    116Mi    
14:07:46 rearm-rebom-postgres-0                 115m   167Mi    
14:07:46 rearm-ui-5c9b8ddf9d-krkqk              3m     3Mi      
14:07:46 testreg-66bb8f476c-wt2mf               1m     43Mi     
14:07:46 zottest-ff7cfd65c-xbgvk                398m   724Mi    
14:08:17 rearm-backend-6d79d5dcc8-rj9w4         60m    1952Mi   
14:08:17 rearm-keycloak-0                       2m     719Mi    
14:08:17 rearm-keycloak-postgres-0              1m     34Mi     
14:08:17 rearm-oci-artifact-5c69f5fd94-tvhcg    99m    49Mi     
14:08:17 rearm-postgresql-0                     106m   380Mi    
14:08:17 rearm-rebom-backend-768fd58455-46nwc   21m    117Mi    
14:08:17 rearm-rebom-backend-768fd58455-dp9ps   13m    114Mi    
14:08:17 rearm-rebom-backend-768fd58455-tmqdc   12m    80Mi     
14:08:17 rearm-rebom-backend-768fd58455-vkfb5   7m     119Mi    
14:08:17 rearm-rebom-postgres-0                 123m   163Mi    
14:08:17 rearm-ui-5c9b8ddf9d-krkqk              3m     3Mi      
14:08:17 testreg-66bb8f476c-wt2mf               1m     43Mi     
14:08:17 zottest-ff7cfd65c-xbgvk                2m     724Mi    
14:08:47 rearm-backend-6d79d5dcc8-rj9w4         51m    1967Mi   
14:08:47 rearm-keycloak-0                       2m     719Mi    
14:08:47 rearm-keycloak-postgres-0              1m     34Mi     
14:08:47 rearm-oci-artifact-5c69f5fd94-tvhcg    108m   52Mi     
14:08:47 rearm-postgresql-0                     103m   382Mi    
14:08:47 rearm-rebom-backend-768fd58455-46nwc   21m    120Mi    
14:08:47 rearm-rebom-backend-768fd58455-dp9ps   17m    113Mi    
14:08:47 rearm-rebom-backend-768fd58455-tmqdc   1m     88Mi     
14:08:47 rearm-rebom-backend-768fd58455-vkfb5   17m    115Mi    
14:08:47 rearm-rebom-postgres-0                 123m   164Mi    
14:08:47 rearm-ui-5c9b8ddf9d-krkqk              3m     3Mi      
14:08:47 testreg-66bb8f476c-wt2mf               1m     43Mi     
14:08:47 zottest-ff7cfd65c-xbgvk                3m     724Mi    
14:09:18 rearm-backend-6d79d5dcc8-rj9w4         46m    1968Mi   
14:09:18 rearm-keycloak-0                       2m     719Mi    
14:09:18 rearm-keycloak-postgres-0              1m     34Mi     
14:09:18 rearm-oci-artifact-5c69f5fd94-tvhcg    86m    49Mi     
14:09:18 rearm-postgresql-0                     122m   378Mi    
14:09:18 rearm-rebom-backend-768fd58455-46nwc   10m    119Mi    
14:09:18 rearm-rebom-backend-768fd58455-dp9ps   14m    113Mi    
14:09:18 rearm-rebom-backend-768fd58455-tmqdc   6m     68Mi     
14:09:18 rearm-rebom-backend-768fd58455-vkfb5   9m     117Mi    
14:09:18 rearm-rebom-postgres-0                 111m   167Mi    
14:09:18 rearm-ui-5c9b8ddf9d-krkqk              3m     3Mi      
14:09:18 testreg-66bb8f476c-wt2mf               1m     43Mi     
14:09:18 zottest-ff7cfd65c-xbgvk                3m     724Mi    
14:09:49 rearm-backend-6d79d5dcc8-rj9w4         57m    1969Mi   
14:09:49 rearm-keycloak-0                       2m     719Mi    
14:09:49 rearm-keycloak-postgres-0              1m     34Mi     
14:09:49 rearm-oci-artifact-5c69f5fd94-tvhcg    93m    56Mi     
14:09:49 rearm-postgresql-0                     92m    380Mi    
14:09:49 rearm-rebom-backend-768fd58455-46nwc   11m    119Mi    
14:09:49 rearm-rebom-backend-768fd58455-dp9ps   7m     114Mi    
14:09:49 rearm-rebom-backend-768fd58455-tmqdc   6m     74Mi     
14:09:49 rearm-rebom-backend-768fd58455-vkfb5   8m     118Mi    
14:09:49 rearm-rebom-postgres-0                 108m   170Mi    
14:09:49 rearm-ui-5c9b8ddf9d-krkqk              3m     3Mi      
14:09:49 testreg-66bb8f476c-wt2mf               1m     43Mi     
14:09:49 zottest-ff7cfd65c-xbgvk                4m     712Mi    
14:10:20 rearm-backend-6d79d5dcc8-rj9w4         50m    1970Mi   
14:10:20 rearm-keycloak-0                       2m     719Mi    
14:10:20 rearm-keycloak-postgres-0              1m     34Mi     
14:10:20 rearm-oci-artifact-5c69f5fd94-tvhcg    100m   55Mi     
14:10:20 rearm-postgresql-0                     86m    378Mi    
14:10:20 rearm-rebom-backend-768fd58455-46nwc   17m    116Mi    
14:10:20 rearm-rebom-backend-768fd58455-dp9ps   11m    78Mi     
14:10:20 rearm-rebom-backend-768fd58455-tmqdc   16m    80Mi     
14:10:20 rearm-rebom-backend-768fd58455-vkfb5   4m     68Mi     
14:10:20 rearm-rebom-postgres-0                 107m   167Mi    
14:10:20 rearm-ui-5c9b8ddf9d-krkqk              2m     3Mi      
14:10:20 testreg-66bb8f476c-wt2mf               1m     43Mi     
14:10:20 zottest-ff7cfd65c-xbgvk                2m     712Mi    
14:10:51 rearm-backend-6d79d5dcc8-rj9w4         49m    1972Mi   
14:10:51 rearm-keycloak-0                       2m     719Mi    
14:10:51 rearm-keycloak-postgres-0              1m     34Mi     
14:10:51 rearm-oci-artifact-5c69f5fd94-tvhcg    100m   47Mi     
14:10:51 rearm-postgresql-0                     104m   380Mi    
14:10:51 rearm-rebom-backend-768fd58455-46nwc   14m    119Mi    
14:10:51 rearm-rebom-backend-768fd58455-dp9ps   12m    95Mi     
14:10:51 rearm-rebom-backend-768fd58455-tmqdc   19m    84Mi     
14:10:51 rearm-rebom-backend-768fd58455-vkfb5   3m     64Mi     
14:10:51 rearm-rebom-postgres-0                 116m   165Mi    
14:10:51 rearm-ui-5c9b8ddf9d-krkqk              3m     3Mi      
14:10:51 testreg-66bb8f476c-wt2mf               1m     43Mi     
14:10:51 zottest-ff7cfd65c-xbgvk                2m     712Mi    
14:11:22 rearm-backend-6d79d5dcc8-rj9w4         90m    1970Mi   
14:11:22 rearm-keycloak-0                       2m     719Mi    
14:11:22 rearm-keycloak-postgres-0              1m     34Mi     
14:11:22 rearm-oci-artifact-5c69f5fd94-tvhcg    119m   50Mi     
14:11:22 rearm-postgresql-0                     142m   384Mi    
14:11:22 rearm-rebom-backend-768fd58455-46nwc   10m    119Mi    
14:11:22 rearm-rebom-backend-768fd58455-dp9ps   14m    93Mi     
14:11:22 rearm-rebom-backend-768fd58455-tmqdc   16m    95Mi     
14:11:22 rearm-rebom-backend-768fd58455-vkfb5   8m     66Mi     
14:11:22 rearm-rebom-postgres-0                 136m   166Mi    
14:11:22 rearm-ui-5c9b8ddf9d-krkqk              3m     3Mi      
14:11:22 testreg-66bb8f476c-wt2mf               1m     43Mi     
14:11:22 zottest-ff7cfd65c-xbgvk                2m     712Mi    
14:11:52 rearm-backend-6d79d5dcc8-rj9w4         57m    1972Mi   
14:11:52 rearm-keycloak-0                       2m     719Mi    
14:11:52 rearm-keycloak-postgres-0              1m     34Mi     
14:11:52 rearm-oci-artifact-5c69f5fd94-tvhcg    120m   49Mi     
14:11:52 rearm-postgresql-0                     90m    385Mi    
14:11:52 rearm-rebom-backend-768fd58455-46nwc   12m    121Mi    
14:11:52 rearm-rebom-backend-768fd58455-dp9ps   17m    93Mi     
14:11:52 rearm-rebom-backend-768fd58455-tmqdc   7m     97Mi     
14:11:52 rearm-rebom-backend-768fd58455-vkfb5   13m    72Mi     
14:11:52 rearm-rebom-postgres-0                 120m   168Mi    
14:11:52 rearm-ui-5c9b8ddf9d-krkqk              3m     3Mi      
14:11:52 testreg-66bb8f476c-wt2mf               1m     43Mi     
14:11:52 zottest-ff7cfd65c-xbgvk                3m     680Mi    
14:12:23 rearm-backend-6d79d5dcc8-rj9w4         55m    1973Mi   
14:12:23 rearm-keycloak-0                       2m     719Mi    
14:12:23 rearm-keycloak-postgres-0              1m     34Mi     
14:12:23 rearm-oci-artifact-5c69f5fd94-tvhcg    89m    56Mi     
14:12:23 rearm-postgresql-0                     84m    386Mi    
14:12:23 rearm-rebom-backend-768fd58455-46nwc   11m    120Mi    
14:12:23 rearm-rebom-backend-768fd58455-dp9ps   6m     96Mi     
14:12:23 rearm-rebom-backend-768fd58455-tmqdc   14m    97Mi     
14:12:23 rearm-rebom-backend-768fd58455-vkfb5   10m    76Mi     
14:12:23 rearm-rebom-postgres-0                 124m   166Mi    
14:12:23 rearm-ui-5c9b8ddf9d-krkqk              3m     3Mi      
14:12:23 testreg-66bb8f476c-wt2mf               1m     43Mi     
14:12:23 zottest-ff7cfd65c-xbgvk                2m     680Mi    
14:12:54 rearm-backend-6d79d5dcc8-rj9w4         85m    1969Mi   
14:12:54 rearm-keycloak-0                       2m     719Mi    
14:12:54 rearm-keycloak-postgres-0              1m     34Mi     
14:12:54 rearm-oci-artifact-5c69f5fd94-tvhcg    102m   52Mi     
14:12:54 rearm-postgresql-0                     138m   452Mi    
14:12:54 rearm-rebom-backend-768fd58455-46nwc   7m     118Mi    
14:12:54 rearm-rebom-backend-768fd58455-dp9ps   10m    59Mi     
14:12:54 rearm-rebom-backend-768fd58455-tmqdc   19m    108Mi    
14:12:54 rearm-rebom-backend-768fd58455-vkfb5   16m    91Mi     
14:12:54 rearm-rebom-postgres-0                 118m   166Mi    
14:12:54 rearm-ui-5c9b8ddf9d-krkqk              3m     3Mi      
14:12:54 testreg-66bb8f476c-wt2mf               1m     43Mi     
14:12:54 zottest-ff7cfd65c-xbgvk                2m     680Mi    
14:13:25 rearm-backend-6d79d5dcc8-rj9w4         52m    1971Mi   
14:13:25 rearm-keycloak-0                       2m     719Mi    
14:13:25 rearm-keycloak-postgres-0              1m     34Mi     
14:13:25 rearm-oci-artifact-5c69f5fd94-tvhcg    100m   54Mi     
14:13:25 rearm-postgresql-0                     132m   386Mi    
14:13:25 rearm-rebom-backend-768fd58455-46nwc   13m    116Mi    
14:13:25 rearm-rebom-backend-768fd58455-dp9ps   4m     61Mi     
14:13:25 rearm-rebom-backend-768fd58455-tmqdc   30m    117Mi    
14:13:25 rearm-rebom-backend-768fd58455-vkfb5   13m    91Mi     
14:13:25 rearm-rebom-postgres-0                 121m   163Mi    
14:13:25 rearm-ui-5c9b8ddf9d-krkqk              3m     3Mi      
14:13:25 testreg-66bb8f476c-wt2mf               1m     43Mi     
14:13:25 zottest-ff7cfd65c-xbgvk                2m     680Mi    
14:13:56 rearm-backend-6d79d5dcc8-rj9w4         53m    1972Mi   
14:13:56 rearm-keycloak-0                       2m     719Mi    
14:13:56 rearm-keycloak-postgres-0              1m     34Mi     
14:13:56 rearm-oci-artifact-5c69f5fd94-tvhcg    104m   44Mi     
14:13:56 rearm-postgresql-0                     87m    384Mi    
14:13:56 rearm-rebom-backend-768fd58455-46nwc   11m    114Mi    
14:13:56 rearm-rebom-backend-768fd58455-dp9ps   6m     66Mi     
14:13:56 rearm-rebom-backend-768fd58455-tmqdc   17m    120Mi    
14:13:56 rearm-rebom-backend-768fd58455-vkfb5   10m    103Mi    
14:13:56 rearm-rebom-postgres-0                 126m   170Mi    
14:13:56 rearm-ui-5c9b8ddf9d-krkqk              3m     3Mi      
14:13:56 testreg-66bb8f476c-wt2mf               1m     43Mi     
14:13:56 zottest-ff7cfd65c-xbgvk                2m     680Mi    
14:14:26 rearm-backend-6d79d5dcc8-rj9w4         75m    1971Mi   
14:14:26 rearm-keycloak-0                       2m     719Mi    
14:14:26 rearm-keycloak-postgres-0              1m     34Mi     
14:14:26 rearm-oci-artifact-5c69f5fd94-tvhcg    101m   55Mi     
14:14:26 rearm-postgresql-0                     71m    386Mi    
14:14:26 rearm-rebom-backend-768fd58455-46nwc   3m     117Mi    
14:14:26 rearm-rebom-backend-768fd58455-dp9ps   12m    65Mi     
14:14:26 rearm-rebom-backend-768fd58455-tmqdc   22m    117Mi    
14:14:26 rearm-rebom-backend-768fd58455-vkfb5   10m    116Mi    
14:14:26 rearm-rebom-postgres-0                 117m   168Mi    
14:14:26 rearm-ui-5c9b8ddf9d-krkqk              3m     3Mi      
14:14:26 testreg-66bb8f476c-wt2mf               1m     43Mi     
14:14:26 zottest-ff7cfd65c-xbgvk                2m     680Mi    
14:14:57 rearm-backend-6d79d5dcc8-rj9w4         51m    1972Mi   
14:14:57 rearm-keycloak-0                       2m     719Mi    
14:14:57 rearm-keycloak-postgres-0              1m     34Mi     
14:14:57 rearm-oci-artifact-5c69f5fd94-tvhcg    99m    54Mi     
14:14:57 rearm-postgresql-0                     98m    389Mi    
14:14:57 rearm-rebom-backend-768fd58455-46nwc   14m    68Mi     
14:14:57 rearm-rebom-backend-768fd58455-dp9ps   15m    72Mi     
14:14:57 rearm-rebom-backend-768fd58455-tmqdc   7m     118Mi    
14:14:57 rearm-rebom-backend-768fd58455-vkfb5   20m    116Mi    
14:14:57 rearm-rebom-postgres-0                 118m   168Mi    
14:14:57 rearm-ui-5c9b8ddf9d-krkqk              3m     3Mi      
14:14:57 testreg-66bb8f476c-wt2mf               1m     43Mi     
14:14:57 zottest-ff7cfd65c-xbgvk                2m     680Mi    
14:15:28 rearm-backend-6d79d5dcc8-rj9w4         55m    1974Mi   
14:15:28 rearm-keycloak-0                       2m     719Mi    
14:15:28 rearm-keycloak-postgres-0              1m     34Mi     
14:15:28 rearm-oci-artifact-5c69f5fd94-tvhcg    88m    48Mi     
14:15:28 rearm-postgresql-0                     83m    387Mi    
14:15:28 rearm-rebom-backend-768fd58455-46nwc   16m    76Mi     
14:15:28 rearm-rebom-backend-768fd58455-dp9ps   11m    90Mi     
14:15:28 rearm-rebom-backend-768fd58455-tmqdc   1m     116Mi    
14:15:28 rearm-rebom-backend-768fd58455-vkfb5   10m    117Mi    
14:15:28 rearm-rebom-postgres-0                 117m   166Mi    
14:15:28 rearm-ui-5c9b8ddf9d-krkqk              2m     3Mi      
14:15:28 testreg-66bb8f476c-wt2mf               1m     43Mi     
14:15:28 zottest-ff7cfd65c-xbgvk                2m     680Mi    
14:15:59 rearm-backend-6d79d5dcc8-rj9w4         73m    1972Mi   
14:15:59 rearm-keycloak-0                       2m     719Mi    
14:15:59 rearm-keycloak-postgres-0              1m     34Mi     
14:15:59 rearm-oci-artifact-5c69f5fd94-tvhcg    82m    46Mi     
14:15:59 rearm-postgresql-0                     86m    388Mi    
14:15:59 rearm-rebom-backend-768fd58455-46nwc   11m    92Mi     
14:15:59 rearm-rebom-backend-768fd58455-dp9ps   9m     89Mi     
14:15:59 rearm-rebom-backend-768fd58455-tmqdc   9m     120Mi    
14:15:59 rearm-rebom-backend-768fd58455-vkfb5   8m     119Mi    
14:15:59 rearm-rebom-postgres-0                 110m   167Mi    
14:15:59 rearm-ui-5c9b8ddf9d-krkqk              3m     3Mi      
14:15:59 testreg-66bb8f476c-wt2mf               1m     43Mi     
14:15:59 zottest-ff7cfd65c-xbgvk                2m     680Mi    
14:16:30 rearm-backend-6d79d5dcc8-rj9w4         51m    1973Mi   
14:16:30 rearm-keycloak-0                       2m     719Mi    
14:16:30 rearm-keycloak-postgres-0              1m     34Mi     
14:16:30 rearm-oci-artifact-5c69f5fd94-tvhcg    92m    50Mi     
14:16:30 rearm-postgresql-0                     97m    385Mi    
14:16:30 rearm-rebom-backend-768fd58455-46nwc   8m     90Mi     
14:16:30 rearm-rebom-backend-768fd58455-dp9ps   13m    87Mi     
14:16:30 rearm-rebom-backend-768fd58455-tmqdc   8m     119Mi    
14:16:30 rearm-rebom-backend-768fd58455-vkfb5   15m    114Mi    
14:16:30 rearm-rebom-postgres-0                 117m   164Mi    
14:16:30 rearm-ui-5c9b8ddf9d-krkqk              2m     3Mi      
14:16:30 testreg-66bb8f476c-wt2mf               1m     43Mi     
14:16:30 zottest-ff7cfd65c-xbgvk                2m     680Mi    
14:17:00 rearm-backend-6d79d5dcc8-rj9w4         53m    1975Mi   
14:17:00 rearm-keycloak-0                       2m     719Mi    
14:17:00 rearm-keycloak-postgres-0              1m     34Mi     
14:17:00 rearm-oci-artifact-5c69f5fd94-tvhcg    88m    55Mi     
14:17:00 rearm-postgresql-0                     105m   389Mi    
14:17:00 rearm-rebom-backend-768fd58455-46nwc   7m     91Mi     
14:17:00 rearm-rebom-backend-768fd58455-dp9ps   9m     87Mi     
14:17:00 rearm-rebom-backend-768fd58455-tmqdc   16m    64Mi     
14:17:00 rearm-rebom-backend-768fd58455-vkfb5   17m    118Mi    
14:17:00 rearm-rebom-postgres-0                 120m   166Mi    
14:17:00 rearm-ui-5c9b8ddf9d-krkqk              3m     3Mi      
14:17:00 testreg-66bb8f476c-wt2mf               1m     43Mi     
14:17:00 zottest-ff7cfd65c-xbgvk                2m     680Mi    
14:17:31 rearm-backend-6d79d5dcc8-rj9w4         75m    1968Mi   
14:17:31 rearm-keycloak-0                       2m     719Mi    
14:17:31 rearm-keycloak-postgres-0              1m     34Mi     
14:17:31 rearm-oci-artifact-5c69f5fd94-tvhcg    96m    55Mi     
14:17:31 rearm-postgresql-0                     108m   389Mi    
14:17:31 rearm-rebom-backend-768fd58455-46nwc   5m     74Mi     
14:17:31 rearm-rebom-backend-768fd58455-dp9ps   15m    111Mi    
14:17:31 rearm-rebom-backend-768fd58455-tmqdc   18m    76Mi     
14:17:31 rearm-rebom-backend-768fd58455-vkfb5   10m    117Mi    
14:17:31 rearm-rebom-postgres-0                 121m   166Mi    
14:17:31 rearm-ui-5c9b8ddf9d-krkqk              3m     3Mi      
14:17:31 testreg-66bb8f476c-wt2mf               1m     43Mi     
14:17:31 zottest-ff7cfd65c-xbgvk                2m     680Mi    
14:18:02 rearm-backend-6d79d5dcc8-rj9w4         69m    1969Mi   
14:18:02 rearm-keycloak-0                       2m     719Mi    
14:18:02 rearm-keycloak-postgres-0              1m     34Mi     
14:18:02 rearm-oci-artifact-5c69f5fd94-tvhcg    99m    53Mi     
14:18:02 rearm-postgresql-0                     141m   396Mi    
14:18:02 rearm-rebom-backend-768fd58455-46nwc   11m    68Mi     
14:18:02 rearm-rebom-backend-768fd58455-dp9ps   17m    112Mi    
14:18:02 rearm-rebom-backend-768fd58455-tmqdc   19m    91Mi     
14:18:02 rearm-rebom-backend-768fd58455-vkfb5   9m     115Mi    
14:18:02 rearm-rebom-postgres-0                 134m   168Mi    
14:18:02 rearm-ui-5c9b8ddf9d-krkqk              3m     3Mi      
14:18:02 testreg-66bb8f476c-wt2mf               1m     43Mi     
14:18:02 zottest-ff7cfd65c-xbgvk                2m     680Mi    
14:18:33 rearm-backend-6d79d5dcc8-rj9w4         440m   2179Mi   
14:18:33 rearm-keycloak-0                       2m     719Mi    
14:18:33 rearm-keycloak-postgres-0              1m     34Mi     
14:18:33 rearm-oci-artifact-5c69f5fd94-tvhcg    123m   47Mi     
14:18:33 rearm-postgresql-0                     739m   410Mi    
14:18:33 rearm-rebom-backend-768fd58455-46nwc   13m    67Mi     
14:18:33 rearm-rebom-backend-768fd58455-dp9ps   20m    117Mi    
14:18:33 rearm-rebom-backend-768fd58455-tmqdc   14m    116Mi    
14:18:33 rearm-rebom-backend-768fd58455-vkfb5   8m     117Mi    
14:18:33 rearm-rebom-postgres-0                 157m   168Mi    
14:18:33 rearm-ui-5c9b8ddf9d-krkqk              3m     3Mi      
14:18:33 testreg-66bb8f476c-wt2mf               1m     43Mi     
14:18:33 zottest-ff7cfd65c-xbgvk                2m     680Mi    
14:19:04 rearm-backend-6d79d5dcc8-rj9w4         979m   7435Mi   
14:19:04 rearm-keycloak-0                       2m     719Mi    
14:19:04 rearm-keycloak-postgres-0              1m     34Mi     
14:19:04 rearm-oci-artifact-5c69f5fd94-tvhcg    134m   57Mi     
14:19:04 rearm-postgresql-0                     919m   421Mi    
14:19:04 rearm-rebom-backend-768fd58455-46nwc   7m     64Mi     
14:19:04 rearm-rebom-backend-768fd58455-dp9ps   26m    118Mi    
14:19:04 rearm-rebom-backend-768fd58455-tmqdc   12m    119Mi    
14:19:04 rearm-rebom-backend-768fd58455-vkfb5   10m    116Mi    
14:19:04 rearm-rebom-postgres-0                 160m   166Mi    
14:19:04 rearm-ui-5c9b8ddf9d-krkqk              3m     3Mi      
14:19:04 testreg-66bb8f476c-wt2mf               1m     43Mi     
14:19:04 zottest-ff7cfd65c-xbgvk                2m     680Mi    
14:19:35 rearm-backend-6d79d5dcc8-rj9w4         1028m   7700Mi   
14:19:35 rearm-keycloak-0                       2m      719Mi    
14:19:35 rearm-keycloak-postgres-0              1m      34Mi     
14:19:35 rearm-oci-artifact-5c69f5fd94-tvhcg    125m    49Mi     
14:19:35 rearm-postgresql-0                     1039m   424Mi    
14:19:35 rearm-rebom-backend-768fd58455-46nwc   5m      68Mi     
14:19:35 rearm-rebom-backend-768fd58455-dp9ps   22m     116Mi    
14:19:35 rearm-rebom-backend-768fd58455-tmqdc   14m     116Mi    
14:19:35 rearm-rebom-backend-768fd58455-vkfb5   13m     117Mi    
14:19:35 rearm-rebom-postgres-0                 152m    166Mi    
14:19:35 rearm-ui-5c9b8ddf9d-krkqk              3m      3Mi      
14:19:35 testreg-66bb8f476c-wt2mf               1m      43Mi     
14:19:35 zottest-ff7cfd65c-xbgvk                2m      680Mi    
14:20:06 rearm-backend-6d79d5dcc8-rj9w4         1003m   7803Mi   
14:20:06 rearm-keycloak-0                       2m      719Mi    
14:20:06 rearm-keycloak-postgres-0              1m      34Mi     
14:20:06 rearm-oci-artifact-5c69f5fd94-tvhcg    130m    54Mi     
14:20:06 rearm-postgresql-0                     1184m   498Mi    
14:20:06 rearm-rebom-backend-768fd58455-46nwc   14m     73Mi     
14:20:06 rearm-rebom-backend-768fd58455-dp9ps   14m     116Mi    
14:20:06 rearm-rebom-backend-768fd58455-tmqdc   13m     119Mi    
14:20:06 rearm-rebom-backend-768fd58455-vkfb5   15m     114Mi    
14:20:06 rearm-rebom-postgres-0                 167m    168Mi    
14:20:06 rearm-ui-5c9b8ddf9d-krkqk              3m      3Mi      
14:20:06 testreg-66bb8f476c-wt2mf               1m      43Mi     
14:20:06 zottest-ff7cfd65c-xbgvk                2m      680Mi    
14:20:36 rearm-backend-6d79d5dcc8-rj9w4         988m    7803Mi   
14:20:36 rearm-keycloak-0                       2m      719Mi    
14:20:36 rearm-keycloak-postgres-0              1m      34Mi     
14:20:36 rearm-oci-artifact-5c69f5fd94-tvhcg    127m    60Mi     
14:20:36 rearm-postgresql-0                     1008m   425Mi    
14:20:36 rearm-rebom-backend-768fd58455-46nwc   4m      75Mi     
14:20:36 rearm-rebom-backend-768fd58455-dp9ps   19m     116Mi    
14:20:36 rearm-rebom-backend-768fd58455-tmqdc   19m     119Mi    
14:20:36 rearm-rebom-backend-768fd58455-vkfb5   7m      118Mi    
14:20:36 rearm-rebom-postgres-0                 151m    166Mi    
14:20:36 rearm-ui-5c9b8ddf9d-krkqk              2m      3Mi      
14:20:36 testreg-66bb8f476c-wt2mf               1m      43Mi     
14:20:36 zottest-ff7cfd65c-xbgvk                2m      680Mi    
14:21:07 rearm-backend-6d79d5dcc8-rj9w4         1014m   7840Mi   
14:21:07 rearm-keycloak-0                       2m      719Mi    
14:21:07 rearm-keycloak-postgres-0              1m      34Mi     
14:21:07 rearm-oci-artifact-5c69f5fd94-tvhcg    111m    54Mi     
14:21:07 rearm-postgresql-0                     1115m   423Mi    
14:21:07 rearm-rebom-backend-768fd58455-46nwc   12m     63Mi     
14:21:07 rearm-rebom-backend-768fd58455-dp9ps   22m     115Mi    
14:21:07 rearm-rebom-backend-768fd58455-tmqdc   11m     120Mi    
14:21:07 rearm-rebom-backend-768fd58455-vkfb5   15m     115Mi    
14:21:07 rearm-rebom-postgres-0                 148m    163Mi    
14:21:07 rearm-ui-5c9b8ddf9d-krkqk              3m      3Mi      
14:21:07 testreg-66bb8f476c-wt2mf               1m      43Mi     
14:21:07 zottest-ff7cfd65c-xbgvk                2m      680Mi    
14:21:38 rearm-backend-6d79d5dcc8-rj9w4         976m   7841Mi   
14:21:38 rearm-keycloak-0                       2m     719Mi    
14:21:38 rearm-keycloak-postgres-0              1m     34Mi     
14:21:38 rearm-oci-artifact-5c69f5fd94-tvhcg    94m    44Mi     
14:21:38 rearm-postgresql-0                     986m   418Mi    
14:21:38 rearm-rebom-backend-768fd58455-46nwc   5m     64Mi     
14:21:38 rearm-rebom-backend-768fd58455-dp9ps   20m    115Mi    
14:21:38 rearm-rebom-backend-768fd58455-tmqdc   10m    117Mi    
14:21:38 rearm-rebom-backend-768fd58455-vkfb5   13m    113Mi    
14:21:38 rearm-rebom-postgres-0                 140m   164Mi    
14:21:38 rearm-ui-5c9b8ddf9d-krkqk              2m     3Mi      
14:21:38 testreg-66bb8f476c-wt2mf               1m     43Mi     
14:21:38 zottest-ff7cfd65c-xbgvk                4m     680Mi    
14:22:09 rearm-backend-6d79d5dcc8-rj9w4         975m    7840Mi   
14:22:09 rearm-keycloak-0                       2m      719Mi    
14:22:09 rearm-keycloak-postgres-0              1m      34Mi     
14:22:09 rearm-oci-artifact-5c69f5fd94-tvhcg    97m     50Mi     
14:22:09 rearm-postgresql-0                     1095m   421Mi    
14:22:09 rearm-rebom-backend-768fd58455-46nwc   7m      60Mi     
14:22:09 rearm-rebom-backend-768fd58455-dp9ps   20m     111Mi    
14:22:09 rearm-rebom-backend-768fd58455-tmqdc   6m      119Mi    
14:22:09 rearm-rebom-backend-768fd58455-vkfb5   10m     117Mi    
14:22:09 rearm-rebom-postgres-0                 121m    166Mi    
14:22:09 rearm-ui-5c9b8ddf9d-krkqk              2m      3Mi      
14:22:09 testreg-66bb8f476c-wt2mf               1m      43Mi     
14:22:09 zottest-ff7cfd65c-xbgvk                2m      680Mi    
14:22:40 rearm-backend-6d79d5dcc8-rj9w4         91m    7841Mi   
14:22:40 rearm-keycloak-0                       2m     719Mi    
14:22:40 rearm-keycloak-postgres-0              1m     34Mi     
14:22:40 rearm-oci-artifact-5c69f5fd94-tvhcg    86m    54Mi     
14:22:40 rearm-postgresql-0                     576m   405Mi    
14:22:40 rearm-rebom-backend-768fd58455-46nwc   1m     61Mi     
14:22:40 rearm-rebom-backend-768fd58455-dp9ps   19m    116Mi    
14:22:40 rearm-rebom-backend-768fd58455-tmqdc   2m     115Mi    
14:22:40 rearm-rebom-backend-768fd58455-vkfb5   12m    114Mi    
14:22:40 rearm-rebom-postgres-0                 95m    162Mi    
14:22:40 rearm-ui-5c9b8ddf9d-krkqk              2m     2Mi      
14:22:40 testreg-66bb8f476c-wt2mf               1m     43Mi     
14:22:40 zottest-ff7cfd65c-xbgvk                2m     680Mi    
14:23:11 rearm-backend-6d79d5dcc8-rj9w4         64m    7841Mi   
14:23:11 rearm-keycloak-0                       2m     719Mi    
14:23:11 rearm-keycloak-postgres-0              1m     34Mi     
14:23:11 rearm-oci-artifact-5c69f5fd94-tvhcg    37m    51Mi     
14:23:11 rearm-postgresql-0                     572m   405Mi    
14:23:11 rearm-rebom-backend-768fd58455-46nwc   1m     61Mi     
14:23:11 rearm-rebom-backend-768fd58455-dp9ps   12m    115Mi    
14:23:11 rearm-rebom-backend-768fd58455-tmqdc   1m     115Mi    
14:23:11 rearm-rebom-backend-768fd58455-vkfb5   6m     115Mi    
14:23:11 rearm-rebom-postgres-0                 52m    159Mi    
14:23:11 rearm-ui-5c9b8ddf9d-krkqk              1m     2Mi      
14:23:11 testreg-66bb8f476c-wt2mf               1m     43Mi     
14:23:11 zottest-ff7cfd65c-xbgvk                3m     680Mi    
14:23:42 rearm-backend-6d79d5dcc8-rj9w4         83m    7840Mi   
14:23:42 rearm-keycloak-0                       2m     719Mi    
14:23:42 rearm-keycloak-postgres-0              1m     34Mi     
14:23:42 rearm-oci-artifact-5c69f5fd94-tvhcg    16m    40Mi     
14:23:42 rearm-postgresql-0                     551m   403Mi    
14:23:42 rearm-rebom-backend-768fd58455-46nwc   1m     61Mi     
14:23:42 rearm-rebom-backend-768fd58455-dp9ps   9m     114Mi    
14:23:42 rearm-rebom-backend-768fd58455-tmqdc   1m     115Mi    
14:23:42 rearm-rebom-backend-768fd58455-vkfb5   3m     117Mi    
14:23:42 rearm-rebom-postgres-0                 37m    157Mi    
14:23:42 rearm-ui-5c9b8ddf9d-krkqk              1m     2Mi      
14:23:42 testreg-66bb8f476c-wt2mf               1m     43Mi     
14:23:42 zottest-ff7cfd65c-xbgvk                2m     680Mi    
14:24:12 rearm-backend-6d79d5dcc8-rj9w4         50m    7840Mi   
14:24:12 rearm-keycloak-0                       2m     719Mi    
14:24:12 rearm-keycloak-postgres-0              1m     34Mi     
14:24:12 rearm-oci-artifact-5c69f5fd94-tvhcg    7m     42Mi     
14:24:12 rearm-postgresql-0                     582m   396Mi    
14:24:12 rearm-rebom-backend-768fd58455-46nwc   9m     62Mi     
14:24:12 rearm-rebom-backend-768fd58455-dp9ps   4m     114Mi    
14:24:12 rearm-rebom-backend-768fd58455-tmqdc   6m     56Mi     
14:24:12 rearm-rebom-backend-768fd58455-vkfb5   1m     117Mi    
14:24:12 rearm-rebom-postgres-0                 25m    155Mi    
14:24:12 rearm-ui-5c9b8ddf9d-krkqk              1m     2Mi      
14:24:12 testreg-66bb8f476c-wt2mf               1m     43Mi     
14:24:12 zottest-ff7cfd65c-xbgvk                2m     680Mi    
14:24:43 rearm-backend-6d79d5dcc8-rj9w4         43m    7840Mi   
14:24:43 rearm-keycloak-0                       2m     719Mi    
14:24:43 rearm-keycloak-postgres-0              1m     34Mi     
14:24:43 rearm-oci-artifact-5c69f5fd94-tvhcg    7m     42Mi     
14:24:43 rearm-postgresql-0                     550m   389Mi    
14:24:43 rearm-rebom-backend-768fd58455-46nwc   10m    68Mi     
14:24:43 rearm-rebom-backend-768fd58455-dp9ps   1m     114Mi    
14:24:43 rearm-rebom-backend-768fd58455-tmqdc   1m     56Mi     
14:24:43 rearm-rebom-backend-768fd58455-vkfb5   5m     55Mi     
14:24:43 rearm-rebom-postgres-0                 26m    155Mi    
14:24:43 rearm-ui-5c9b8ddf9d-krkqk              1m     2Mi      
14:24:43 testreg-66bb8f476c-wt2mf               1m     43Mi     
14:24:43 zottest-ff7cfd65c-xbgvk                2m     680Mi    
14:25:14 rearm-backend-6d79d5dcc8-rj9w4         55m    7840Mi   
14:25:14 rearm-keycloak-0                       2m     719Mi    
14:25:14 rearm-keycloak-postgres-0              1m     34Mi     
14:25:14 rearm-oci-artifact-5c69f5fd94-tvhcg    7m     45Mi     
14:25:14 rearm-postgresql-0                     578m   360Mi    
14:25:14 rearm-rebom-backend-768fd58455-46nwc   10m    73Mi     
14:25:14 rearm-rebom-backend-768fd58455-dp9ps   4m     53Mi     
14:25:14 rearm-rebom-backend-768fd58455-tmqdc   1m     56Mi     
14:25:14 rearm-rebom-backend-768fd58455-vkfb5   1m     55Mi     
14:25:14 rearm-rebom-postgres-0                 25m    155Mi    
14:25:14 rearm-ui-5c9b8ddf9d-krkqk              1m     2Mi      
14:25:14 testreg-66bb8f476c-wt2mf               1m     43Mi     
14:25:14 zottest-ff7cfd65c-xbgvk                3m     680Mi    
14:25:45 rearm-backend-6d79d5dcc8-rj9w4         68m    7840Mi   
14:25:45 rearm-keycloak-0                       2m     719Mi    
14:25:45 rearm-keycloak-postgres-0              1m     34Mi     
14:25:45 rearm-oci-artifact-5c69f5fd94-tvhcg    7m     45Mi     
14:25:45 rearm-postgresql-0                     507m   352Mi    
14:25:45 rearm-rebom-backend-768fd58455-46nwc   9m     75Mi     
14:25:45 rearm-rebom-backend-768fd58455-dp9ps   1m     53Mi     
14:25:45 rearm-rebom-backend-768fd58455-tmqdc   1m     56Mi     
14:25:45 rearm-rebom-backend-768fd58455-vkfb5   1m     55Mi     
14:25:45 rearm-rebom-postgres-0                 25m    155Mi    
14:25:45 rearm-ui-5c9b8ddf9d-krkqk              1m     2Mi      
14:25:45 testreg-66bb8f476c-wt2mf               1m     43Mi     
14:25:45 zottest-ff7cfd65c-xbgvk                3m     680Mi    
14:26:16 rearm-backend-6d79d5dcc8-rj9w4         82m    7840Mi   
14:26:16 rearm-keycloak-0                       2m     719Mi    
14:26:16 rearm-keycloak-postgres-0              1m     34Mi     
14:26:16 rearm-oci-artifact-5c69f5fd94-tvhcg    7m     43Mi     
14:26:16 rearm-postgresql-0                     611m   355Mi    
14:26:16 rearm-rebom-backend-768fd58455-46nwc   13m    74Mi     
14:26:16 rearm-rebom-backend-768fd58455-dp9ps   1m     53Mi     
14:26:16 rearm-rebom-backend-768fd58455-tmqdc   4m     53Mi     
14:26:16 rearm-rebom-backend-768fd58455-vkfb5   1m     55Mi     
14:26:16 rearm-rebom-postgres-0                 25m    155Mi    
14:26:16 rearm-ui-5c9b8ddf9d-krkqk              1m     2Mi      
14:26:16 testreg-66bb8f476c-wt2mf               1m     43Mi     
14:26:16 zottest-ff7cfd65c-xbgvk                2m     680Mi    
14:26:47 rearm-backend-6d79d5dcc8-rj9w4         47m    7840Mi   
14:26:47 rearm-keycloak-0                       2m     719Mi    
14:26:47 rearm-keycloak-postgres-0              1m     34Mi     
14:26:47 rearm-oci-artifact-5c69f5fd94-tvhcg    7m     48Mi     
14:26:47 rearm-postgresql-0                     560m   346Mi    
14:26:47 rearm-rebom-backend-768fd58455-46nwc   13m    85Mi     
14:26:47 rearm-rebom-backend-768fd58455-dp9ps   1m     53Mi     
14:26:47 rearm-rebom-backend-768fd58455-tmqdc   0m     53Mi     
14:26:47 rearm-rebom-backend-768fd58455-vkfb5   1m     52Mi     
14:26:47 rearm-rebom-postgres-0                 26m    155Mi    
14:26:47 rearm-ui-5c9b8ddf9d-krkqk              1m     2Mi      
14:26:47 testreg-66bb8f476c-wt2mf               1m     43Mi     
14:26:47 zottest-ff7cfd65c-xbgvk                2m     680Mi    
14:27:18 rearm-backend-6d79d5dcc8-rj9w4         72m    7840Mi   
14:27:18 rearm-keycloak-0                       2m     719Mi    
14:27:18 rearm-keycloak-postgres-0              1m     34Mi     
14:27:18 rearm-oci-artifact-5c69f5fd94-tvhcg    7m     42Mi     
14:27:18 rearm-postgresql-0                     554m   341Mi    
14:27:18 rearm-rebom-backend-768fd58455-46nwc   8m     89Mi     
14:27:18 rearm-rebom-backend-768fd58455-dp9ps   1m     49Mi     
14:27:18 rearm-rebom-backend-768fd58455-tmqdc   0m     53Mi     
14:27:18 rearm-rebom-backend-768fd58455-vkfb5   1m     52Mi     
14:27:18 rearm-rebom-postgres-0                 25m    155Mi    
14:27:18 rearm-ui-5c9b8ddf9d-krkqk              1m     2Mi      
14:27:18 testreg-66bb8f476c-wt2mf               1m     43Mi     
14:27:18 zottest-ff7cfd65c-xbgvk                2m     680Mi    
14:27:48 rearm-backend-6d79d5dcc8-rj9w4         50m    7840Mi   
14:27:48 rearm-keycloak-0                       2m     719Mi    
14:27:48 rearm-keycloak-postgres-0              1m     34Mi     
14:27:48 rearm-oci-artifact-5c69f5fd94-tvhcg    7m     43Mi     
14:27:48 rearm-postgresql-0                     572m   334Mi    
14:27:48 rearm-rebom-backend-768fd58455-46nwc   9m     90Mi     
14:27:48 rearm-rebom-backend-768fd58455-dp9ps   1m     49Mi     
14:27:48 rearm-rebom-backend-768fd58455-tmqdc   1m     53Mi     
14:27:48 rearm-rebom-backend-768fd58455-vkfb5   1m     52Mi     
14:27:48 rearm-rebom-postgres-0                 26m    155Mi    
14:27:48 rearm-ui-5c9b8ddf9d-krkqk              1m     2Mi      
14:27:48 testreg-66bb8f476c-wt2mf               1m     43Mi     
14:27:48 zottest-ff7cfd65c-xbgvk                3m     680Mi    
14:28:19 rearm-backend-6d79d5dcc8-rj9w4         53m    7840Mi   
14:28:19 rearm-keycloak-0                       2m     719Mi    
14:28:19 rearm-keycloak-postgres-0              1m     34Mi     
14:28:19 rearm-oci-artifact-5c69f5fd94-tvhcg    7m     42Mi     
14:28:19 rearm-postgresql-0                     508m   327Mi    
14:28:19 rearm-rebom-backend-768fd58455-46nwc   14m    89Mi     
14:28:19 rearm-rebom-backend-768fd58455-dp9ps   1m     49Mi     
14:28:19 rearm-rebom-backend-768fd58455-tmqdc   1m     53Mi     
14:28:19 rearm-rebom-backend-768fd58455-vkfb5   1m     52Mi     
14:28:19 rearm-rebom-postgres-0                 24m    155Mi    
14:28:19 rearm-ui-5c9b8ddf9d-krkqk              1m     2Mi      
14:28:19 testreg-66bb8f476c-wt2mf               1m     43Mi     
14:28:19 zottest-ff7cfd65c-xbgvk                2m     680Mi    
14:28:50 rearm-backend-6d79d5dcc8-rj9w4         48m    7840Mi   
14:28:50 rearm-keycloak-0                       2m     719Mi    
14:28:50 rearm-keycloak-postgres-0              1m     34Mi     
14:28:50 rearm-oci-artifact-5c69f5fd94-tvhcg    7m     43Mi     
14:28:50 rearm-postgresql-0                     554m   324Mi    
14:28:50 rearm-rebom-backend-768fd58455-46nwc   8m     90Mi     
14:28:50 rearm-rebom-backend-768fd58455-dp9ps   0m     49Mi     
14:28:50 rearm-rebom-backend-768fd58455-tmqdc   1m     53Mi     
14:28:50 rearm-rebom-backend-768fd58455-vkfb5   0m     52Mi     
14:28:50 rearm-rebom-postgres-0                 25m    157Mi    
14:28:50 rearm-ui-5c9b8ddf9d-krkqk              1m     2Mi      
14:28:50 testreg-66bb8f476c-wt2mf               1m     43Mi     
14:28:50 zottest-ff7cfd65c-xbgvk                2m     680Mi    
14:29:21 rearm-backend-6d79d5dcc8-rj9w4         71m    7840Mi   
14:29:21 rearm-keycloak-0                       2m     719Mi    
14:29:21 rearm-keycloak-postgres-0              1m     34Mi     
14:29:21 rearm-oci-artifact-5c69f5fd94-tvhcg    7m     44Mi     
14:29:21 rearm-postgresql-0                     585m   316Mi    
14:29:21 rearm-rebom-backend-768fd58455-46nwc   0m     90Mi     
14:29:21 rearm-rebom-backend-768fd58455-dp9ps   0m     49Mi     
14:29:21 rearm-rebom-backend-768fd58455-tmqdc   1m     53Mi     
14:29:21 rearm-rebom-backend-768fd58455-vkfb5   17m    61Mi     
14:29:21 rearm-rebom-postgres-0                 24m    155Mi    
14:29:21 rearm-ui-5c9b8ddf9d-krkqk              1m     2Mi      
14:29:21 testreg-66bb8f476c-wt2mf               1m     43Mi     
14:29:21 zottest-ff7cfd65c-xbgvk                2m     680Mi    
14:29:52 rearm-backend-6d79d5dcc8-rj9w4         104m   7840Mi   
14:29:52 rearm-keycloak-0                       2m     719Mi    
14:29:52 rearm-keycloak-postgres-0              1m     34Mi     
14:29:52 rearm-oci-artifact-5c69f5fd94-tvhcg    11m    44Mi     
14:29:52 rearm-postgresql-0                     460m   318Mi    
14:29:52 rearm-rebom-backend-768fd58455-46nwc   1m     90Mi     
14:29:52 rearm-rebom-backend-768fd58455-dp9ps   0m     49Mi     
14:29:52 rearm-rebom-backend-768fd58455-tmqdc   1m     53Mi     
14:29:52 rearm-rebom-backend-768fd58455-vkfb5   18m    68Mi     
14:29:52 rearm-rebom-postgres-0                 33m    155Mi    
14:29:52 rearm-ui-5c9b8ddf9d-krkqk              1m     2Mi      
14:29:52 testreg-66bb8f476c-wt2mf               1m     43Mi     
14:29:52 zottest-ff7cfd65c-xbgvk                2m     680Mi    
14:30:23 rearm-backend-6d79d5dcc8-rj9w4         46m    7840Mi   
14:30:23 rearm-keycloak-0                       2m     719Mi    
14:30:23 rearm-keycloak-postgres-0              1m     34Mi     
14:30:23 rearm-oci-artifact-5c69f5fd94-tvhcg    7m     43Mi     
14:30:23 rearm-postgresql-0                     561m   319Mi    
14:30:23 rearm-rebom-backend-768fd58455-46nwc   0m     90Mi     
14:30:23 rearm-rebom-backend-768fd58455-dp9ps   0m     49Mi     
14:30:23 rearm-rebom-backend-768fd58455-tmqdc   1m     53Mi     
14:30:23 rearm-rebom-backend-768fd58455-vkfb5   12m    71Mi     
14:30:23 rearm-rebom-postgres-0                 26m    155Mi    
14:30:23 rearm-ui-5c9b8ddf9d-krkqk              1m     2Mi      
14:30:23 testreg-66bb8f476c-wt2mf               1m     43Mi     
14:30:23 zottest-ff7cfd65c-xbgvk                3m     680Mi    
14:30:53 rearm-backend-6d79d5dcc8-rj9w4         66m    7841Mi   
14:30:53 rearm-keycloak-0                       2m     719Mi    
14:30:53 rearm-keycloak-postgres-0              1m     34Mi     
14:30:53 rearm-oci-artifact-5c69f5fd94-tvhcg    7m     44Mi     
14:30:53 rearm-postgresql-0                     578m   322Mi    
14:30:53 rearm-rebom-backend-768fd58455-46nwc   0m     90Mi     
14:30:53 rearm-rebom-backend-768fd58455-dp9ps   1m     49Mi     
14:30:53 rearm-rebom-backend-768fd58455-tmqdc   1m     53Mi     
14:30:53 rearm-rebom-backend-768fd58455-vkfb5   10m    73Mi     
14:30:53 rearm-rebom-postgres-0                 24m    155Mi    
14:30:53 rearm-ui-5c9b8ddf9d-krkqk              1m     2Mi      
14:30:53 testreg-66bb8f476c-wt2mf               1m     43Mi     
14:30:53 zottest-ff7cfd65c-xbgvk                2m     680Mi    
14:31:24 rearm-backend-6d79d5dcc8-rj9w4         56m    7570Mi   
14:31:24 rearm-keycloak-0                       2m     719Mi    
14:31:24 rearm-keycloak-postgres-0              1m     34Mi     
14:31:24 rearm-oci-artifact-5c69f5fd94-tvhcg    8m     47Mi     
14:31:24 rearm-postgresql-0                     592m   323Mi    
14:31:24 rearm-rebom-backend-768fd58455-46nwc   0m     90Mi     
14:31:24 rearm-rebom-backend-768fd58455-dp9ps   0m     49Mi     
14:31:24 rearm-rebom-backend-768fd58455-tmqdc   1m     53Mi     
14:31:24 rearm-rebom-backend-768fd58455-vkfb5   16m    80Mi     
14:31:24 rearm-rebom-postgres-0                 24m    155Mi    
14:31:24 rearm-ui-5c9b8ddf9d-krkqk              1m     2Mi      
14:31:24 testreg-66bb8f476c-wt2mf               1m     43Mi     
14:31:24 zottest-ff7cfd65c-xbgvk                2m     680Mi    
14:31:55 rearm-backend-6d79d5dcc8-rj9w4         67m    7026Mi   
14:31:55 rearm-keycloak-0                       2m     719Mi    
14:31:55 rearm-keycloak-postgres-0              1m     34Mi     
14:31:55 rearm-oci-artifact-5c69f5fd94-tvhcg    13m    45Mi     
14:31:55 rearm-postgresql-0                     528m   317Mi    
14:31:55 rearm-rebom-backend-768fd58455-46nwc   0m     90Mi     
14:31:55 rearm-rebom-backend-768fd58455-dp9ps   1m     49Mi     
14:31:55 rearm-rebom-backend-768fd58455-tmqdc   1m     53Mi     
14:31:55 rearm-rebom-backend-768fd58455-vkfb5   13m    84Mi     
14:31:55 rearm-rebom-postgres-0                 40m    155Mi    
14:31:55 rearm-ui-5c9b8ddf9d-krkqk              1m     2Mi      
14:31:55 testreg-66bb8f476c-wt2mf               1m     43Mi     
14:31:55 zottest-ff7cfd65c-xbgvk                2m     680Mi    
14:32:26 rearm-backend-6d79d5dcc8-rj9w4         79m    6392Mi   
14:32:26 rearm-keycloak-0                       2m     719Mi    
14:32:26 rearm-keycloak-postgres-0              1m     34Mi     
14:32:26 rearm-oci-artifact-5c69f5fd94-tvhcg    8m     47Mi     
14:32:26 rearm-postgresql-0                     596m   322Mi    
14:32:26 rearm-rebom-backend-768fd58455-46nwc   1m     90Mi     
14:32:26 rearm-rebom-backend-768fd58455-dp9ps   0m     49Mi     
14:32:26 rearm-rebom-backend-768fd58455-tmqdc   1m     53Mi     
14:32:26 rearm-rebom-backend-768fd58455-vkfb5   13m    83Mi     
14:32:26 rearm-rebom-postgres-0                 25m    155Mi    
14:32:26 rearm-ui-5c9b8ddf9d-krkqk              1m     2Mi      
14:32:26 testreg-66bb8f476c-wt2mf               1m     43Mi     
14:32:26 zottest-ff7cfd65c-xbgvk                3m     680Mi    
14:32:57 rearm-backend-6d79d5dcc8-rj9w4         53m    5850Mi   
14:32:57 rearm-keycloak-0                       2m     719Mi    
14:32:57 rearm-keycloak-postgres-0              1m     34Mi     
14:32:57 rearm-oci-artifact-5c69f5fd94-tvhcg    8m     46Mi     
14:32:57 rearm-postgresql-0                     566m   320Mi    
14:32:57 rearm-rebom-backend-768fd58455-46nwc   0m     90Mi     
14:32:57 rearm-rebom-backend-768fd58455-dp9ps   1m     49Mi     
14:32:57 rearm-rebom-backend-768fd58455-tmqdc   1m     53Mi     
14:32:57 rearm-rebom-backend-768fd58455-vkfb5   10m    86Mi     
14:32:57 rearm-rebom-postgres-0                 25m    155Mi    
14:32:57 rearm-ui-5c9b8ddf9d-krkqk              1m     2Mi      
14:32:57 testreg-66bb8f476c-wt2mf               1m     43Mi     
14:32:57 zottest-ff7cfd65c-xbgvk                2m     680Mi    
14:33:27 rearm-backend-6d79d5dcc8-rj9w4         63m    5398Mi   
14:33:27 rearm-keycloak-0                       2m     719Mi    
14:33:27 rearm-keycloak-postgres-0              1m     34Mi     
14:33:27 rearm-oci-artifact-5c69f5fd94-tvhcg    7m     43Mi     
14:33:27 rearm-postgresql-0                     611m   324Mi    
14:33:27 rearm-rebom-backend-768fd58455-46nwc   1m     90Mi     
14:33:27 rearm-rebom-backend-768fd58455-dp9ps   0m     49Mi     
14:33:27 rearm-rebom-backend-768fd58455-tmqdc   1m     53Mi     
14:33:27 rearm-rebom-backend-768fd58455-vkfb5   10m    87Mi     
14:33:27 rearm-rebom-postgres-0                 25m    155Mi    
14:33:27 rearm-ui-5c9b8ddf9d-krkqk              1m     2Mi      
14:33:27 testreg-66bb8f476c-wt2mf               1m     43Mi     
14:33:27 zottest-ff7cfd65c-xbgvk                2m     680Mi    
14:33:58 rearm-backend-6d79d5dcc8-rj9w4         95m    4765Mi   
14:33:58 rearm-keycloak-0                       2m     719Mi    
14:33:58 rearm-keycloak-postgres-0              1m     34Mi     
14:33:58 rearm-oci-artifact-5c69f5fd94-tvhcg    11m    43Mi     
14:33:58 rearm-postgresql-0                     521m   323Mi    
14:33:58 rearm-rebom-backend-768fd58455-46nwc   0m     90Mi     
14:33:58 rearm-rebom-backend-768fd58455-dp9ps   1m     49Mi     
14:33:58 rearm-rebom-backend-768fd58455-tmqdc   0m     53Mi     
14:33:58 rearm-rebom-backend-768fd58455-vkfb5   11m    85Mi     
14:33:58 rearm-rebom-postgres-0                 36m    157Mi    
14:33:58 rearm-ui-5c9b8ddf9d-krkqk              1m     2Mi      
14:33:58 testreg-66bb8f476c-wt2mf               1m     43Mi     
14:33:58 zottest-ff7cfd65c-xbgvk                2m     680Mi    
14:34:29 rearm-backend-6d79d5dcc8-rj9w4         54m    4763Mi   
14:34:29 rearm-keycloak-0                       2m     719Mi    
14:34:29 rearm-keycloak-postgres-0              1m     34Mi     
14:34:29 rearm-oci-artifact-5c69f5fd94-tvhcg    7m     48Mi     
14:34:29 rearm-postgresql-0                     611m   326Mi    
14:34:29 rearm-rebom-backend-768fd58455-46nwc   10m    68Mi     
14:34:29 rearm-rebom-backend-768fd58455-dp9ps   1m     49Mi     
14:34:29 rearm-rebom-backend-768fd58455-tmqdc   1m     53Mi     
14:34:29 rearm-rebom-backend-768fd58455-vkfb5   1m     85Mi     
14:34:29 rearm-rebom-postgres-0                 24m    155Mi    
14:34:29 rearm-ui-5c9b8ddf9d-krkqk              1m     2Mi      
14:34:29 testreg-66bb8f476c-wt2mf               1m     43Mi     
14:34:29 zottest-ff7cfd65c-xbgvk                2m     680Mi    
14:35:00 rearm-backend-6d79d5dcc8-rj9w4         48m    4763Mi   
14:35:00 rearm-keycloak-0                       2m     719Mi    
14:35:00 rearm-keycloak-postgres-0              1m     34Mi     
14:35:00 rearm-oci-artifact-5c69f5fd94-tvhcg    7m     42Mi     
14:35:00 rearm-postgresql-0                     565m   326Mi    
14:35:00 rearm-rebom-backend-768fd58455-46nwc   12m    65Mi     
14:35:00 rearm-rebom-backend-768fd58455-dp9ps   0m     49Mi     
14:35:00 rearm-rebom-backend-768fd58455-tmqdc   1m     53Mi     
14:35:00 rearm-rebom-backend-768fd58455-vkfb5   1m     85Mi     
14:35:00 rearm-rebom-postgres-0                 25m    155Mi    
14:35:00 rearm-ui-5c9b8ddf9d-krkqk              1m     2Mi      
14:35:00 testreg-66bb8f476c-wt2mf               1m     43Mi     
14:35:00 zottest-ff7cfd65c-xbgvk                3m     680Mi    
14:35:31 rearm-backend-6d79d5dcc8-rj9w4         78m    4763Mi   
14:35:31 rearm-keycloak-0                       2m     719Mi    
14:35:31 rearm-keycloak-postgres-0              1m     34Mi     
14:35:31 rearm-oci-artifact-5c69f5fd94-tvhcg    7m     43Mi     
14:35:31 rearm-postgresql-0                     570m   326Mi    
14:35:31 rearm-rebom-backend-768fd58455-46nwc   9m     74Mi     
14:35:31 rearm-rebom-backend-768fd58455-dp9ps   0m     49Mi     
14:35:31 rearm-rebom-backend-768fd58455-tmqdc   1m     53Mi     
14:35:31 rearm-rebom-backend-768fd58455-vkfb5   0m     85Mi     
14:35:31 rearm-rebom-postgres-0                 26m    155Mi    
14:35:31 rearm-ui-5c9b8ddf9d-krkqk              1m     2Mi      
14:35:31 testreg-66bb8f476c-wt2mf               1m     43Mi     
14:35:31 zottest-ff7cfd65c-xbgvk                2m     680Mi    
14:36:01 rearm-backend-6d79d5dcc8-rj9w4         98m    4763Mi   
14:36:01 rearm-keycloak-0                       2m     719Mi    
14:36:01 rearm-keycloak-postgres-0              1m     34Mi     
14:36:01 rearm-oci-artifact-5c69f5fd94-tvhcg    13m    44Mi     
14:36:01 rearm-postgresql-0                     487m   326Mi    
14:36:01 rearm-rebom-backend-768fd58455-46nwc   9m     75Mi     
14:36:01 rearm-rebom-backend-768fd58455-dp9ps   1m     49Mi     
14:36:01 rearm-rebom-backend-768fd58455-tmqdc   0m     53Mi     
14:36:01 rearm-rebom-backend-768fd58455-vkfb5   0m     85Mi     
14:36:01 rearm-rebom-postgres-0                 34m    155Mi    
14:36:01 rearm-ui-5c9b8ddf9d-krkqk              1m     2Mi      
14:36:01 testreg-66bb8f476c-wt2mf               1m     43Mi     
14:36:01 zottest-ff7cfd65c-xbgvk                2m     680Mi    
14:36:32 rearm-backend-6d79d5dcc8-rj9w4         58m    4763Mi   
14:36:32 rearm-keycloak-0                       2m     719Mi    
14:36:32 rearm-keycloak-postgres-0              1m     34Mi     
14:36:32 rearm-oci-artifact-5c69f5fd94-tvhcg    7m     45Mi     
14:36:32 rearm-postgresql-0                     588m   326Mi    
14:36:32 rearm-rebom-backend-768fd58455-46nwc   12m    74Mi     
14:36:32 rearm-rebom-backend-768fd58455-dp9ps   0m     49Mi     
14:36:32 rearm-rebom-backend-768fd58455-tmqdc   1m     53Mi     
14:36:32 rearm-rebom-backend-768fd58455-vkfb5   1m     85Mi     
14:36:32 rearm-rebom-postgres-0                 24m    155Mi    
14:36:32 rearm-ui-5c9b8ddf9d-krkqk              1m     2Mi      
14:36:32 testreg-66bb8f476c-wt2mf               1m     43Mi     
14:36:32 zottest-ff7cfd65c-xbgvk                2m     680Mi    
14:37:03 rearm-backend-6d79d5dcc8-rj9w4         77m    4763Mi   
14:37:03 rearm-keycloak-0                       2m     719Mi    
14:37:03 rearm-keycloak-postgres-0              1m     34Mi     
14:37:03 rearm-oci-artifact-5c69f5fd94-tvhcg    7m     43Mi     
14:37:03 rearm-postgresql-0                     587m   322Mi    
14:37:03 rearm-rebom-backend-768fd58455-46nwc   9m     86Mi     
14:37:03 rearm-rebom-backend-768fd58455-dp9ps   1m     50Mi     
14:37:03 rearm-rebom-backend-768fd58455-tmqdc   1m     53Mi     
14:37:03 rearm-rebom-backend-768fd58455-vkfb5   1m     86Mi     
14:37:03 rearm-rebom-postgres-0                 27m    166Mi    
14:37:03 rearm-ui-5c9b8ddf9d-krkqk              1m     2Mi      
14:37:03 testreg-66bb8f476c-wt2mf               1m     43Mi     
14:37:03 zottest-ff7cfd65c-xbgvk                2m     680Mi    
14:37:34 rearm-backend-6d79d5dcc8-rj9w4         702m   7511Mi   
14:37:34 rearm-keycloak-0                       2m     719Mi    
14:37:34 rearm-keycloak-postgres-0              1m     34Mi     
14:37:34 rearm-oci-artifact-5c69f5fd94-tvhcg    7m     46Mi     
14:37:34 rearm-postgresql-0                     942m   331Mi    
14:37:34 rearm-rebom-backend-768fd58455-46nwc   8m     89Mi     
14:37:34 rearm-rebom-backend-768fd58455-dp9ps   0m     50Mi     
14:37:34 rearm-rebom-backend-768fd58455-tmqdc   1m     53Mi     
14:37:34 rearm-rebom-backend-768fd58455-vkfb5   0m     85Mi     
14:37:34 rearm-rebom-postgres-0                 24m    155Mi    
14:37:34 rearm-ui-5c9b8ddf9d-krkqk              1m     2Mi      
14:37:34 testreg-66bb8f476c-wt2mf               1m     43Mi     
14:37:34 zottest-ff7cfd65c-xbgvk                2m     680Mi    
14:38:05 rearm-backend-6d79d5dcc8-rj9w4         1015m   7616Mi   
14:38:05 rearm-keycloak-0                       2m      719Mi    
14:38:05 rearm-keycloak-postgres-0              1m      34Mi     
14:38:05 rearm-oci-artifact-5c69f5fd94-tvhcg    7m      47Mi     
14:38:05 rearm-postgresql-0                     1044m   336Mi    
14:38:05 rearm-rebom-backend-768fd58455-46nwc   13m     88Mi     
14:38:05 rearm-rebom-backend-768fd58455-dp9ps   0m      50Mi     
14:38:05 rearm-rebom-backend-768fd58455-tmqdc   1m      53Mi     
14:38:05 rearm-rebom-backend-768fd58455-vkfb5   0m      85Mi     
14:38:05 rearm-rebom-postgres-0                 36m     155Mi    
14:38:05 rearm-ui-5c9b8ddf9d-krkqk              1m      2Mi      
14:38:05 testreg-66bb8f476c-wt2mf               1m      43Mi     
14:38:05 zottest-ff7cfd65c-xbgvk                2m      680Mi    
14:38:36 rearm-backend-6d79d5dcc8-rj9w4         50m    7616Mi   
14:38:36 rearm-keycloak-0                       2m     719Mi    
14:38:36 rearm-keycloak-postgres-0              1m     34Mi     
14:38:36 rearm-oci-artifact-5c69f5fd94-tvhcg    6m     44Mi     
14:38:36 rearm-postgresql-0                     560m   326Mi    
14:38:36 rearm-rebom-backend-768fd58455-46nwc   9m     89Mi     
14:38:36 rearm-rebom-backend-768fd58455-dp9ps   1m     50Mi     
14:38:36 rearm-rebom-backend-768fd58455-tmqdc   0m     53Mi     
14:38:36 rearm-rebom-backend-768fd58455-vkfb5   0m     85Mi     
14:38:36 rearm-rebom-postgres-0                 24m    155Mi    
14:38:36 rearm-ui-5c9b8ddf9d-krkqk              1m     2Mi      
14:38:36 testreg-66bb8f476c-wt2mf               1m     43Mi     
14:38:36 zottest-ff7cfd65c-xbgvk                2m     680Mi    
14:39:06 rearm-backend-6d79d5dcc8-rj9w4         52m    7616Mi   
14:39:06 rearm-keycloak-0                       2m     719Mi    
14:39:06 rearm-keycloak-postgres-0              1m     34Mi     
14:39:06 rearm-oci-artifact-5c69f5fd94-tvhcg    7m     44Mi     
14:39:06 rearm-postgresql-0                     584m   323Mi    
14:39:06 rearm-rebom-backend-768fd58455-46nwc   2m     90Mi     
14:39:06 rearm-rebom-backend-768fd58455-dp9ps   17m    61Mi     
14:39:06 rearm-rebom-backend-768fd58455-tmqdc   1m     53Mi     
14:39:06 rearm-rebom-backend-768fd58455-vkfb5   1m     85Mi     
14:39:06 rearm-rebom-postgres-0                 25m    155Mi    
14:39:06 rearm-ui-5c9b8ddf9d-krkqk              1m     2Mi      
14:39:06 testreg-66bb8f476c-wt2mf               1m     43Mi     
14:39:06 zottest-ff7cfd65c-xbgvk                2m     680Mi    
14:39:37 rearm-backend-6d79d5dcc8-rj9w4         48m    7616Mi   
14:39:37 rearm-keycloak-0                       2m     719Mi    
14:39:37 rearm-keycloak-postgres-0              1m     34Mi     
14:39:37 rearm-oci-artifact-5c69f5fd94-tvhcg    7m     45Mi     
14:39:37 rearm-postgresql-0                     554m   321Mi    
14:39:37 rearm-rebom-backend-768fd58455-46nwc   1m     90Mi     
14:39:37 rearm-rebom-backend-768fd58455-dp9ps   10m    60Mi     
14:39:37 rearm-rebom-backend-768fd58455-tmqdc   1m     53Mi     
14:39:37 rearm-rebom-backend-768fd58455-vkfb5   1m     85Mi     
14:39:37 rearm-rebom-postgres-0                 24m    155Mi    
14:39:37 rearm-ui-5c9b8ddf9d-krkqk              1m     2Mi      
14:39:37 testreg-66bb8f476c-wt2mf               1m     43Mi     
14:39:37 zottest-ff7cfd65c-xbgvk                3m     680Mi    
14:40:08 rearm-backend-6d79d5dcc8-rj9w4         90m    7615Mi   
14:40:08 rearm-keycloak-0                       2m     719Mi    
14:40:08 rearm-keycloak-postgres-0              1m     34Mi     
14:40:08 rearm-oci-artifact-5c69f5fd94-tvhcg    11m    48Mi     
14:40:08 rearm-postgresql-0                     524m   325Mi    
14:40:08 rearm-rebom-backend-768fd58455-46nwc   1m     90Mi     
14:40:08 rearm-rebom-backend-768fd58455-dp9ps   12m    68Mi     
14:40:08 rearm-rebom-backend-768fd58455-tmqdc   0m     53Mi     
14:40:08 rearm-rebom-backend-768fd58455-vkfb5   1m     85Mi     
14:40:08 rearm-rebom-postgres-0                 32m    155Mi    
14:40:08 rearm-ui-5c9b8ddf9d-krkqk              1m     2Mi      
14:40:08 testreg-66bb8f476c-wt2mf               1m     43Mi     
14:40:08 zottest-ff7cfd65c-xbgvk                2m     680Mi    
14:40:39 rearm-backend-6d79d5dcc8-rj9w4         49m    7615Mi   
14:40:39 rearm-keycloak-0                       2m     719Mi    
14:40:39 rearm-keycloak-postgres-0              1m     34Mi     
14:40:39 rearm-oci-artifact-5c69f5fd94-tvhcg    7m     46Mi     
14:40:39 rearm-postgresql-0                     563m   323Mi    
14:40:39 rearm-rebom-backend-768fd58455-46nwc   1m     90Mi     
14:40:39 rearm-rebom-backend-768fd58455-dp9ps   10m    71Mi     
14:40:39 rearm-rebom-backend-768fd58455-tmqdc   0m     53Mi     
14:40:39 rearm-rebom-backend-768fd58455-vkfb5   1m     85Mi     
14:40:39 rearm-rebom-postgres-0                 25m    155Mi    
14:40:39 rearm-ui-5c9b8ddf9d-krkqk              1m     2Mi      
14:40:39 testreg-66bb8f476c-wt2mf               1m     43Mi     
14:40:39 zottest-ff7cfd65c-xbgvk                2m     680Mi    
14:41:10 rearm-backend-6d79d5dcc8-rj9w4         50m    7615Mi   
14:41:10 rearm-keycloak-0                       2m     719Mi    
14:41:10 rearm-keycloak-postgres-0              1m     34Mi     
14:41:10 rearm-oci-artifact-5c69f5fd94-tvhcg    7m     45Mi     
14:41:10 rearm-postgresql-0                     566m   327Mi    
14:41:10 rearm-rebom-backend-768fd58455-46nwc   1m     90Mi     
14:41:10 rearm-rebom-backend-768fd58455-dp9ps   18m    69Mi     
14:41:10 rearm-rebom-backend-768fd58455-tmqdc   1m     53Mi     
14:41:10 rearm-rebom-backend-768fd58455-vkfb5   1m     85Mi     
14:41:10 rearm-rebom-postgres-0                 23m    155Mi    
14:41:10 rearm-ui-5c9b8ddf9d-krkqk              1m     2Mi      
14:41:10 testreg-66bb8f476c-wt2mf               1m     43Mi     
14:41:10 zottest-ff7cfd65c-xbgvk                2m     680Mi    
14:41:41 rearm-backend-6d79d5dcc8-rj9w4         70m    7615Mi   
14:41:41 rearm-keycloak-0                       2m     719Mi    
14:41:41 rearm-keycloak-postgres-0              1m     34Mi     
14:41:41 rearm-oci-artifact-5c69f5fd94-tvhcg    7m     46Mi     
14:41:41 rearm-postgresql-0                     566m   324Mi    
14:41:41 rearm-rebom-backend-768fd58455-46nwc   1m     90Mi     
14:41:41 rearm-rebom-backend-768fd58455-dp9ps   11m    82Mi     
14:41:41 rearm-rebom-backend-768fd58455-tmqdc   0m     53Mi     
14:41:41 rearm-rebom-backend-768fd58455-vkfb5   1m     85Mi     
14:41:41 rearm-rebom-postgres-0                 24m    155Mi    
14:41:41 rearm-ui-5c9b8ddf9d-krkqk              1m     2Mi      
14:41:41 testreg-66bb8f476c-wt2mf               1m     43Mi     
14:41:41 zottest-ff7cfd65c-xbgvk                3m     680Mi    
14:42:11 rearm-backend-6d79d5dcc8-rj9w4         79m    7615Mi   
14:42:11 rearm-keycloak-0                       2m     719Mi    
14:42:11 rearm-keycloak-postgres-0              1m     34Mi     
14:42:11 rearm-oci-artifact-5c69f5fd94-tvhcg    11m    45Mi     
14:42:11 rearm-postgresql-0                     516m   325Mi    
14:42:11 rearm-rebom-backend-768fd58455-46nwc   1m     90Mi     
14:42:11 rearm-rebom-backend-768fd58455-dp9ps   11m    86Mi     
14:42:11 rearm-rebom-backend-768fd58455-tmqdc   0m     53Mi     
14:42:11 rearm-rebom-backend-768fd58455-vkfb5   1m     85Mi     
14:42:11 rearm-rebom-postgres-0                 27m    155Mi    
14:42:11 rearm-ui-5c9b8ddf9d-krkqk              1m     2Mi      
14:42:11 testreg-66bb8f476c-wt2mf               1m     43Mi     
14:42:11 zottest-ff7cfd65c-xbgvk                2m     680Mi    
14:42:42 rearm-backend-6d79d5dcc8-rj9w4         49m    7615Mi   
14:42:42 rearm-keycloak-0                       2m     719Mi    
14:42:42 rearm-keycloak-postgres-0              1m     34Mi     
14:42:42 rearm-oci-artifact-5c69f5fd94-tvhcg    8m     48Mi     
14:42:42 rearm-postgresql-0                     560m   334Mi    
14:42:42 rearm-rebom-backend-768fd58455-46nwc   0m     90Mi     
14:42:42 rearm-rebom-backend-768fd58455-dp9ps   13m    84Mi     
14:42:42 rearm-rebom-backend-768fd58455-tmqdc   0m     53Mi     
14:42:42 rearm-rebom-backend-768fd58455-vkfb5   1m     85Mi     
14:42:42 rearm-rebom-postgres-0                 25m    155Mi    
14:42:42 rearm-ui-5c9b8ddf9d-krkqk              1m     2Mi      
14:42:42 testreg-66bb8f476c-wt2mf               1m     43Mi     
14:42:42 zottest-ff7cfd65c-xbgvk                3m     680Mi    
14:43:13 rearm-backend-6d79d5dcc8-rj9w4         62m    7615Mi   
14:43:13 rearm-keycloak-0                       2m     719Mi    
14:43:13 rearm-keycloak-postgres-0              1m     34Mi     
14:43:13 rearm-oci-artifact-5c69f5fd94-tvhcg    7m     45Mi     
14:43:13 rearm-postgresql-0                     588m   338Mi    
14:43:13 rearm-rebom-backend-768fd58455-46nwc   1m     90Mi     
14:43:13 rearm-rebom-backend-768fd58455-dp9ps   10m    86Mi     
14:43:13 rearm-rebom-backend-768fd58455-tmqdc   1m     53Mi     
14:43:13 rearm-rebom-backend-768fd58455-vkfb5   1m     85Mi     
14:43:13 rearm-rebom-postgres-0                 24m    155Mi    
14:43:13 rearm-ui-5c9b8ddf9d-krkqk              1m     2Mi      
14:43:13 testreg-66bb8f476c-wt2mf               1m     43Mi     
14:43:13 zottest-ff7cfd65c-xbgvk                2m     680Mi    
14:43:44 rearm-backend-6d79d5dcc8-rj9w4         49m    7615Mi   
14:43:44 rearm-keycloak-0                       2m     719Mi    
14:43:44 rearm-keycloak-postgres-0              1m     34Mi     
14:43:44 rearm-oci-artifact-5c69f5fd94-tvhcg    8m     45Mi     
14:43:44 rearm-postgresql-0                     603m   336Mi    
14:43:44 rearm-rebom-backend-768fd58455-46nwc   1m     90Mi     
14:43:44 rearm-rebom-backend-768fd58455-dp9ps   15m    84Mi     
14:43:44 rearm-rebom-backend-768fd58455-tmqdc   1m     53Mi     
14:43:44 rearm-rebom-backend-768fd58455-vkfb5   0m     85Mi     
14:43:44 rearm-rebom-postgres-0                 24m    155Mi    
14:43:44 rearm-ui-5c9b8ddf9d-krkqk              1m     2Mi      
14:43:44 testreg-66bb8f476c-wt2mf               1m     43Mi     
14:43:44 zottest-ff7cfd65c-xbgvk                3m     680Mi    
14:44:15 rearm-backend-6d79d5dcc8-rj9w4         99m    7615Mi   
14:44:15 rearm-keycloak-0                       2m     719Mi    
14:44:15 rearm-keycloak-postgres-0              1m     34Mi     
14:44:15 rearm-oci-artifact-5c69f5fd94-tvhcg    7m     44Mi     
14:44:15 rearm-postgresql-0                     623m   402Mi    
14:44:15 rearm-rebom-backend-768fd58455-46nwc   0m     90Mi     
14:44:15 rearm-rebom-backend-768fd58455-dp9ps   2m     85Mi     
14:44:15 rearm-rebom-backend-768fd58455-tmqdc   19m    59Mi     
14:44:15 rearm-rebom-backend-768fd58455-vkfb5   0m     85Mi     
14:44:15 rearm-rebom-postgres-0                 40m    155Mi    
14:44:15 rearm-ui-5c9b8ddf9d-krkqk              1m     2Mi      
14:44:15 testreg-66bb8f476c-wt2mf               1m     43Mi     
14:44:15 zottest-ff7cfd65c-xbgvk                3m     680Mi    
14:44:45 rearm-backend-6d79d5dcc8-rj9w4         49m    7615Mi   
14:44:45 rearm-keycloak-0                       2m     719Mi    
14:44:45 rearm-keycloak-postgres-0              1m     34Mi     
14:44:45 rearm-oci-artifact-5c69f5fd94-tvhcg    7m     47Mi     
14:44:45 rearm-postgresql-0                     540m   333Mi    
14:44:45 rearm-rebom-backend-768fd58455-46nwc   1m     90Mi     
14:44:45 rearm-rebom-backend-768fd58455-dp9ps   1m     85Mi     
14:44:45 rearm-rebom-backend-768fd58455-tmqdc   11m    63Mi     
14:44:45 rearm-rebom-backend-768fd58455-vkfb5   1m     85Mi     
14:44:45 rearm-rebom-postgres-0                 23m    155Mi    
14:44:45 rearm-ui-5c9b8ddf9d-krkqk              1m     2Mi      
14:44:45 testreg-66bb8f476c-wt2mf               1m     43Mi     
14:44:45 zottest-ff7cfd65c-xbgvk                2m     680Mi    
14:45:16 rearm-backend-6d79d5dcc8-rj9w4         51m    7615Mi   
14:45:16 rearm-keycloak-0                       2m     719Mi    
14:45:16 rearm-keycloak-postgres-0              1m     34Mi     
14:45:16 rearm-oci-artifact-5c69f5fd94-tvhcg    7m     45Mi     
14:45:16 rearm-postgresql-0                     570m   318Mi    
14:45:16 rearm-rebom-backend-768fd58455-46nwc   0m     90Mi     
14:45:16 rearm-rebom-backend-768fd58455-dp9ps   1m     85Mi     
14:45:16 rearm-rebom-backend-768fd58455-tmqdc   10m    70Mi     
14:45:16 rearm-rebom-backend-768fd58455-vkfb5   1m     85Mi     
14:45:16 rearm-rebom-postgres-0                 24m    155Mi    
14:45:16 rearm-ui-5c9b8ddf9d-krkqk              1m     2Mi      
14:45:16 testreg-66bb8f476c-wt2mf               1m     43Mi     
14:45:16 zottest-ff7cfd65c-xbgvk                2m     680Mi    
14:45:47 rearm-backend-6d79d5dcc8-rj9w4         68m    7615Mi   
14:45:47 rearm-keycloak-0                       2m     719Mi    
14:45:47 rearm-keycloak-postgres-0              1m     34Mi     
14:45:47 rearm-oci-artifact-5c69f5fd94-tvhcg    8m     45Mi     
14:45:47 rearm-postgresql-0                     621m   317Mi    
14:45:47 rearm-rebom-backend-768fd58455-46nwc   1m     90Mi     
14:45:47 rearm-rebom-backend-768fd58455-dp9ps   0m     85Mi     
14:45:47 rearm-rebom-backend-768fd58455-tmqdc   10m    73Mi     
14:45:47 rearm-rebom-backend-768fd58455-vkfb5   0m     85Mi     
14:45:47 rearm-rebom-postgres-0                 24m    155Mi    
14:45:47 rearm-ui-5c9b8ddf9d-krkqk              1m     2Mi      
14:45:47 testreg-66bb8f476c-wt2mf               1m     43Mi     
14:45:47 zottest-ff7cfd65c-xbgvk                3m     680Mi    
14:46:18 rearm-backend-6d79d5dcc8-rj9w4         111m   7615Mi   
14:46:18 rearm-keycloak-0                       2m     719Mi    
14:46:18 rearm-keycloak-postgres-0              1m     34Mi     
14:46:18 rearm-oci-artifact-5c69f5fd94-tvhcg    11m    47Mi     
14:46:18 rearm-postgresql-0                     494m   315Mi    
14:46:18 rearm-rebom-backend-768fd58455-46nwc   1m     90Mi     
14:46:18 rearm-rebom-backend-768fd58455-dp9ps   1m     85Mi     
14:46:18 rearm-rebom-backend-768fd58455-tmqdc   19m    73Mi     
14:46:18 rearm-rebom-backend-768fd58455-vkfb5   1m     85Mi     
14:46:18 rearm-rebom-postgres-0                 24m    155Mi    
14:46:18 rearm-ui-5c9b8ddf9d-krkqk              1m     2Mi      
14:46:18 testreg-66bb8f476c-wt2mf               1m     43Mi     
14:46:18 zottest-ff7cfd65c-xbgvk                2m     680Mi    
14:46:49 rearm-backend-6d79d5dcc8-rj9w4         49m    7615Mi   
14:46:49 rearm-keycloak-0                       2m     719Mi    
14:46:49 rearm-keycloak-postgres-0              1m     34Mi     
14:46:49 rearm-oci-artifact-5c69f5fd94-tvhcg    7m     43Mi     
14:46:49 rearm-postgresql-0                     599m   322Mi    
14:46:49 rearm-rebom-backend-768fd58455-46nwc   1m     90Mi     
14:46:49 rearm-rebom-backend-768fd58455-dp9ps   0m     85Mi     
14:46:49 rearm-rebom-backend-768fd58455-tmqdc   11m    84Mi     
14:46:49 rearm-rebom-backend-768fd58455-vkfb5   1m     85Mi     
14:46:49 rearm-rebom-postgres-0                 28m    155Mi    
14:46:49 rearm-ui-5c9b8ddf9d-krkqk              1m     2Mi      
14:46:49 testreg-66bb8f476c-wt2mf               1m     43Mi     
14:46:49 zottest-ff7cfd65c-xbgvk                2m     680Mi    
14:47:19 rearm-backend-6d79d5dcc8-rj9w4         57m    7615Mi   
14:47:19 rearm-keycloak-0                       2m     719Mi    
14:47:19 rearm-keycloak-postgres-0              1m     34Mi     
14:47:19 rearm-oci-artifact-5c69f5fd94-tvhcg    7m     45Mi     
14:47:19 rearm-postgresql-0                     597m   317Mi    
14:47:19 rearm-rebom-backend-768fd58455-46nwc   1m     90Mi     
14:47:19 rearm-rebom-backend-768fd58455-dp9ps   1m     85Mi     
14:47:19 rearm-rebom-backend-768fd58455-tmqdc   10m    86Mi     
14:47:19 rearm-rebom-backend-768fd58455-vkfb5   0m     85Mi     
14:47:19 rearm-rebom-postgres-0                 24m    155Mi    
14:47:19 rearm-ui-5c9b8ddf9d-krkqk              1m     2Mi      
14:47:19 testreg-66bb8f476c-wt2mf               1m     43Mi     
14:47:19 zottest-ff7cfd65c-xbgvk                2m     680Mi    
14:47:50 rearm-backend-6d79d5dcc8-rj9w4         84m    7344Mi   
14:47:50 rearm-keycloak-0                       2m     719Mi    
14:47:50 rearm-keycloak-postgres-0              1m     34Mi     
14:47:50 rearm-oci-artifact-5c69f5fd94-tvhcg    7m     46Mi     
14:47:50 rearm-postgresql-0                     591m   320Mi    
14:47:50 rearm-rebom-backend-768fd58455-46nwc   0m     90Mi     
14:47:50 rearm-rebom-backend-768fd58455-dp9ps   1m     85Mi     
14:47:50 rearm-rebom-backend-768fd58455-tmqdc   11m    87Mi     
14:47:50 rearm-rebom-backend-768fd58455-vkfb5   0m     85Mi     
14:47:50 rearm-rebom-postgres-0                 25m    155Mi    
14:47:50 rearm-ui-5c9b8ddf9d-krkqk              1m     2Mi      
14:47:50 testreg-66bb8f476c-wt2mf               1m     43Mi     
14:47:50 zottest-ff7cfd65c-xbgvk                2m     680Mi    
14:48:21 rearm-backend-6d79d5dcc8-rj9w4         116m   6802Mi   
14:48:21 rearm-keycloak-0                       2m     719Mi    
14:48:21 rearm-keycloak-postgres-0              1m     34Mi     
14:48:21 rearm-oci-artifact-5c69f5fd94-tvhcg    7m     46Mi     
14:48:21 rearm-postgresql-0                     518m   324Mi    
14:48:21 rearm-rebom-backend-768fd58455-46nwc   0m     90Mi     
14:48:21 rearm-rebom-backend-768fd58455-dp9ps   0m     85Mi     
14:48:21 rearm-rebom-backend-768fd58455-tmqdc   12m    87Mi     
14:48:21 rearm-rebom-backend-768fd58455-vkfb5   1m     85Mi     
14:48:21 rearm-rebom-postgres-0                 23m    155Mi    
14:48:21 rearm-ui-5c9b8ddf9d-krkqk              1m     2Mi      
14:48:21 testreg-66bb8f476c-wt2mf               1m     43Mi     
14:48:21 zottest-ff7cfd65c-xbgvk                3m     680Mi    
14:48:52 rearm-backend-6d79d5dcc8-rj9w4         55m    6350Mi   
14:48:52 rearm-keycloak-0                       2m     719Mi    
14:48:52 rearm-keycloak-postgres-0              1m     34Mi     
14:48:52 rearm-oci-artifact-5c69f5fd94-tvhcg    7m     46Mi     
14:48:52 rearm-postgresql-0                     561m   324Mi    
14:48:52 rearm-rebom-backend-768fd58455-46nwc   1m     90Mi     
14:48:52 rearm-rebom-backend-768fd58455-dp9ps   3m     85Mi     
14:48:52 rearm-rebom-backend-768fd58455-tmqdc   13m    86Mi     
14:48:52 rearm-rebom-backend-768fd58455-vkfb5   0m     85Mi     
14:48:52 rearm-rebom-postgres-0                 25m    157Mi    
14:48:52 rearm-ui-5c9b8ddf9d-krkqk              1m     2Mi      
14:48:52 testreg-66bb8f476c-wt2mf               1m     43Mi     
14:48:52 zottest-ff7cfd65c-xbgvk                2m     680Mi    
14:49:23 rearm-backend-6d79d5dcc8-rj9w4         74m    5807Mi   
14:49:23 rearm-keycloak-0                       2m     719Mi    
14:49:23 rearm-keycloak-postgres-0              1m     34Mi     
14:49:23 rearm-oci-artifact-5c69f5fd94-tvhcg    7m     44Mi     
14:49:23 rearm-postgresql-0                     564m   322Mi    
14:49:23 rearm-rebom-backend-768fd58455-46nwc   0m     90Mi     
14:49:23 rearm-rebom-backend-768fd58455-dp9ps   10m    62Mi     
14:49:23 rearm-rebom-backend-768fd58455-tmqdc   1m     86Mi     
14:49:23 rearm-rebom-backend-768fd58455-vkfb5   0m     85Mi     
14:49:23 rearm-rebom-postgres-0                 25m    155Mi    
14:49:23 rearm-ui-5c9b8ddf9d-krkqk              1m     2Mi      
14:49:23 testreg-66bb8f476c-wt2mf               1m     43Mi     
14:49:23 zottest-ff7cfd65c-xbgvk                2m     680Mi    
14:49:54 rearm-backend-6d79d5dcc8-rj9w4         49m    5355Mi   
14:49:54 rearm-keycloak-0                       2m     719Mi    
14:49:54 rearm-keycloak-postgres-0              1m     34Mi     
14:49:54 rearm-oci-artifact-5c69f5fd94-tvhcg    7m     48Mi     
14:49:54 rearm-postgresql-0                     561m   324Mi    
14:49:54 rearm-rebom-backend-768fd58455-46nwc   0m     90Mi     
14:49:54 rearm-rebom-backend-768fd58455-dp9ps   13m    68Mi     
14:49:54 rearm-rebom-backend-768fd58455-tmqdc   1m     86Mi     
14:49:54 rearm-rebom-backend-768fd58455-vkfb5   0m     85Mi     
14:49:54 rearm-rebom-postgres-0                 23m    155Mi    
14:49:54 rearm-ui-5c9b8ddf9d-krkqk              1m     2Mi      
14:49:54 testreg-66bb8f476c-wt2mf               1m     43Mi     
14:49:54 zottest-ff7cfd65c-xbgvk                2m     680Mi    
14:50:24 rearm-backend-6d79d5dcc8-rj9w4         92m    4813Mi   
14:50:24 rearm-keycloak-0                       2m     719Mi    
14:50:24 rearm-keycloak-postgres-0              1m     34Mi     
14:50:24 rearm-oci-artifact-5c69f5fd94-tvhcg    15m    44Mi     
14:50:24 rearm-postgresql-0                     495m   323Mi    
14:50:24 rearm-rebom-backend-768fd58455-46nwc   0m     90Mi     
14:50:24 rearm-rebom-backend-768fd58455-dp9ps   11m    71Mi     
14:50:24 rearm-rebom-backend-768fd58455-tmqdc   1m     86Mi     
14:50:24 rearm-rebom-backend-768fd58455-vkfb5   1m     85Mi     
14:50:24 rearm-rebom-postgres-0                 39m    155Mi    
14:50:24 rearm-ui-5c9b8ddf9d-krkqk              1m     2Mi      
14:50:24 testreg-66bb8f476c-wt2mf               1m     43Mi     
14:50:24 zottest-ff7cfd65c-xbgvk                2m     680Mi    
14:50:55 rearm-backend-6d79d5dcc8-rj9w4         55m    4723Mi   
14:50:55 rearm-keycloak-0                       2m     719Mi    
14:50:55 rearm-keycloak-postgres-0              1m     34Mi     
14:50:55 rearm-oci-artifact-5c69f5fd94-tvhcg    7m     45Mi     
14:50:55 rearm-postgresql-0                     616m   320Mi    
14:50:55 rearm-rebom-backend-768fd58455-46nwc   1m     90Mi     
14:50:55 rearm-rebom-backend-768fd58455-dp9ps   9m     73Mi     
14:50:55 rearm-rebom-backend-768fd58455-tmqdc   1m     86Mi     
14:50:55 rearm-rebom-backend-768fd58455-vkfb5   0m     85Mi     
14:50:55 rearm-rebom-postgres-0                 25m    155Mi    
14:50:55 rearm-ui-5c9b8ddf9d-krkqk              1m     2Mi      
14:50:55 testreg-66bb8f476c-wt2mf               1m     43Mi     
14:50:55 zottest-ff7cfd65c-xbgvk                2m     680Mi    
14:51:26 rearm-backend-6d79d5dcc8-rj9w4         88m    4723Mi   
14:51:26 rearm-keycloak-0                       2m     719Mi    
14:51:26 rearm-keycloak-postgres-0              1m     34Mi     
14:51:26 rearm-oci-artifact-5c69f5fd94-tvhcg    7m     46Mi     
14:51:26 rearm-postgresql-0                     615m   323Mi    
14:51:26 rearm-rebom-backend-768fd58455-46nwc   0m     90Mi     
14:51:26 rearm-rebom-backend-768fd58455-dp9ps   15m    80Mi     
14:51:26 rearm-rebom-backend-768fd58455-tmqdc   0m     86Mi     
14:51:26 rearm-rebom-backend-768fd58455-vkfb5   1m     85Mi     
14:51:26 rearm-rebom-postgres-0                 25m    155Mi    
14:51:26 rearm-ui-5c9b8ddf9d-krkqk              1m     2Mi      
14:51:26 testreg-66bb8f476c-wt2mf               1m     43Mi     
14:51:26 zottest-ff7cfd65c-xbgvk                2m     680Mi    
14:51:57 rearm-backend-6d79d5dcc8-rj9w4         53m    4723Mi   
14:51:57 rearm-keycloak-0                       2m     719Mi    
14:51:57 rearm-keycloak-postgres-0              1m     34Mi     
14:51:57 rearm-oci-artifact-5c69f5fd94-tvhcg    7m     44Mi     
14:51:57 rearm-postgresql-0                     592m   323Mi    
14:51:57 rearm-rebom-backend-768fd58455-46nwc   1m     90Mi     
14:51:57 rearm-rebom-backend-768fd58455-dp9ps   9m     84Mi     
14:51:57 rearm-rebom-backend-768fd58455-tmqdc   1m     86Mi     
14:51:57 rearm-rebom-backend-768fd58455-vkfb5   0m     85Mi     
14:51:57 rearm-rebom-postgres-0                 24m    155Mi    
14:51:57 rearm-ui-5c9b8ddf9d-krkqk              1m     2Mi      
14:51:57 testreg-66bb8f476c-wt2mf               1m     43Mi     
14:51:57 zottest-ff7cfd65c-xbgvk                2m     680Mi    
14:52:28 rearm-backend-6d79d5dcc8-rj9w4         114m   4723Mi   
14:52:28 rearm-keycloak-0                       2m     719Mi    
14:52:28 rearm-keycloak-postgres-0              1m     34Mi     
14:52:28 rearm-oci-artifact-5c69f5fd94-tvhcg    9m     46Mi     
14:52:28 rearm-postgresql-0                     549m   320Mi    
14:52:28 rearm-rebom-backend-768fd58455-46nwc   0m     90Mi     
14:52:28 rearm-rebom-backend-768fd58455-dp9ps   10m    86Mi     
14:52:28 rearm-rebom-backend-768fd58455-tmqdc   0m     86Mi     
14:52:28 rearm-rebom-backend-768fd58455-vkfb5   0m     85Mi     
14:52:28 rearm-rebom-postgres-0                 35m    155Mi    
14:52:28 rearm-ui-5c9b8ddf9d-krkqk              1m     2Mi      
14:52:28 testreg-66bb8f476c-wt2mf               1m     43Mi     
14:52:28 zottest-ff7cfd65c-xbgvk                2m     680Mi    
14:52:59 rearm-backend-6d79d5dcc8-rj9w4         52m    4723Mi   
14:52:59 rearm-keycloak-0                       2m     719Mi    
14:52:59 rearm-keycloak-postgres-0              1m     34Mi     
14:52:59 rearm-oci-artifact-5c69f5fd94-tvhcg    7m     46Mi     
14:52:59 rearm-postgresql-0                     559m   323Mi    
14:52:59 rearm-rebom-backend-768fd58455-46nwc   0m     90Mi     
14:52:59 rearm-rebom-backend-768fd58455-dp9ps   10m    85Mi     
14:52:59 rearm-rebom-backend-768fd58455-tmqdc   1m     86Mi     
14:52:59 rearm-rebom-backend-768fd58455-vkfb5   1m     85Mi     
14:52:59 rearm-rebom-postgres-0                 23m    155Mi    
14:52:59 rearm-ui-5c9b8ddf9d-krkqk              1m     2Mi      
14:52:59 testreg-66bb8f476c-wt2mf               1m     43Mi     
14:52:59 zottest-ff7cfd65c-xbgvk                2m     680Mi    
14:53:29 rearm-backend-6d79d5dcc8-rj9w4         62m    4723Mi   
14:53:29 rearm-keycloak-0                       2m     719Mi    
14:53:29 rearm-keycloak-postgres-0              1m     34Mi     
14:53:29 rearm-oci-artifact-5c69f5fd94-tvhcg    7m     44Mi     
14:53:29 rearm-postgresql-0                     624m   326Mi    
14:53:29 rearm-rebom-backend-768fd58455-46nwc   1m     90Mi     
14:53:29 rearm-rebom-backend-768fd58455-dp9ps   9m     86Mi     
14:53:29 rearm-rebom-backend-768fd58455-tmqdc   1m     86Mi     
14:53:29 rearm-rebom-backend-768fd58455-vkfb5   0m     85Mi     
14:53:29 rearm-rebom-postgres-0                 24m    155Mi    
14:53:29 rearm-ui-5c9b8ddf9d-krkqk              1m     2Mi      
14:53:29 testreg-66bb8f476c-wt2mf               1m     43Mi     
14:53:29 zottest-ff7cfd65c-xbgvk                2m     680Mi    
14:54:00 rearm-backend-6d79d5dcc8-rj9w4         61m    4723Mi   
14:54:00 rearm-keycloak-0                       2m     719Mi    
14:54:00 rearm-keycloak-postgres-0              1m     34Mi     
14:54:00 rearm-oci-artifact-5c69f5fd94-tvhcg    8m     43Mi     
14:54:00 rearm-postgresql-0                     600m   322Mi    
14:54:00 rearm-rebom-backend-768fd58455-46nwc   0m     90Mi     
14:54:00 rearm-rebom-backend-768fd58455-dp9ps   13m    84Mi     
14:54:00 rearm-rebom-backend-768fd58455-tmqdc   0m     86Mi     
14:54:00 rearm-rebom-backend-768fd58455-vkfb5   1m     85Mi     
14:54:00 rearm-rebom-postgres-0                 24m    155Mi    
14:54:00 rearm-ui-5c9b8ddf9d-krkqk              1m     2Mi      
14:54:00 testreg-66bb8f476c-wt2mf               1m     43Mi     
14:54:00 zottest-ff7cfd65c-xbgvk                3m     680Mi    
14:54:31 rearm-backend-6d79d5dcc8-rj9w4         62m    4723Mi   
14:54:31 rearm-keycloak-0                       2m     719Mi    
14:54:31 rearm-keycloak-postgres-0              1m     34Mi     
14:54:31 rearm-oci-artifact-5c69f5fd94-tvhcg    15m    46Mi     
14:54:31 rearm-postgresql-0                     535m   322Mi    
14:54:31 rearm-rebom-backend-768fd58455-46nwc   1m     90Mi     
14:54:31 rearm-rebom-backend-768fd58455-dp9ps   0m     84Mi     
14:54:31 rearm-rebom-backend-768fd58455-tmqdc   18m    65Mi     
14:54:31 rearm-rebom-backend-768fd58455-vkfb5   0m     85Mi     
14:54:31 rearm-rebom-postgres-0                 37m    155Mi    
14:54:31 rearm-ui-5c9b8ddf9d-krkqk              1m     2Mi      
14:54:31 testreg-66bb8f476c-wt2mf               1m     43Mi     
14:54:31 zottest-ff7cfd65c-xbgvk                2m     680Mi    
14:55:02 rearm-backend-6d79d5dcc8-rj9w4         77m    4723Mi   
14:55:02 rearm-keycloak-0                       2m     719Mi    
14:55:02 rearm-keycloak-postgres-0              1m     34Mi     
14:55:02 rearm-oci-artifact-5c69f5fd94-tvhcg    8m     49Mi     
14:55:02 rearm-postgresql-0                     491m   323Mi    
14:55:02 rearm-rebom-backend-768fd58455-46nwc   0m     90Mi     
14:55:02 rearm-rebom-backend-768fd58455-dp9ps   0m     84Mi     
14:55:02 rearm-rebom-backend-768fd58455-tmqdc   13m    72Mi     
14:55:02 rearm-rebom-backend-768fd58455-vkfb5   1m     85Mi     
14:55:02 rearm-rebom-postgres-0                 29m    155Mi    
14:55:02 rearm-ui-5c9b8ddf9d-krkqk              1m     2Mi      
14:55:02 testreg-66bb8f476c-wt2mf               1m     43Mi     
14:55:02 zottest-ff7cfd65c-xbgvk                2m     680Mi    
14:55:33 rearm-backend-6d79d5dcc8-rj9w4         60m    4633Mi   
14:55:33 rearm-keycloak-0                       2m     719Mi    
14:55:33 rearm-keycloak-postgres-0              1m     34Mi     
14:55:33 rearm-oci-artifact-5c69f5fd94-tvhcg    9m     49Mi     
14:55:33 rearm-postgresql-0                     532m   324Mi    
14:55:33 rearm-rebom-backend-768fd58455-46nwc   1m     90Mi     
14:55:33 rearm-rebom-backend-768fd58455-dp9ps   1m     84Mi     
14:55:33 rearm-rebom-backend-768fd58455-tmqdc   11m    74Mi     
14:55:33 rearm-rebom-backend-768fd58455-vkfb5   0m     85Mi     
14:55:33 rearm-rebom-postgres-0                 29m    155Mi    
14:55:33 rearm-ui-5c9b8ddf9d-krkqk              1m     2Mi      
14:55:33 testreg-66bb8f476c-wt2mf               1m     43Mi     
14:55:33 zottest-ff7cfd65c-xbgvk                2m     680Mi    
14:56:04 rearm-backend-6d79d5dcc8-rj9w4         69m    4542Mi   
14:56:04 rearm-keycloak-0                       2m     719Mi    
14:56:04 rearm-keycloak-postgres-0              1m     34Mi     
14:56:04 rearm-oci-artifact-5c69f5fd94-tvhcg    12m    48Mi     
14:56:04 rearm-postgresql-0                     491m   321Mi    
14:56:04 rearm-rebom-backend-768fd58455-46nwc   0m     90Mi     
14:56:04 rearm-rebom-backend-768fd58455-dp9ps   0m     84Mi     
14:56:04 rearm-rebom-backend-768fd58455-tmqdc   15m    72Mi     
14:56:04 rearm-rebom-backend-768fd58455-vkfb5   1m     85Mi     
14:56:04 rearm-rebom-postgres-0                 33m    155Mi    
14:56:04 rearm-ui-5c9b8ddf9d-krkqk              1m     2Mi      
14:56:04 testreg-66bb8f476c-wt2mf               1m     43Mi     
14:56:04 zottest-ff7cfd65c-xbgvk                2m     680Mi    
14:56:34 rearm-backend-6d79d5dcc8-rj9w4         59m    4271Mi   
14:56:34 rearm-keycloak-0                       2m     719Mi    
14:56:34 rearm-keycloak-postgres-0              1m     34Mi     
14:56:34 rearm-oci-artifact-5c69f5fd94-tvhcg    7m     44Mi     
14:56:34 rearm-postgresql-0                     515m   325Mi    
14:56:34 rearm-rebom-backend-768fd58455-46nwc   0m     90Mi     
14:56:34 rearm-rebom-backend-768fd58455-dp9ps   1m     84Mi     
14:56:34 rearm-rebom-backend-768fd58455-tmqdc   12m    85Mi     
14:56:34 rearm-rebom-backend-768fd58455-vkfb5   0m     85Mi     
14:56:34 rearm-rebom-postgres-0                 28m    155Mi    
14:56:34 rearm-ui-5c9b8ddf9d-krkqk              1m     2Mi      
14:56:34 testreg-66bb8f476c-wt2mf               1m     43Mi     
14:56:34 zottest-ff7cfd65c-xbgvk                2m     680Mi    
14:57:05 rearm-backend-6d79d5dcc8-rj9w4         67m    4000Mi   
14:57:05 rearm-keycloak-0                       2m     719Mi    
14:57:05 rearm-keycloak-postgres-0              1m     34Mi     
14:57:05 rearm-oci-artifact-5c69f5fd94-tvhcg    8m     46Mi     
14:57:05 rearm-postgresql-0                     477m   324Mi    
14:57:05 rearm-rebom-backend-768fd58455-46nwc   0m     90Mi     
14:57:05 rearm-rebom-backend-768fd58455-dp9ps   1m     84Mi     
14:57:05 rearm-rebom-backend-768fd58455-tmqdc   11m    86Mi     
14:57:05 rearm-rebom-backend-768fd58455-vkfb5   0m     85Mi     
14:57:05 rearm-rebom-postgres-0                 30m    155Mi    
14:57:05 rearm-ui-5c9b8ddf9d-krkqk              1m     2Mi      
14:57:05 testreg-66bb8f476c-wt2mf               1m     43Mi     
14:57:05 zottest-ff7cfd65c-xbgvk                2m     680Mi    
14:57:36 rearm-backend-6d79d5dcc8-rj9w4         1021m   7632Mi   
14:57:36 rearm-keycloak-0                       2m      719Mi    
14:57:36 rearm-keycloak-postgres-0              1m      34Mi     
14:57:36 rearm-oci-artifact-5c69f5fd94-tvhcg    7m      48Mi     
14:57:36 rearm-postgresql-0                     889m    343Mi    
14:57:36 rearm-rebom-backend-768fd58455-46nwc   1m      90Mi     
14:57:36 rearm-rebom-backend-768fd58455-dp9ps   1m      84Mi     
14:57:36 rearm-rebom-backend-768fd58455-tmqdc   10m     88Mi     
14:57:36 rearm-rebom-backend-768fd58455-vkfb5   1m      85Mi     
14:57:36 rearm-rebom-postgres-0                 23m     155Mi    
14:57:36 rearm-ui-5c9b8ddf9d-krkqk              1m      2Mi      
14:57:36 testreg-66bb8f476c-wt2mf               1m      43Mi     
14:57:36 zottest-ff7cfd65c-xbgvk                3m      680Mi    
14:58:07 rearm-backend-6d79d5dcc8-rj9w4         746m   7631Mi   
14:58:07 rearm-keycloak-0                       2m     719Mi    
14:58:07 rearm-keycloak-postgres-0              1m     34Mi     
14:58:07 rearm-oci-artifact-5c69f5fd94-tvhcg    11m    46Mi     
14:58:07 rearm-postgresql-0                     946m   347Mi    
14:58:07 rearm-rebom-backend-768fd58455-46nwc   0m     90Mi     
14:58:07 rearm-rebom-backend-768fd58455-dp9ps   0m     84Mi     
14:58:07 rearm-rebom-backend-768fd58455-tmqdc   14m    86Mi     
14:58:07 rearm-rebom-backend-768fd58455-vkfb5   1m     85Mi     
14:58:07 rearm-rebom-postgres-0                 27m    155Mi    
14:58:07 rearm-ui-5c9b8ddf9d-krkqk              1m     2Mi      
14:58:07 testreg-66bb8f476c-wt2mf               1m     43Mi     
14:58:07 zottest-ff7cfd65c-xbgvk                2m     680Mi    
14:58:38 rearm-backend-6d79d5dcc8-rj9w4         71m    7633Mi   
14:58:38 rearm-keycloak-0                       2m     719Mi    
14:58:38 rearm-keycloak-postgres-0              1m     34Mi     
14:58:38 rearm-oci-artifact-5c69f5fd94-tvhcg    8m     51Mi     
14:58:38 rearm-postgresql-0                     463m   347Mi    
14:58:38 rearm-rebom-backend-768fd58455-46nwc   1m     90Mi     
14:58:38 rearm-rebom-backend-768fd58455-dp9ps   1m     84Mi     
14:58:38 rearm-rebom-backend-768fd58455-tmqdc   11m    111Mi    
14:58:38 rearm-rebom-backend-768fd58455-vkfb5   1m     85Mi     
14:58:38 rearm-rebom-postgres-0                 29m    155Mi    
14:58:38 rearm-ui-5c9b8ddf9d-krkqk              1m     2Mi      
14:58:38 testreg-66bb8f476c-wt2mf               1m     43Mi     
14:58:38 zottest-ff7cfd65c-xbgvk                2m     680Mi    
14:59:09 rearm-backend-6d79d5dcc8-rj9w4         76m    7631Mi   
14:59:09 rearm-keycloak-0                       2m     719Mi    
14:59:09 rearm-keycloak-postgres-0              1m     34Mi     
14:59:09 rearm-oci-artifact-5c69f5fd94-tvhcg    9m     46Mi     
14:59:09 rearm-postgresql-0                     474m   348Mi    
14:59:09 rearm-rebom-backend-768fd58455-46nwc   11m    67Mi     
14:59:09 rearm-rebom-backend-768fd58455-dp9ps   1m     84Mi     
14:59:09 rearm-rebom-backend-768fd58455-tmqdc   1m     114Mi    
14:59:09 rearm-rebom-backend-768fd58455-vkfb5   0m     85Mi     
14:59:09 rearm-rebom-postgres-0                 29m    155Mi    
14:59:09 rearm-ui-5c9b8ddf9d-krkqk              1m     2Mi      
14:59:09 testreg-66bb8f476c-wt2mf               1m     43Mi     
14:59:09 zottest-ff7cfd65c-xbgvk                2m     680Mi    
14:59:39 rearm-backend-6d79d5dcc8-rj9w4         57m    7631Mi   
14:59:39 rearm-keycloak-0                       2m     719Mi    
14:59:39 rearm-keycloak-postgres-0              1m     34Mi     
14:59:39 rearm-oci-artifact-5c69f5fd94-tvhcg    12m    45Mi     
14:59:39 rearm-postgresql-0                     449m   342Mi    
14:59:39 rearm-rebom-backend-768fd58455-46nwc   11m    69Mi     
14:59:39 rearm-rebom-backend-768fd58455-dp9ps   1m     84Mi     
14:59:39 rearm-rebom-backend-768fd58455-tmqdc   0m     114Mi    
14:59:39 rearm-rebom-backend-768fd58455-vkfb5   1m     85Mi     
14:59:39 rearm-rebom-postgres-0                 36m    155Mi    
14:59:39 rearm-ui-5c9b8ddf9d-krkqk              1m     2Mi      
14:59:39 testreg-66bb8f476c-wt2mf               1m     43Mi     
14:59:39 zottest-ff7cfd65c-xbgvk                3m     680Mi    
15:00:10 rearm-backend-6d79d5dcc8-rj9w4         52m    7631Mi   
15:00:10 rearm-keycloak-0                       2m     719Mi    
15:00:10 rearm-keycloak-postgres-0              1m     34Mi     
15:00:10 rearm-oci-artifact-5c69f5fd94-tvhcg    8m     49Mi     
15:00:10 rearm-postgresql-0                     484m   331Mi    
15:00:10 rearm-rebom-backend-768fd58455-46nwc   11m    74Mi     
15:00:10 rearm-rebom-backend-768fd58455-dp9ps   1m     84Mi     
15:00:10 rearm-rebom-backend-768fd58455-tmqdc   1m     114Mi    
15:00:10 rearm-rebom-backend-768fd58455-vkfb5   1m     85Mi     
15:00:10 rearm-rebom-postgres-0                 27m    155Mi    
15:00:10 rearm-ui-5c9b8ddf9d-krkqk              1m     2Mi      
15:00:10 testreg-66bb8f476c-wt2mf               1m     43Mi     
15:00:10 zottest-ff7cfd65c-xbgvk                2m     680Mi    
15:00:41 rearm-backend-6d79d5dcc8-rj9w4         75m    7631Mi   
15:00:41 rearm-keycloak-0                       2m     719Mi    
15:00:41 rearm-keycloak-postgres-0              1m     34Mi     
15:00:41 rearm-oci-artifact-5c69f5fd94-tvhcg    8m     46Mi     
15:00:41 rearm-postgresql-0                     473m   331Mi    
15:00:41 rearm-rebom-backend-768fd58455-46nwc   11m    75Mi     
15:00:41 rearm-rebom-backend-768fd58455-dp9ps   1m     84Mi     
15:00:41 rearm-rebom-backend-768fd58455-tmqdc   0m     114Mi    
15:00:41 rearm-rebom-backend-768fd58455-vkfb5   1m     85Mi     
15:00:41 rearm-rebom-postgres-0                 28m    155Mi    
15:00:41 rearm-ui-5c9b8ddf9d-krkqk              1m     2Mi      
15:00:41 testreg-66bb8f476c-wt2mf               1m     43Mi     
15:00:41 zottest-ff7cfd65c-xbgvk                2m     680Mi    
15:01:12 rearm-backend-6d79d5dcc8-rj9w4         76m    7631Mi   
15:01:12 rearm-keycloak-0                       2m     719Mi    
15:01:12 rearm-keycloak-postgres-0              1m     34Mi     
15:01:12 rearm-oci-artifact-5c69f5fd94-tvhcg    8m     45Mi     
15:01:12 rearm-postgresql-0                     503m   331Mi    
15:01:12 rearm-rebom-backend-768fd58455-46nwc   13m    74Mi     
15:01:12 rearm-rebom-backend-768fd58455-dp9ps   1m     84Mi     
15:01:12 rearm-rebom-backend-768fd58455-tmqdc   1m     114Mi    
15:01:12 rearm-rebom-backend-768fd58455-vkfb5   0m     85Mi     
15:01:12 rearm-rebom-postgres-0                 28m    155Mi    
15:01:12 rearm-ui-5c9b8ddf9d-krkqk              1m     2Mi      
15:01:12 testreg-66bb8f476c-wt2mf               1m     43Mi     
15:01:12 zottest-ff7cfd65c-xbgvk                2m     680Mi    
15:01:43 rearm-backend-6d79d5dcc8-rj9w4         67m    7631Mi   
15:01:43 rearm-keycloak-0                       2m     719Mi    
15:01:43 rearm-keycloak-postgres-0              1m     34Mi     
15:01:43 rearm-oci-artifact-5c69f5fd94-tvhcg    8m     47Mi     
15:01:43 rearm-postgresql-0                     475m   333Mi    
15:01:43 rearm-rebom-backend-768fd58455-46nwc   13m    86Mi     
15:01:43 rearm-rebom-backend-768fd58455-dp9ps   1m     84Mi     
15:01:43 rearm-rebom-backend-768fd58455-tmqdc   0m     114Mi    
15:01:43 rearm-rebom-backend-768fd58455-vkfb5   1m     85Mi     
15:01:43 rearm-rebom-postgres-0                 37m    155Mi    
15:01:43 rearm-ui-5c9b8ddf9d-krkqk              1m     2Mi      
15:01:43 testreg-66bb8f476c-wt2mf               1m     43Mi     
15:01:43 zottest-ff7cfd65c-xbgvk                3m     680Mi    
15:02:13 rearm-backend-6d79d5dcc8-rj9w4         49m    7631Mi   
15:02:13 rearm-keycloak-0                       2m     719Mi    
15:02:13 rearm-keycloak-postgres-0              1m     34Mi     
15:02:13 rearm-oci-artifact-5c69f5fd94-tvhcg    7m     50Mi     
15:02:13 rearm-postgresql-0                     521m   335Mi    
15:02:13 rearm-rebom-backend-768fd58455-46nwc   9m     89Mi     
15:02:13 rearm-rebom-backend-768fd58455-dp9ps   1m     84Mi     
15:02:13 rearm-rebom-backend-768fd58455-tmqdc   1m     114Mi    
15:02:13 rearm-rebom-backend-768fd58455-vkfb5   1m     85Mi     
15:02:13 rearm-rebom-postgres-0                 27m    155Mi    
15:02:13 rearm-ui-5c9b8ddf9d-krkqk              1m     2Mi      
15:02:13 testreg-66bb8f476c-wt2mf               1m     43Mi     
15:02:13 zottest-ff7cfd65c-xbgvk                2m     680Mi    
15:02:44 rearm-backend-6d79d5dcc8-rj9w4         72m    7631Mi   
15:02:44 rearm-keycloak-0                       2m     719Mi    
15:02:44 rearm-keycloak-postgres-0              1m     34Mi     
15:02:44 rearm-oci-artifact-5c69f5fd94-tvhcg    7m     49Mi     
15:02:44 rearm-postgresql-0                     510m   326Mi    
15:02:44 rearm-rebom-backend-768fd58455-46nwc   12m    88Mi     
15:02:44 rearm-rebom-backend-768fd58455-dp9ps   0m     84Mi     
15:02:44 rearm-rebom-backend-768fd58455-tmqdc   0m     114Mi    
15:02:44 rearm-rebom-backend-768fd58455-vkfb5   1m     85Mi     
15:02:44 rearm-rebom-postgres-0                 27m    155Mi    
15:02:44 rearm-ui-5c9b8ddf9d-krkqk              1m     2Mi      
15:02:44 testreg-66bb8f476c-wt2mf               1m     43Mi     
15:02:44 zottest-ff7cfd65c-xbgvk                2m     680Mi    
15:03:15 rearm-backend-6d79d5dcc8-rj9w4         47m    7631Mi   
15:03:15 rearm-keycloak-0                       2m     719Mi    
15:03:15 rearm-keycloak-postgres-0              1m     34Mi     
15:03:15 rearm-oci-artifact-5c69f5fd94-tvhcg    16m    48Mi     
15:03:15 rearm-postgresql-0                     431m   327Mi    
15:03:15 rearm-rebom-backend-768fd58455-46nwc   10m    90Mi     
15:03:15 rearm-rebom-backend-768fd58455-dp9ps   1m     84Mi     
15:03:15 rearm-rebom-backend-768fd58455-tmqdc   1m     114Mi    
15:03:15 rearm-rebom-backend-768fd58455-vkfb5   1m     85Mi     
15:03:15 rearm-rebom-postgres-0                 27m    155Mi    
15:03:15 rearm-ui-5c9b8ddf9d-krkqk              1m     2Mi      
15:03:15 testreg-66bb8f476c-wt2mf               1m     43Mi     
15:03:15 zottest-ff7cfd65c-xbgvk                2m     680Mi    
15:03:46 rearm-backend-6d79d5dcc8-rj9w4         51m    7631Mi   
15:03:46 rearm-keycloak-0                       2m     719Mi    
15:03:46 rearm-keycloak-postgres-0              1m     34Mi     
15:03:46 rearm-oci-artifact-5c69f5fd94-tvhcg    8m     48Mi     
15:03:46 rearm-postgresql-0                     538m   327Mi    
15:03:46 rearm-rebom-backend-768fd58455-46nwc   13m    88Mi     
15:03:46 rearm-rebom-backend-768fd58455-dp9ps   1m     84Mi     
15:03:46 rearm-rebom-backend-768fd58455-tmqdc   0m     114Mi    
15:03:46 rearm-rebom-backend-768fd58455-vkfb5   0m     85Mi     
15:03:46 rearm-rebom-postgres-0                 26m    155Mi    
15:03:46 rearm-ui-5c9b8ddf9d-krkqk              1m     2Mi      
15:03:46 testreg-66bb8f476c-wt2mf               1m     43Mi     
15:03:46 zottest-ff7cfd65c-xbgvk                3m     680Mi    
15:04:17 rearm-backend-6d79d5dcc8-rj9w4         75m    7631Mi   
15:04:17 rearm-keycloak-0                       2m     719Mi    
15:04:17 rearm-keycloak-postgres-0              1m     34Mi     
15:04:17 rearm-oci-artifact-5c69f5fd94-tvhcg    8m     49Mi     
15:04:17 rearm-postgresql-0                     537m   327Mi    
15:04:17 rearm-rebom-backend-768fd58455-46nwc   2m     89Mi     
15:04:17 rearm-rebom-backend-768fd58455-dp9ps   12m    85Mi     
15:04:17 rearm-rebom-backend-768fd58455-tmqdc   1m     114Mi    
15:04:17 rearm-rebom-backend-768fd58455-vkfb5   1m     85Mi     
15:04:17 rearm-rebom-postgres-0                 28m    157Mi    
15:04:17 rearm-ui-5c9b8ddf9d-krkqk              1m     2Mi      
15:04:17 testreg-66bb8f476c-wt2mf               1m     43Mi     
15:04:17 zottest-ff7cfd65c-xbgvk                2m     680Mi    
15:04:48 rearm-backend-6d79d5dcc8-rj9w4         52m    7631Mi   
15:04:48 rearm-keycloak-0                       2m     719Mi    
15:04:48 rearm-keycloak-postgres-0              1m     34Mi     
15:04:48 rearm-oci-artifact-5c69f5fd94-tvhcg    7m     46Mi     
15:04:48 rearm-postgresql-0                     521m   323Mi    
15:04:48 rearm-rebom-backend-768fd58455-46nwc   1m     89Mi     
15:04:48 rearm-rebom-backend-768fd58455-dp9ps   11m    63Mi     
15:04:48 rearm-rebom-backend-768fd58455-tmqdc   1m     114Mi    
15:04:48 rearm-rebom-backend-768fd58455-vkfb5   1m     85Mi     
15:04:48 rearm-rebom-postgres-0                 27m    155Mi    
15:04:48 rearm-ui-5c9b8ddf9d-krkqk              1m     2Mi      
15:04:48 testreg-66bb8f476c-wt2mf               1m     43Mi     
15:04:48 zottest-ff7cfd65c-xbgvk                2m     680Mi    
15:05:18 rearm-backend-6d79d5dcc8-rj9w4         74m    7631Mi   
15:05:18 rearm-keycloak-0                       2m     719Mi    
15:05:18 rearm-keycloak-postgres-0              1m     34Mi     
15:05:18 rearm-oci-artifact-5c69f5fd94-tvhcg    13m    51Mi     
15:05:18 rearm-postgresql-0                     413m   327Mi    
15:05:18 rearm-rebom-backend-768fd58455-46nwc   0m     89Mi     
15:05:18 rearm-rebom-backend-768fd58455-dp9ps   12m    69Mi     
15:05:18 rearm-rebom-backend-768fd58455-tmqdc   1m     114Mi    
15:05:18 rearm-rebom-backend-768fd58455-vkfb5   1m     85Mi     
15:05:18 rearm-rebom-postgres-0                 37m    155Mi    
15:05:18 rearm-ui-5c9b8ddf9d-krkqk              1m     2Mi      
15:05:18 testreg-66bb8f476c-wt2mf               1m     43Mi     
15:05:18 zottest-ff7cfd65c-xbgvk                2m     680Mi    
15:05:49 rearm-backend-6d79d5dcc8-rj9w4         70m    7631Mi   
15:05:49 rearm-keycloak-0                       2m     719Mi    
15:05:49 rearm-keycloak-postgres-0              1m     34Mi     
15:05:49 rearm-oci-artifact-5c69f5fd94-tvhcg    9m     48Mi     
15:05:49 rearm-postgresql-0                     491m   328Mi    
15:05:49 rearm-rebom-backend-768fd58455-46nwc   1m     89Mi     
15:05:49 rearm-rebom-backend-768fd58455-dp9ps   10m    72Mi     
15:05:49 rearm-rebom-backend-768fd58455-tmqdc   0m     114Mi    
15:05:49 rearm-rebom-backend-768fd58455-vkfb5   1m     85Mi     
15:05:49 rearm-rebom-postgres-0                 25m    155Mi    
15:05:49 rearm-ui-5c9b8ddf9d-krkqk              1m     2Mi      
15:05:49 testreg-66bb8f476c-wt2mf               1m     43Mi     
15:05:49 zottest-ff7cfd65c-xbgvk                3m     680Mi    
15:06:20 rearm-backend-6d79d5dcc8-rj9w4         70m    7632Mi   
15:06:20 rearm-keycloak-0                       2m     719Mi    
15:06:20 rearm-keycloak-postgres-0              1m     34Mi     
15:06:20 rearm-oci-artifact-5c69f5fd94-tvhcg    8m     48Mi     
15:06:20 rearm-postgresql-0                     525m   330Mi    
15:06:20 rearm-rebom-backend-768fd58455-46nwc   0m     89Mi     
15:06:20 rearm-rebom-backend-768fd58455-dp9ps   13m    81Mi     
15:06:20 rearm-rebom-backend-768fd58455-tmqdc   0m     114Mi    
15:06:20 rearm-rebom-backend-768fd58455-vkfb5   0m     85Mi     
15:06:20 rearm-rebom-postgres-0                 29m    155Mi    
15:06:20 rearm-ui-5c9b8ddf9d-krkqk              1m     2Mi      
15:06:20 testreg-66bb8f476c-wt2mf               1m     43Mi     
15:06:20 zottest-ff7cfd65c-xbgvk                2m     680Mi    
15:06:51 rearm-backend-6d79d5dcc8-rj9w4         97m    7632Mi   
15:06:51 rearm-keycloak-0                       2m     719Mi    
15:06:51 rearm-keycloak-postgres-0              1m     34Mi     
15:06:51 rearm-oci-artifact-5c69f5fd94-tvhcg    8m     49Mi     
15:06:51 rearm-postgresql-0                     526m   324Mi    
15:06:51 rearm-rebom-backend-768fd58455-46nwc   1m     89Mi     
15:06:51 rearm-rebom-backend-768fd58455-dp9ps   12m    85Mi     
15:06:51 rearm-rebom-backend-768fd58455-tmqdc   1m     114Mi    
15:06:51 rearm-rebom-backend-768fd58455-vkfb5   1m     85Mi     
15:06:51 rearm-rebom-postgres-0                 37m    155Mi    
15:06:51 rearm-ui-5c9b8ddf9d-krkqk              1m     2Mi      
15:06:51 testreg-66bb8f476c-wt2mf               1m     43Mi     
15:06:51 zottest-ff7cfd65c-xbgvk                2m     680Mi    
15:07:22 rearm-backend-6d79d5dcc8-rj9w4         59m    7632Mi   
15:07:22 rearm-keycloak-0                       2m     719Mi    
15:07:22 rearm-keycloak-postgres-0              1m     34Mi     
15:07:22 rearm-oci-artifact-5c69f5fd94-tvhcg    10m    48Mi     
15:07:22 rearm-postgresql-0                     509m   325Mi    
15:07:22 rearm-rebom-backend-768fd58455-46nwc   0m     89Mi     
15:07:22 rearm-rebom-backend-768fd58455-dp9ps   15m    85Mi     
15:07:22 rearm-rebom-backend-768fd58455-tmqdc   1m     114Mi    
15:07:22 rearm-rebom-backend-768fd58455-vkfb5   0m     85Mi     
15:07:22 rearm-rebom-postgres-0                 28m    155Mi    
15:07:22 rearm-ui-5c9b8ddf9d-krkqk              1m     2Mi      
15:07:22 testreg-66bb8f476c-wt2mf               1m     43Mi     
15:07:22 zottest-ff7cfd65c-xbgvk                2m     680Mi    
15:07:53 rearm-backend-6d79d5dcc8-rj9w4         52m    6998Mi   
15:07:53 rearm-keycloak-0                       2m     719Mi    
15:07:53 rearm-keycloak-postgres-0              1m     34Mi     
15:07:53 rearm-oci-artifact-5c69f5fd94-tvhcg    8m     47Mi     
15:07:53 rearm-postgresql-0                     525m   325Mi    
15:07:53 rearm-rebom-backend-768fd58455-46nwc   1m     89Mi     
15:07:53 rearm-rebom-backend-768fd58455-dp9ps   11m    86Mi     
15:07:53 rearm-rebom-backend-768fd58455-tmqdc   1m     114Mi    
15:07:53 rearm-rebom-backend-768fd58455-vkfb5   1m     85Mi     
15:07:53 rearm-rebom-postgres-0                 27m    155Mi    
15:07:53 rearm-ui-5c9b8ddf9d-krkqk              1m     2Mi      
15:07:53 testreg-66bb8f476c-wt2mf               1m     43Mi     
15:07:53 zottest-ff7cfd65c-xbgvk                3m     680Mi    
15:08:23 rearm-backend-6d79d5dcc8-rj9w4         78m    6547Mi   
15:08:23 rearm-keycloak-0                       2m     719Mi    
15:08:23 rearm-keycloak-postgres-0              1m     34Mi     
15:08:23 rearm-oci-artifact-5c69f5fd94-tvhcg    8m     47Mi     
15:08:23 rearm-postgresql-0                     503m   325Mi    
15:08:23 rearm-rebom-backend-768fd58455-46nwc   0m     89Mi     
15:08:23 rearm-rebom-backend-768fd58455-dp9ps   14m    85Mi     
15:08:23 rearm-rebom-backend-768fd58455-tmqdc   1m     114Mi    
15:08:23 rearm-rebom-backend-768fd58455-vkfb5   0m     85Mi     
15:08:23 rearm-rebom-postgres-0                 27m    155Mi    
15:08:23 rearm-ui-5c9b8ddf9d-krkqk              1m     2Mi      
15:08:23 testreg-66bb8f476c-wt2mf               1m     43Mi     
15:08:23 zottest-ff7cfd65c-xbgvk                2m     680Mi    
15:08:54 rearm-backend-6d79d5dcc8-rj9w4         72m    6004Mi   
15:08:54 rearm-keycloak-0                       2m     719Mi    
15:08:54 rearm-keycloak-postgres-0              1m     34Mi     
15:08:54 rearm-oci-artifact-5c69f5fd94-tvhcg    10m    47Mi     
15:08:54 rearm-postgresql-0                     473m   322Mi    
15:08:54 rearm-rebom-backend-768fd58455-46nwc   1m     89Mi     
15:08:54 rearm-rebom-backend-768fd58455-dp9ps   15m    84Mi     
15:08:54 rearm-rebom-backend-768fd58455-tmqdc   3m     113Mi    
15:08:54 rearm-rebom-backend-768fd58455-vkfb5   1m     85Mi     
15:08:54 rearm-rebom-postgres-0                 32m    155Mi    
15:08:54 rearm-ui-5c9b8ddf9d-krkqk              1m     2Mi      
15:08:54 testreg-66bb8f476c-wt2mf               1m     43Mi     
15:08:54 zottest-ff7cfd65c-xbgvk                2m     680Mi    
15:09:25 rearm-backend-6d79d5dcc8-rj9w4         57m    5552Mi   
15:09:25 rearm-keycloak-0                       2m     719Mi    
15:09:25 rearm-keycloak-postgres-0              1m     34Mi     
15:09:25 rearm-oci-artifact-5c69f5fd94-tvhcg    8m     46Mi     
15:09:25 rearm-postgresql-0                     520m   325Mi    
15:09:25 rearm-rebom-backend-768fd58455-46nwc   0m     89Mi     
15:09:25 rearm-rebom-backend-768fd58455-dp9ps   1m     96Mi     
15:09:25 rearm-rebom-backend-768fd58455-tmqdc   12m    66Mi     
15:09:25 rearm-rebom-backend-768fd58455-vkfb5   0m     85Mi     
15:09:25 rearm-rebom-postgres-0                 25m    155Mi    
15:09:25 rearm-ui-5c9b8ddf9d-krkqk              1m     2Mi      
15:09:25 testreg-66bb8f476c-wt2mf               1m     43Mi     
15:09:25 zottest-ff7cfd65c-xbgvk                2m     680Mi    
15:09:56 rearm-backend-6d79d5dcc8-rj9w4         76m    5191Mi   
15:09:56 rearm-keycloak-0                       2m     719Mi    
15:09:56 rearm-keycloak-postgres-0              1m     34Mi     
15:09:56 rearm-oci-artifact-5c69f5fd94-tvhcg    8m     49Mi     
15:09:56 rearm-postgresql-0                     526m   326Mi    
15:09:56 rearm-rebom-backend-768fd58455-46nwc   1m     89Mi     
15:09:56 rearm-rebom-backend-768fd58455-dp9ps   0m     96Mi     
15:09:56 rearm-rebom-backend-768fd58455-tmqdc   14m    66Mi     
15:09:56 rearm-rebom-backend-768fd58455-vkfb5   1m     85Mi     
15:09:56 rearm-rebom-postgres-0                 26m    155Mi    
15:09:56 rearm-ui-5c9b8ddf9d-krkqk              1m     2Mi      
15:09:56 testreg-66bb8f476c-wt2mf               1m     43Mi     
15:09:56 zottest-ff7cfd65c-xbgvk                2m     680Mi    
15:10:27 rearm-backend-6d79d5dcc8-rj9w4         61m    4739Mi   
15:10:27 rearm-keycloak-0                       2m     719Mi    
15:10:27 rearm-keycloak-postgres-0              1m     34Mi     
15:10:27 rearm-oci-artifact-5c69f5fd94-tvhcg    8m     47Mi     
15:10:27 rearm-postgresql-0                     536m   326Mi    
15:10:27 rearm-rebom-backend-768fd58455-46nwc   0m     89Mi     
15:10:27 rearm-rebom-backend-768fd58455-dp9ps   0m     96Mi     
15:10:27 rearm-rebom-backend-768fd58455-tmqdc   15m    73Mi     
15:10:27 rearm-rebom-backend-768fd58455-vkfb5   1m     85Mi     
15:10:27 rearm-rebom-postgres-0                 31m    155Mi    
15:10:27 rearm-ui-5c9b8ddf9d-krkqk              1m     2Mi      
15:10:27 testreg-66bb8f476c-wt2mf               1m     43Mi     
15:10:27 zottest-ff7cfd65c-xbgvk                337m   727Mi    
15:10:57 rearm-backend-6d79d5dcc8-rj9w4         48m    4649Mi   
15:10:57 rearm-keycloak-0                       2m     719Mi    
15:10:57 rearm-keycloak-postgres-0              1m     34Mi     
15:10:57 rearm-oci-artifact-5c69f5fd94-tvhcg    8m     48Mi     
15:10:57 rearm-postgresql-0                     506m   328Mi    
15:10:57 rearm-rebom-backend-768fd58455-46nwc   0m     89Mi     
15:10:57 rearm-rebom-backend-768fd58455-dp9ps   0m     96Mi     
15:10:57 rearm-rebom-backend-768fd58455-tmqdc   11m    76Mi     
15:10:57 rearm-rebom-backend-768fd58455-vkfb5   0m     85Mi     
15:10:57 rearm-rebom-postgres-0                 26m    155Mi    
15:10:57 rearm-ui-5c9b8ddf9d-krkqk              1m     2Mi      
15:10:57 testreg-66bb8f476c-wt2mf               1m     43Mi     
15:10:57 zottest-ff7cfd65c-xbgvk                3m     727Mi    
15:11:28 rearm-backend-6d79d5dcc8-rj9w4         81m    4649Mi   
15:11:28 rearm-keycloak-0                       2m     719Mi    
15:11:28 rearm-keycloak-postgres-0              1m     34Mi     
15:11:28 rearm-oci-artifact-5c69f5fd94-tvhcg    7m     46Mi     
15:11:28 rearm-postgresql-0                     522m   326Mi    
15:11:28 rearm-rebom-backend-768fd58455-46nwc   1m     89Mi     
15:11:28 rearm-rebom-backend-768fd58455-dp9ps   1m     96Mi     
15:11:28 rearm-rebom-backend-768fd58455-tmqdc   10m    79Mi     
15:11:28 rearm-rebom-backend-768fd58455-vkfb5   1m     85Mi     
15:11:28 rearm-rebom-postgres-0                 26m    155Mi    
15:11:28 rearm-ui-5c9b8ddf9d-krkqk              1m     2Mi      
15:11:28 testreg-66bb8f476c-wt2mf               1m     43Mi     
15:11:28 zottest-ff7cfd65c-xbgvk                3m     727Mi    
15:11:59 rearm-backend-6d79d5dcc8-rj9w4         50m    4649Mi   
15:11:59 rearm-keycloak-0                       2m     719Mi    
15:11:59 rearm-keycloak-postgres-0              1m     34Mi     
15:11:59 rearm-oci-artifact-5c69f5fd94-tvhcg    8m     49Mi     
15:11:59 rearm-postgresql-0                     548m   417Mi    
15:11:59 rearm-rebom-backend-768fd58455-46nwc   0m     89Mi     
15:11:59 rearm-rebom-backend-768fd58455-dp9ps   0m     96Mi     
15:11:59 rearm-rebom-backend-768fd58455-tmqdc   15m    92Mi     
15:11:59 rearm-rebom-backend-768fd58455-vkfb5   0m     85Mi     
15:11:59 rearm-rebom-postgres-0                 27m    155Mi    
15:11:59 rearm-ui-5c9b8ddf9d-krkqk              1m     2Mi      
15:11:59 testreg-66bb8f476c-wt2mf               1m     43Mi     
15:11:59 zottest-ff7cfd65c-xbgvk                2m     727Mi    
15:12:30 rearm-backend-6d79d5dcc8-rj9w4         73m    4649Mi   
15:12:30 rearm-keycloak-0                       2m     719Mi    
15:12:30 rearm-keycloak-postgres-0              1m     34Mi     
15:12:30 rearm-oci-artifact-5c69f5fd94-tvhcg    13m    46Mi     
15:12:30 rearm-postgresql-0                     723m   337Mi    
15:12:30 rearm-rebom-backend-768fd58455-46nwc   0m     89Mi     
15:12:30 rearm-rebom-backend-768fd58455-dp9ps   0m     96Mi     
15:12:30 rearm-rebom-backend-768fd58455-tmqdc   12m    94Mi     
15:12:30 rearm-rebom-backend-768fd58455-vkfb5   1m     85Mi     
15:12:30 rearm-rebom-postgres-0                 25m    155Mi    
15:12:30 rearm-ui-5c9b8ddf9d-krkqk              1m     2Mi      
15:12:30 testreg-66bb8f476c-wt2mf               1m     43Mi     
15:12:30 zottest-ff7cfd65c-xbgvk                3m     707Mi    
15:13:01 rearm-backend-6d79d5dcc8-rj9w4         49m    4648Mi   
15:13:01 rearm-keycloak-0                       2m     719Mi    
15:13:01 rearm-keycloak-postgres-0              1m     34Mi     
15:13:01 rearm-oci-artifact-5c69f5fd94-tvhcg    8m     47Mi     
15:13:01 rearm-postgresql-0                     543m   338Mi    
15:13:01 rearm-rebom-backend-768fd58455-46nwc   1m     89Mi     
15:13:01 rearm-rebom-backend-768fd58455-dp9ps   0m     96Mi     
15:13:01 rearm-rebom-backend-768fd58455-tmqdc   14m    93Mi     
15:13:01 rearm-rebom-backend-768fd58455-vkfb5   0m     85Mi     
15:13:01 rearm-rebom-postgres-0                 26m    155Mi    
15:13:01 rearm-ui-5c9b8ddf9d-krkqk              1m     2Mi      
15:13:01 testreg-66bb8f476c-wt2mf               1m     43Mi     
15:13:01 zottest-ff7cfd65c-xbgvk                2m     707Mi    
15:13:32 rearm-backend-6d79d5dcc8-rj9w4         71m    4648Mi   
15:13:32 rearm-keycloak-0                       2m     719Mi    
15:13:32 rearm-keycloak-postgres-0              1m     34Mi     
15:13:32 rearm-oci-artifact-5c69f5fd94-tvhcg    7m     51Mi     
15:13:32 rearm-postgresql-0                     573m   339Mi    
15:13:32 rearm-rebom-backend-768fd58455-46nwc   1m     89Mi     
15:13:32 rearm-rebom-backend-768fd58455-dp9ps   1m     96Mi     
15:13:32 rearm-rebom-backend-768fd58455-tmqdc   10m    94Mi     
15:13:32 rearm-rebom-backend-768fd58455-vkfb5   0m     85Mi     
15:13:32 rearm-rebom-postgres-0                 25m    155Mi    
15:13:32 rearm-ui-5c9b8ddf9d-krkqk              1m     2Mi      
15:13:32 testreg-66bb8f476c-wt2mf               1m     43Mi     
15:13:32 zottest-ff7cfd65c-xbgvk                2m     707Mi    
15:14:02 rearm-backend-6d79d5dcc8-rj9w4         45m    4648Mi   
15:14:02 rearm-keycloak-0                       2m     719Mi    
15:14:02 rearm-keycloak-postgres-0              1m     34Mi     
15:14:02 rearm-oci-artifact-5c69f5fd94-tvhcg    8m     50Mi     
15:14:02 rearm-postgresql-0                     533m   339Mi    
15:14:02 rearm-rebom-backend-768fd58455-46nwc   1m     89Mi     
15:14:02 rearm-rebom-backend-768fd58455-dp9ps   0m     96Mi     
15:14:02 rearm-rebom-backend-768fd58455-tmqdc   10m    96Mi     
15:14:02 rearm-rebom-backend-768fd58455-vkfb5   0m     85Mi     
15:14:02 rearm-rebom-postgres-0                 27m    155Mi    
15:14:02 rearm-ui-5c9b8ddf9d-krkqk              1m     2Mi      
15:14:02 testreg-66bb8f476c-wt2mf               1m     43Mi     
15:14:02 zottest-ff7cfd65c-xbgvk                2m     707Mi    
15:14:33 rearm-backend-6d79d5dcc8-rj9w4         105m   4649Mi   
15:14:33 rearm-keycloak-0                       2m     719Mi    
15:14:33 rearm-keycloak-postgres-0              1m     34Mi     
15:14:33 rearm-oci-artifact-5c69f5fd94-tvhcg    14m    46Mi     
15:14:33 rearm-postgresql-0                     513m   336Mi    
15:14:33 rearm-rebom-backend-768fd58455-46nwc   0m     89Mi     
15:14:33 rearm-rebom-backend-768fd58455-dp9ps   16m    62Mi     
15:14:33 rearm-rebom-backend-768fd58455-tmqdc   1m     96Mi     
15:14:33 rearm-rebom-backend-768fd58455-vkfb5   0m     85Mi     
15:14:33 rearm-rebom-postgres-0                 34m    155Mi    
15:14:33 rearm-ui-5c9b8ddf9d-krkqk              1m     2Mi      
15:14:33 testreg-66bb8f476c-wt2mf               1m     43Mi     
15:14:33 zottest-ff7cfd65c-xbgvk                3m     681Mi    
15:15:04 rearm-backend-6d79d5dcc8-rj9w4         75m    4649Mi   
15:15:04 rearm-keycloak-0                       2m     719Mi    
15:15:04 rearm-keycloak-postgres-0              1m     34Mi     
15:15:04 rearm-oci-artifact-5c69f5fd94-tvhcg    7m     50Mi     
15:15:04 rearm-postgresql-0                     555m   336Mi    
15:15:04 rearm-rebom-backend-768fd58455-46nwc   0m     89Mi     
15:15:04 rearm-rebom-backend-768fd58455-dp9ps   10m    65Mi     
15:15:04 rearm-rebom-backend-768fd58455-tmqdc   1m     96Mi     
15:15:04 rearm-rebom-backend-768fd58455-vkfb5   1m     85Mi     
15:15:04 rearm-rebom-postgres-0                 25m    155Mi    
15:15:04 rearm-ui-5c9b8ddf9d-krkqk              1m     2Mi      
15:15:04 testreg-66bb8f476c-wt2mf               1m     43Mi     
15:15:04 zottest-ff7cfd65c-xbgvk                2m     681Mi    
15:15:35 rearm-backend-6d79d5dcc8-rj9w4         51m    4468Mi   
15:15:35 rearm-keycloak-0                       2m     719Mi    
15:15:35 rearm-keycloak-postgres-0              1m     34Mi     
15:15:35 rearm-oci-artifact-5c69f5fd94-tvhcg    8m     48Mi     
15:15:35 rearm-postgresql-0                     507m   337Mi    
15:15:35 rearm-rebom-backend-768fd58455-46nwc   0m     89Mi     
15:15:35 rearm-rebom-backend-768fd58455-dp9ps   11m    74Mi     
15:15:35 rearm-rebom-backend-768fd58455-tmqdc   1m     96Mi     
15:15:35 rearm-rebom-backend-768fd58455-vkfb5   1m     85Mi     
15:15:35 rearm-rebom-postgres-0                 27m    155Mi    
15:15:35 rearm-ui-5c9b8ddf9d-krkqk              1m     2Mi      
15:15:35 testreg-66bb8f476c-wt2mf               1m     43Mi     
15:15:35 zottest-ff7cfd65c-xbgvk                2m     681Mi    
15:16:06 rearm-backend-6d79d5dcc8-rj9w4         85m    4287Mi   
15:16:06 rearm-keycloak-0                       2m     719Mi    
15:16:06 rearm-keycloak-postgres-0              1m     34Mi     
15:16:06 rearm-oci-artifact-5c69f5fd94-tvhcg    12m    46Mi     
15:16:06 rearm-postgresql-0                     418m   321Mi    
15:16:06 rearm-rebom-backend-768fd58455-46nwc   1m     89Mi     
15:16:06 rearm-rebom-backend-768fd58455-dp9ps   11m    77Mi     
15:16:06 rearm-rebom-backend-768fd58455-tmqdc   0m     96Mi     
15:16:06 rearm-rebom-backend-768fd58455-vkfb5   0m     85Mi     
15:16:06 rearm-rebom-postgres-0                 40m    155Mi    
15:16:06 rearm-ui-5c9b8ddf9d-krkqk              1m     2Mi      
15:16:06 testreg-66bb8f476c-wt2mf               1m     43Mi     
15:16:06 zottest-ff7cfd65c-xbgvk                2m     681Mi    
15:16:37 rearm-backend-6d79d5dcc8-rj9w4         51m    4106Mi   
15:16:37 rearm-keycloak-0                       2m     719Mi    
15:16:37 rearm-keycloak-postgres-0              1m     34Mi     
15:16:37 rearm-oci-artifact-5c69f5fd94-tvhcg    8m     46Mi     
15:16:37 rearm-postgresql-0                     513m   329Mi    
15:16:37 rearm-rebom-backend-768fd58455-46nwc   1m     89Mi     
15:16:37 rearm-rebom-backend-768fd58455-dp9ps   13m    74Mi     
15:16:37 rearm-rebom-backend-768fd58455-tmqdc   0m     96Mi     
15:16:37 rearm-rebom-backend-768fd58455-vkfb5   1m     85Mi     
15:16:37 rearm-rebom-postgres-0                 27m    155Mi    
15:16:37 rearm-ui-5c9b8ddf9d-krkqk              1m     2Mi      
15:16:37 testreg-66bb8f476c-wt2mf               1m     44Mi     
15:16:37 zottest-ff7cfd65c-xbgvk                2m     680Mi    
15:17:07 rearm-backend-6d79d5dcc8-rj9w4         50m    3925Mi   
15:17:07 rearm-keycloak-0                       2m     719Mi    
15:17:07 rearm-keycloak-postgres-0              1m     34Mi     
15:17:07 rearm-oci-artifact-5c69f5fd94-tvhcg    7m     47Mi     
15:17:07 rearm-postgresql-0                     520m   330Mi    
15:17:07 rearm-rebom-backend-768fd58455-46nwc   1m     89Mi     
15:17:07 rearm-rebom-backend-768fd58455-dp9ps   11m    91Mi     
15:17:07 rearm-rebom-backend-768fd58455-tmqdc   1m     96Mi     
15:17:07 rearm-rebom-backend-768fd58455-vkfb5   1m     85Mi     
15:17:07 rearm-rebom-postgres-0                 27m    155Mi    
15:17:07 rearm-ui-5c9b8ddf9d-krkqk              1m     2Mi      
15:17:07 testreg-66bb8f476c-wt2mf               1m     44Mi     
15:17:07 zottest-ff7cfd65c-xbgvk                2m     680Mi    
15:17:38 rearm-backend-6d79d5dcc8-rj9w4         584m   6760Mi   
15:17:38 rearm-keycloak-0                       2m     719Mi    
15:17:38 rearm-keycloak-postgres-0              1m     34Mi     
15:17:38 rearm-oci-artifact-5c69f5fd94-tvhcg    7m     48Mi     
15:17:38 rearm-postgresql-0                     956m   348Mi    
15:17:38 rearm-rebom-backend-768fd58455-46nwc   1m     89Mi     
15:17:38 rearm-rebom-backend-768fd58455-dp9ps   9m     92Mi     
15:17:38 rearm-rebom-backend-768fd58455-tmqdc   0m     96Mi     
15:17:38 rearm-rebom-backend-768fd58455-vkfb5   0m     85Mi     
15:17:38 rearm-rebom-postgres-0                 25m    155Mi    
15:17:38 rearm-ui-5c9b8ddf9d-krkqk              1m     2Mi      
15:17:38 testreg-66bb8f476c-wt2mf               1m     44Mi     
15:17:38 zottest-ff7cfd65c-xbgvk                2m     680Mi    
15:18:09 rearm-backend-6d79d5dcc8-rj9w4         999m   7654Mi   
15:18:09 rearm-keycloak-0                       2m     719Mi    
15:18:09 rearm-keycloak-postgres-0              1m     34Mi     
15:18:09 rearm-oci-artifact-5c69f5fd94-tvhcg    11m    45Mi     
15:18:09 rearm-postgresql-0                     774m   352Mi    
15:18:09 rearm-rebom-backend-768fd58455-46nwc   0m     89Mi     
15:18:09 rearm-rebom-backend-768fd58455-dp9ps   14m    91Mi     
15:18:09 rearm-rebom-backend-768fd58455-tmqdc   0m     96Mi     
15:18:09 rearm-rebom-backend-768fd58455-vkfb5   1m     85Mi     
15:18:09 rearm-rebom-postgres-0                 37m    155Mi    
15:18:09 rearm-ui-5c9b8ddf9d-krkqk              1m     2Mi      
15:18:09 testreg-66bb8f476c-wt2mf               1m     44Mi     
15:18:09 zottest-ff7cfd65c-xbgvk                2m     680Mi    
15:18:40 rearm-backend-6d79d5dcc8-rj9w4         44m    7759Mi   
15:18:40 rearm-keycloak-0                       2m     719Mi    
15:18:40 rearm-keycloak-postgres-0              1m     34Mi     
15:18:40 rearm-oci-artifact-5c69f5fd94-tvhcg    8m     44Mi     
15:18:40 rearm-postgresql-0                     546m   352Mi    
15:18:40 rearm-rebom-backend-768fd58455-46nwc   1m     89Mi     
15:18:40 rearm-rebom-backend-768fd58455-dp9ps   10m    93Mi     
15:18:40 rearm-rebom-backend-768fd58455-tmqdc   1m     96Mi     
15:18:40 rearm-rebom-backend-768fd58455-vkfb5   1m     85Mi     
15:18:40 rearm-rebom-postgres-0                 27m    155Mi    
15:18:40 rearm-ui-5c9b8ddf9d-krkqk              1m     2Mi      
15:18:40 testreg-66bb8f476c-wt2mf               1m     44Mi     
15:18:40 zottest-ff7cfd65c-xbgvk                2m     680Mi    
15:19:11 rearm-backend-6d79d5dcc8-rj9w4         56m    7759Mi   
15:19:11 rearm-keycloak-0                       2m     719Mi    
15:19:11 rearm-keycloak-postgres-0              1m     34Mi     
15:19:11 rearm-oci-artifact-5c69f5fd94-tvhcg    9m     46Mi     
15:19:11 rearm-postgresql-0                     541m   354Mi    
15:19:11 rearm-rebom-backend-768fd58455-46nwc   0m     89Mi     
15:19:11 rearm-rebom-backend-768fd58455-dp9ps   15m    91Mi     
15:19:11 rearm-rebom-backend-768fd58455-tmqdc   1m     96Mi     
15:19:11 rearm-rebom-backend-768fd58455-vkfb5   1m     85Mi     
15:19:11 rearm-rebom-postgres-0                 27m    155Mi    
15:19:11 rearm-ui-5c9b8ddf9d-krkqk              1m     2Mi      
15:19:11 testreg-66bb8f476c-wt2mf               1m     44Mi     
15:19:11 zottest-ff7cfd65c-xbgvk                2m     680Mi    
15:19:42 rearm-backend-6d79d5dcc8-rj9w4         70m    7759Mi   
15:19:42 rearm-keycloak-0                       2m     719Mi    
15:19:42 rearm-keycloak-postgres-0              1m     34Mi     
15:19:42 rearm-oci-artifact-5c69f5fd94-tvhcg    8m     48Mi     
15:19:42 rearm-postgresql-0                     521m   353Mi    
15:19:42 rearm-rebom-backend-768fd58455-46nwc   1m     89Mi     
15:19:42 rearm-rebom-backend-768fd58455-dp9ps   10m    93Mi     
15:19:42 rearm-rebom-backend-768fd58455-tmqdc   0m     96Mi     
15:19:42 rearm-rebom-backend-768fd58455-vkfb5   0m     85Mi     
15:19:42 rearm-rebom-postgres-0                 27m    155Mi    
15:19:42 rearm-ui-5c9b8ddf9d-krkqk              1m     2Mi      
15:19:42 testreg-66bb8f476c-wt2mf               1m     44Mi     
15:19:42 zottest-ff7cfd65c-xbgvk                2m     680Mi    
15:20:12 rearm-backend-6d79d5dcc8-rj9w4         53m    7760Mi   
15:20:12 rearm-keycloak-0                       2m     719Mi    
15:20:12 rearm-keycloak-postgres-0              1m     34Mi     
15:20:12 rearm-oci-artifact-5c69f5fd94-tvhcg    12m    52Mi     
15:20:12 rearm-postgresql-0                     469m   353Mi    
15:20:12 rearm-rebom-backend-768fd58455-46nwc   1m     89Mi     
15:20:12 rearm-rebom-backend-768fd58455-dp9ps   13m    91Mi     
15:20:12 rearm-rebom-backend-768fd58455-tmqdc   1m     96Mi     
15:20:12 rearm-rebom-backend-768fd58455-vkfb5   1m     85Mi     
15:20:12 rearm-rebom-postgres-0                 28m    155Mi    
15:20:12 rearm-ui-5c9b8ddf9d-krkqk              1m     2Mi      
15:20:12 testreg-66bb8f476c-wt2mf               1m     44Mi     
15:20:12 zottest-ff7cfd65c-xbgvk                2m     680Mi    
15:20:43 rearm-backend-6d79d5dcc8-rj9w4         47m    7760Mi   
15:20:43 rearm-keycloak-0                       2m     719Mi    
15:20:43 rearm-keycloak-postgres-0              1m     34Mi     
15:20:43 rearm-oci-artifact-5c69f5fd94-tvhcg    8m     46Mi     
15:20:43 rearm-postgresql-0                     552m   355Mi    
15:20:43 rearm-rebom-backend-768fd58455-46nwc   0m     89Mi     
15:20:43 rearm-rebom-backend-768fd58455-dp9ps   11m    109Mi    
15:20:43 rearm-rebom-backend-768fd58455-tmqdc   1m     96Mi     
15:20:43 rearm-rebom-backend-768fd58455-vkfb5   1m     85Mi     
15:20:43 rearm-rebom-postgres-0                 25m    155Mi    
15:20:43 rearm-ui-5c9b8ddf9d-krkqk              1m     2Mi      
15:20:43 testreg-66bb8f476c-wt2mf               1m     44Mi     
15:20:43 zottest-ff7cfd65c-xbgvk                2m     680Mi    
15:21:14 rearm-backend-6d79d5dcc8-rj9w4         55m    7759Mi   
15:21:14 rearm-keycloak-0                       2m     719Mi    
15:21:14 rearm-keycloak-postgres-0              1m     34Mi     
15:21:14 rearm-oci-artifact-5c69f5fd94-tvhcg    7m     45Mi     
15:21:14 rearm-postgresql-0                     559m   353Mi    
15:21:14 rearm-rebom-backend-768fd58455-46nwc   1m     89Mi     
15:21:14 rearm-rebom-backend-768fd58455-dp9ps   10m    111Mi    
15:21:14 rearm-rebom-backend-768fd58455-tmqdc   0m     96Mi     
15:21:14 rearm-rebom-backend-768fd58455-vkfb5   0m     85Mi     
15:21:14 rearm-rebom-postgres-0                 27m    155Mi    
15:21:14 rearm-ui-5c9b8ddf9d-krkqk              1m     2Mi      
15:21:14 testreg-66bb8f476c-wt2mf               1m     44Mi     
15:21:14 zottest-ff7cfd65c-xbgvk                2m     680Mi    
15:21:45 rearm-backend-6d79d5dcc8-rj9w4         66m    7759Mi   
15:21:45 rearm-keycloak-0                       2m     719Mi    
15:21:45 rearm-keycloak-postgres-0              1m     34Mi     
15:21:45 rearm-oci-artifact-5c69f5fd94-tvhcg    8m     51Mi     
15:21:45 rearm-postgresql-0                     579m   344Mi    
15:21:45 rearm-rebom-backend-768fd58455-46nwc   1m     89Mi     
15:21:45 rearm-rebom-backend-768fd58455-dp9ps   14m    111Mi    
15:21:45 rearm-rebom-backend-768fd58455-tmqdc   1m     96Mi     
15:21:45 rearm-rebom-backend-768fd58455-vkfb5   0m     85Mi     
15:21:45 rearm-rebom-postgres-0                 26m    155Mi    
15:21:45 rearm-ui-5c9b8ddf9d-krkqk              1m     2Mi      
15:21:45 testreg-66bb8f476c-wt2mf               1m     44Mi     
15:21:45 zottest-ff7cfd65c-xbgvk                2m     680Mi    
15:22:16 rearm-backend-6d79d5dcc8-rj9w4         73m    7759Mi   
15:22:16 rearm-keycloak-0                       2m     719Mi    
15:22:16 rearm-keycloak-postgres-0              1m     34Mi     
15:22:16 rearm-oci-artifact-5c69f5fd94-tvhcg    7m     50Mi     
15:22:16 rearm-postgresql-0                     583m   342Mi    
15:22:16 rearm-rebom-backend-768fd58455-46nwc   0m     89Mi     
15:22:16 rearm-rebom-backend-768fd58455-dp9ps   10m    112Mi    
15:22:16 rearm-rebom-backend-768fd58455-tmqdc   0m     96Mi     
15:22:16 rearm-rebom-backend-768fd58455-vkfb5   1m     85Mi     
15:22:16 rearm-rebom-postgres-0                 26m    155Mi    
15:22:16 rearm-ui-5c9b8ddf9d-krkqk              1m     2Mi      
15:22:16 testreg-66bb8f476c-wt2mf               1m     44Mi     
15:22:16 zottest-ff7cfd65c-xbgvk                2m     680Mi    
15:22:47 rearm-backend-6d79d5dcc8-rj9w4         45m    7759Mi   
15:22:47 rearm-keycloak-0                       2m     719Mi    
15:22:47 rearm-keycloak-postgres-0              1m     34Mi     
15:22:47 rearm-oci-artifact-5c69f5fd94-tvhcg    7m     51Mi     
15:22:47 rearm-postgresql-0                     574m   333Mi    
15:22:47 rearm-rebom-backend-768fd58455-46nwc   1m     89Mi     
15:22:47 rearm-rebom-backend-768fd58455-dp9ps   12m    111Mi    
15:22:47 rearm-rebom-backend-768fd58455-tmqdc   0m     96Mi     
15:22:47 rearm-rebom-backend-768fd58455-vkfb5   0m     85Mi     
15:22:47 rearm-rebom-postgres-0                 26m    155Mi    
15:22:47 rearm-ui-5c9b8ddf9d-krkqk              1m     2Mi      
15:22:47 testreg-66bb8f476c-wt2mf               1m     44Mi     
15:22:47 zottest-ff7cfd65c-xbgvk                2m     680Mi    
15:23:17 rearm-backend-6d79d5dcc8-rj9w4         62m    7759Mi   
15:23:17 rearm-keycloak-0                       2m     719Mi    
15:23:17 rearm-keycloak-postgres-0              1m     34Mi     
15:23:17 rearm-oci-artifact-5c69f5fd94-tvhcg    7m     49Mi     
15:23:17 rearm-postgresql-0                     575m   333Mi    
15:23:17 rearm-rebom-backend-768fd58455-46nwc   0m     89Mi     
15:23:17 rearm-rebom-backend-768fd58455-dp9ps   10m    111Mi    
15:23:17 rearm-rebom-backend-768fd58455-tmqdc   0m     96Mi     
15:23:17 rearm-rebom-backend-768fd58455-vkfb5   1m     85Mi     
15:23:17 rearm-rebom-postgres-0                 24m    155Mi    
15:23:17 rearm-ui-5c9b8ddf9d-krkqk              1m     2Mi      
15:23:17 testreg-66bb8f476c-wt2mf               1m     44Mi     
15:23:17 zottest-ff7cfd65c-xbgvk                2m     680Mi    
15:23:48 rearm-backend-6d79d5dcc8-rj9w4         45m    7759Mi   
15:23:48 rearm-keycloak-0                       2m     719Mi    
15:23:48 rearm-keycloak-postgres-0              1m     34Mi     
15:23:48 rearm-oci-artifact-5c69f5fd94-tvhcg    7m     47Mi     
15:23:48 rearm-postgresql-0                     587m   329Mi    
15:23:48 rearm-rebom-backend-768fd58455-46nwc   1m     89Mi     
15:23:48 rearm-rebom-backend-768fd58455-dp9ps   9m     113Mi    
15:23:48 rearm-rebom-backend-768fd58455-tmqdc   0m     96Mi     
15:23:48 rearm-rebom-backend-768fd58455-vkfb5   0m     85Mi     
15:23:48 rearm-rebom-postgres-0                 24m    155Mi    
15:23:48 rearm-ui-5c9b8ddf9d-krkqk              1m     2Mi      
15:23:48 testreg-66bb8f476c-wt2mf               1m     44Mi     
15:23:48 zottest-ff7cfd65c-xbgvk                2m     680Mi    
15:24:19 rearm-backend-6d79d5dcc8-rj9w4         52m    7760Mi   
15:24:19 rearm-keycloak-0                       2m     719Mi    
15:24:19 rearm-keycloak-postgres-0              1m     34Mi     
15:24:19 rearm-oci-artifact-5c69f5fd94-tvhcg    13m    45Mi     
15:24:19 rearm-postgresql-0                     576m   327Mi    
15:24:19 rearm-rebom-backend-768fd58455-46nwc   1m     89Mi     
15:24:19 rearm-rebom-backend-768fd58455-dp9ps   10m    112Mi    
15:24:19 rearm-rebom-backend-768fd58455-tmqdc   0m     96Mi     
15:24:19 rearm-rebom-backend-768fd58455-vkfb5   1m     85Mi     
15:24:19 rearm-rebom-postgres-0                 29m    155Mi    
15:24:19 rearm-ui-5c9b8ddf9d-krkqk              1m     2Mi      
15:24:19 testreg-66bb8f476c-wt2mf               1m     44Mi     
15:24:19 zottest-ff7cfd65c-xbgvk                2m     680Mi    
15:24:50 rearm-backend-6d79d5dcc8-rj9w4         50m    7759Mi   
15:24:50 rearm-keycloak-0                       2m     719Mi    
15:24:50 rearm-keycloak-postgres-0              1m     34Mi     
15:24:50 rearm-oci-artifact-5c69f5fd94-tvhcg    8m     51Mi     
15:24:50 rearm-postgresql-0                     545m   326Mi    
15:24:50 rearm-rebom-backend-768fd58455-46nwc   0m     89Mi     
15:24:50 rearm-rebom-backend-768fd58455-dp9ps   10m    114Mi    
15:24:50 rearm-rebom-backend-768fd58455-tmqdc   1m     96Mi     
15:24:50 rearm-rebom-backend-768fd58455-vkfb5   0m     85Mi     
15:24:50 rearm-rebom-postgres-0                 26m    155Mi    
15:24:50 rearm-ui-5c9b8ddf9d-krkqk              1m     2Mi      
15:24:50 testreg-66bb8f476c-wt2mf               1m     44Mi     
15:24:50 zottest-ff7cfd65c-xbgvk                2m     680Mi    
15:25:21 rearm-backend-6d79d5dcc8-rj9w4         54m    7759Mi   
15:25:21 rearm-keycloak-0                       2m     719Mi    
15:25:21 rearm-keycloak-postgres-0              1m     34Mi     
15:25:21 rearm-oci-artifact-5c69f5fd94-tvhcg    7m     46Mi     
15:25:21 rearm-postgresql-0                     569m   328Mi    
15:25:21 rearm-rebom-backend-768fd58455-46nwc   1m     89Mi     
15:25:21 rearm-rebom-backend-768fd58455-dp9ps   10m    112Mi    
15:25:21 rearm-rebom-backend-768fd58455-tmqdc   1m     96Mi     
15:25:21 rearm-rebom-backend-768fd58455-vkfb5   0m     85Mi     
15:25:21 rearm-rebom-postgres-0                 25m    155Mi    
15:25:21 rearm-ui-5c9b8ddf9d-krkqk              1m     2Mi      
15:25:21 testreg-66bb8f476c-wt2mf               1m     44Mi     
15:25:21 zottest-ff7cfd65c-xbgvk                2m     680Mi    
15:25:51 rearm-backend-6d79d5dcc8-rj9w4         93m    7760Mi   
15:25:51 rearm-keycloak-0                       2m     719Mi    
15:25:51 rearm-keycloak-postgres-0              1m     34Mi     
15:25:51 rearm-oci-artifact-5c69f5fd94-tvhcg    15m    47Mi     
15:25:51 rearm-postgresql-0                     463m   322Mi    
15:25:51 rearm-rebom-backend-768fd58455-46nwc   0m     89Mi     
15:25:51 rearm-rebom-backend-768fd58455-dp9ps   11m    113Mi    
15:25:51 rearm-rebom-backend-768fd58455-tmqdc   1m     96Mi     
15:25:51 rearm-rebom-backend-768fd58455-vkfb5   1m     85Mi     
15:25:51 rearm-rebom-postgres-0                 36m    155Mi    
15:25:51 rearm-ui-5c9b8ddf9d-krkqk              1m     2Mi      
15:25:51 testreg-66bb8f476c-wt2mf               1m     44Mi     
15:25:51 zottest-ff7cfd65c-xbgvk                2m     680Mi    
15:26:22 rearm-backend-6d79d5dcc8-rj9w4         53m    7760Mi   
15:26:22 rearm-keycloak-0                       2m     719Mi    
15:26:22 rearm-keycloak-postgres-0              1m     34Mi     
15:26:22 rearm-oci-artifact-5c69f5fd94-tvhcg    7m     49Mi     
15:26:22 rearm-postgresql-0                     570m   331Mi    
15:26:22 rearm-rebom-backend-768fd58455-46nwc   0m     89Mi     
15:26:22 rearm-rebom-backend-768fd58455-dp9ps   10m    111Mi    
15:26:22 rearm-rebom-backend-768fd58455-tmqdc   0m     96Mi     
15:26:22 rearm-rebom-backend-768fd58455-vkfb5   0m     85Mi     
15:26:22 rearm-rebom-postgres-0                 24m    155Mi    
15:26:22 rearm-ui-5c9b8ddf9d-krkqk              1m     2Mi      
15:26:22 testreg-66bb8f476c-wt2mf               1m     44Mi     
15:26:22 zottest-ff7cfd65c-xbgvk                3m     680Mi    
15:26:53 rearm-backend-6d79d5dcc8-rj9w4         44m    7760Mi   
15:26:53 rearm-keycloak-0                       2m     719Mi    
15:26:53 rearm-keycloak-postgres-0              1m     34Mi     
15:26:53 rearm-oci-artifact-5c69f5fd94-tvhcg    7m     48Mi     
15:26:53 rearm-postgresql-0                     555m   332Mi    
15:26:53 rearm-rebom-backend-768fd58455-46nwc   1m     89Mi     
15:26:53 rearm-rebom-backend-768fd58455-dp9ps   9m     114Mi    
15:26:53 rearm-rebom-backend-768fd58455-tmqdc   1m     96Mi     
15:26:53 rearm-rebom-backend-768fd58455-vkfb5   1m     85Mi     
15:26:53 rearm-rebom-postgres-0                 24m    155Mi    
15:26:53 rearm-ui-5c9b8ddf9d-krkqk              1m     2Mi      
15:26:53 testreg-66bb8f476c-wt2mf               1m     44Mi     
15:26:53 zottest-ff7cfd65c-xbgvk                2m     680Mi    
15:27:24 rearm-backend-6d79d5dcc8-rj9w4         52m    7760Mi   
15:27:24 rearm-keycloak-0                       2m     719Mi    
15:27:24 rearm-keycloak-postgres-0              1m     34Mi     
15:27:24 rearm-oci-artifact-5c69f5fd94-tvhcg    7m     48Mi     
15:27:24 rearm-postgresql-0                     626m   336Mi    
15:27:24 rearm-rebom-backend-768fd58455-46nwc   0m     89Mi     
15:27:24 rearm-rebom-backend-768fd58455-dp9ps   12m    111Mi    
15:27:24 rearm-rebom-backend-768fd58455-tmqdc   1m     96Mi     
15:27:24 rearm-rebom-backend-768fd58455-vkfb5   0m     85Mi     
15:27:24 rearm-rebom-postgres-0                 24m    155Mi    
15:27:24 rearm-ui-5c9b8ddf9d-krkqk              1m     2Mi      
15:27:24 testreg-66bb8f476c-wt2mf               1m     44Mi     
15:27:24 zottest-ff7cfd65c-xbgvk                2m     680Mi    
15:27:55 rearm-backend-6d79d5dcc8-rj9w4         98m    7760Mi   
15:27:55 rearm-keycloak-0                       2m     719Mi    
15:27:55 rearm-keycloak-postgres-0              1m     34Mi     
15:27:55 rearm-oci-artifact-5c69f5fd94-tvhcg    13m    48Mi     
15:27:55 rearm-postgresql-0                     458m   332Mi    
15:27:55 rearm-rebom-backend-768fd58455-46nwc   0m     89Mi     
15:27:55 rearm-rebom-backend-768fd58455-dp9ps   11m    112Mi    
15:27:55 rearm-rebom-backend-768fd58455-tmqdc   1m     96Mi     
15:27:55 rearm-rebom-backend-768fd58455-vkfb5   0m     85Mi     
15:27:55 rearm-rebom-postgres-0                 34m    155Mi    
15:27:55 rearm-ui-5c9b8ddf9d-krkqk              1m     2Mi      
15:27:55 testreg-66bb8f476c-wt2mf               1m     44Mi     
15:27:55 zottest-ff7cfd65c-xbgvk                2m     680Mi    
15:28:26 rearm-backend-6d79d5dcc8-rj9w4         56m    7398Mi   
15:28:26 rearm-keycloak-0                       2m     719Mi    
15:28:26 rearm-keycloak-postgres-0              1m     34Mi     
15:28:26 rearm-oci-artifact-5c69f5fd94-tvhcg    7m     52Mi     
15:28:26 rearm-postgresql-0                     569m   333Mi    
15:28:26 rearm-rebom-backend-768fd58455-46nwc   1m     89Mi     
15:28:26 rearm-rebom-backend-768fd58455-dp9ps   9m     114Mi    
15:28:26 rearm-rebom-backend-768fd58455-tmqdc   1m     96Mi     
15:28:26 rearm-rebom-backend-768fd58455-vkfb5   1m     85Mi     
15:28:26 rearm-rebom-postgres-0                 24m    155Mi    
15:28:26 rearm-ui-5c9b8ddf9d-krkqk              1m     2Mi      
15:28:26 testreg-66bb8f476c-wt2mf               1m     44Mi     
15:28:26 zottest-ff7cfd65c-xbgvk                3m     680Mi    
15:28:56 rearm-backend-6d79d5dcc8-rj9w4         52m    6947Mi   
15:28:56 rearm-keycloak-0                       2m     719Mi    
15:28:56 rearm-keycloak-postgres-0              1m     34Mi     
15:28:56 rearm-oci-artifact-5c69f5fd94-tvhcg    7m     49Mi     
15:28:56 rearm-postgresql-0                     546m   330Mi    
15:28:56 rearm-rebom-backend-768fd58455-46nwc   1m     89Mi     
15:28:56 rearm-rebom-backend-768fd58455-dp9ps   10m    113Mi    
15:28:56 rearm-rebom-backend-768fd58455-tmqdc   0m     96Mi     
15:28:56 rearm-rebom-backend-768fd58455-vkfb5   0m     85Mi     
15:28:56 rearm-rebom-postgres-0                 25m    157Mi    
15:28:56 rearm-ui-5c9b8ddf9d-krkqk              1m     2Mi      
15:28:56 testreg-66bb8f476c-wt2mf               1m     44Mi     
15:28:56 zottest-ff7cfd65c-xbgvk                2m     680Mi    
15:29:27 rearm-backend-6d79d5dcc8-rj9w4         72m    6314Mi   
15:29:27 rearm-keycloak-0                       2m     719Mi    
15:29:27 rearm-keycloak-postgres-0              1m     34Mi     
15:29:27 rearm-oci-artifact-5c69f5fd94-tvhcg    7m     47Mi     
15:29:27 rearm-postgresql-0                     606m   331Mi    
15:29:27 rearm-rebom-backend-768fd58455-46nwc   0m     89Mi     
15:29:27 rearm-rebom-backend-768fd58455-dp9ps   1m     112Mi    
15:29:27 rearm-rebom-backend-768fd58455-tmqdc   12m    67Mi     
15:29:27 rearm-rebom-backend-768fd58455-vkfb5   1m     85Mi     
15:29:27 rearm-rebom-postgres-0                 23m    155Mi    
15:29:27 rearm-ui-5c9b8ddf9d-krkqk              1m     2Mi      
15:29:27 testreg-66bb8f476c-wt2mf               1m     44Mi     
15:29:27 zottest-ff7cfd65c-xbgvk                2m     680Mi    
15:29:58 rearm-backend-6d79d5dcc8-rj9w4         46m    6042Mi   
15:29:58 rearm-keycloak-0                       2m     719Mi    
15:29:58 rearm-keycloak-postgres-0              1m     34Mi     
15:29:58 rearm-oci-artifact-5c69f5fd94-tvhcg    13m    51Mi     
15:29:58 rearm-postgresql-0                     569m   334Mi    
15:29:58 rearm-rebom-backend-768fd58455-46nwc   1m     89Mi     
15:29:58 rearm-rebom-backend-768fd58455-dp9ps   0m     112Mi    
15:29:58 rearm-rebom-backend-768fd58455-tmqdc   12m    73Mi     
15:29:58 rearm-rebom-backend-768fd58455-vkfb5   0m     85Mi     
15:29:58 rearm-rebom-postgres-0                 33m    155Mi    
15:29:58 rearm-ui-5c9b8ddf9d-krkqk              1m     2Mi      
15:29:58 testreg-66bb8f476c-wt2mf               1m     44Mi     
15:29:58 zottest-ff7cfd65c-xbgvk                2m     680Mi    
15:30:29 rearm-backend-6d79d5dcc8-rj9w4         55m    5410Mi   
15:30:29 rearm-keycloak-0                       2m     719Mi    
15:30:29 rearm-keycloak-postgres-0              1m     34Mi     
15:30:29 rearm-oci-artifact-5c69f5fd94-tvhcg    7m     50Mi     
15:30:29 rearm-postgresql-0                     601m   331Mi    
15:30:29 rearm-rebom-backend-768fd58455-46nwc   0m     89Mi     
15:30:29 rearm-rebom-backend-768fd58455-dp9ps   0m     112Mi    
15:30:29 rearm-rebom-backend-768fd58455-tmqdc   13m    72Mi     
15:30:29 rearm-rebom-backend-768fd58455-vkfb5   0m     85Mi     
15:30:29 rearm-rebom-postgres-0                 24m    155Mi    
15:30:29 rearm-ui-5c9b8ddf9d-krkqk              1m     2Mi      
15:30:29 testreg-66bb8f476c-wt2mf               1m     44Mi     
15:30:29 zottest-ff7cfd65c-xbgvk                3m     680Mi    
15:31:00 rearm-backend-6d79d5dcc8-rj9w4         73m    4958Mi   
15:31:00 rearm-keycloak-0                       2m     719Mi    
15:31:00 rearm-keycloak-postgres-0              1m     34Mi     
15:31:00 rearm-oci-artifact-5c69f5fd94-tvhcg    7m     47Mi     
15:31:00 rearm-postgresql-0                     592m   334Mi    
15:31:00 rearm-rebom-backend-768fd58455-46nwc   1m     89Mi     
15:31:00 rearm-rebom-backend-768fd58455-dp9ps   1m     112Mi    
15:31:00 rearm-rebom-backend-768fd58455-tmqdc   10m    73Mi     
15:31:00 rearm-rebom-backend-768fd58455-vkfb5   0m     85Mi     
15:31:00 rearm-rebom-postgres-0                 24m    155Mi    
15:31:00 rearm-ui-5c9b8ddf9d-krkqk              1m     2Mi      
15:31:00 testreg-66bb8f476c-wt2mf               1m     44Mi     
15:31:00 zottest-ff7cfd65c-xbgvk                2m     680Mi    
15:31:31 rearm-backend-6d79d5dcc8-rj9w4         55m    4675Mi   
15:31:31 rearm-keycloak-0                       2m     719Mi    
15:31:31 rearm-keycloak-postgres-0              1m     34Mi     
15:31:31 rearm-oci-artifact-5c69f5fd94-tvhcg    8m     48Mi     
15:31:31 rearm-postgresql-0                     580m   336Mi    
15:31:31 rearm-rebom-backend-768fd58455-46nwc   1m     89Mi     
15:31:31 rearm-rebom-backend-768fd58455-dp9ps   1m     112Mi    
15:31:31 rearm-rebom-backend-768fd58455-tmqdc   11m    85Mi     
15:31:31 rearm-rebom-backend-768fd58455-vkfb5   0m     85Mi     
15:31:31 rearm-rebom-postgres-0                 25m    155Mi    
15:31:31 rearm-ui-5c9b8ddf9d-krkqk              1m     2Mi      
15:31:31 testreg-66bb8f476c-wt2mf               1m     44Mi     
15:31:31 zottest-ff7cfd65c-xbgvk                3m     680Mi    
15:32:01 rearm-backend-6d79d5dcc8-rj9w4         70m    4675Mi   
15:32:01 rearm-keycloak-0                       2m     719Mi    
15:32:01 rearm-keycloak-postgres-0              1m     34Mi     
15:32:01 rearm-oci-artifact-5c69f5fd94-tvhcg    8m     50Mi     
15:32:01 rearm-postgresql-0                     437m   331Mi    
15:32:01 rearm-rebom-backend-768fd58455-46nwc   0m     89Mi     
15:32:01 rearm-rebom-backend-768fd58455-dp9ps   0m     112Mi    
15:32:01 rearm-rebom-backend-768fd58455-tmqdc   11m    87Mi     
15:32:01 rearm-rebom-backend-768fd58455-vkfb5   1m     85Mi     
15:32:01 rearm-rebom-postgres-0                 24m    155Mi    
15:32:01 rearm-ui-5c9b8ddf9d-krkqk              1m     2Mi      
15:32:01 testreg-66bb8f476c-wt2mf               1m     44Mi     
15:32:01 zottest-ff7cfd65c-xbgvk                2m     680Mi    
15:32:32 rearm-backend-6d79d5dcc8-rj9w4         68m    4675Mi   
15:32:32 rearm-keycloak-0                       2m     719Mi    
15:32:32 rearm-keycloak-postgres-0              1m     34Mi     
15:32:32 rearm-oci-artifact-5c69f5fd94-tvhcg    7m     47Mi     
15:32:32 rearm-postgresql-0                     548m   329Mi    
15:32:32 rearm-rebom-backend-768fd58455-46nwc   1m     89Mi     
15:32:32 rearm-rebom-backend-768fd58455-dp9ps   0m     112Mi    
15:32:32 rearm-rebom-backend-768fd58455-tmqdc   13m    87Mi     
15:32:32 rearm-rebom-backend-768fd58455-vkfb5   0m     85Mi     
15:32:32 rearm-rebom-postgres-0                 24m    155Mi    
15:32:32 rearm-ui-5c9b8ddf9d-krkqk              1m     2Mi      
15:32:32 testreg-66bb8f476c-wt2mf               1m     44Mi     
15:32:32 zottest-ff7cfd65c-xbgvk                3m     680Mi    
15:33:03 rearm-backend-6d79d5dcc8-rj9w4         48m    4675Mi   
15:33:03 rearm-keycloak-0                       2m     719Mi    
15:33:03 rearm-keycloak-postgres-0              1m     34Mi     
15:33:03 rearm-oci-artifact-5c69f5fd94-tvhcg    7m     50Mi     
15:33:03 rearm-postgresql-0                     546m   332Mi    
15:33:03 rearm-rebom-backend-768fd58455-46nwc   0m     89Mi     
15:33:03 rearm-rebom-backend-768fd58455-dp9ps   1m     112Mi    
15:33:03 rearm-rebom-backend-768fd58455-tmqdc   10m    88Mi     
15:33:03 rearm-rebom-backend-768fd58455-vkfb5   1m     85Mi     
15:33:03 rearm-rebom-postgres-0                 24m    155Mi    
15:33:03 rearm-ui-5c9b8ddf9d-krkqk              1m     2Mi      
15:33:03 testreg-66bb8f476c-wt2mf               1m     44Mi     
15:33:03 zottest-ff7cfd65c-xbgvk                2m     680Mi    
15:33:34 rearm-backend-6d79d5dcc8-rj9w4         80m    4675Mi   
15:33:34 rearm-keycloak-0                       2m     719Mi    
15:33:34 rearm-keycloak-postgres-0              1m     34Mi     
15:33:34 rearm-oci-artifact-5c69f5fd94-tvhcg    7m     49Mi     
15:33:34 rearm-postgresql-0                     592m   334Mi    
15:33:34 rearm-rebom-backend-768fd58455-46nwc   1m     89Mi     
15:33:34 rearm-rebom-backend-768fd58455-dp9ps   0m     112Mi    
15:33:34 rearm-rebom-backend-768fd58455-tmqdc   9m     89Mi     
15:33:34 rearm-rebom-backend-768fd58455-vkfb5   0m     85Mi     
15:33:34 rearm-rebom-postgres-0                 23m    155Mi    
15:33:34 rearm-ui-5c9b8ddf9d-krkqk              1m     2Mi      
15:33:34 testreg-66bb8f476c-wt2mf               1m     44Mi     
15:33:34 zottest-ff7cfd65c-xbgvk                2m     680Mi    
15:34:05 rearm-backend-6d79d5dcc8-rj9w4         44m    4675Mi   
15:34:05 rearm-keycloak-0                       2m     719Mi    
15:34:05 rearm-keycloak-postgres-0              1m     34Mi     
15:34:05 rearm-oci-artifact-5c69f5fd94-tvhcg    12m    48Mi     
15:34:05 rearm-postgresql-0                     503m   324Mi    
15:34:05 rearm-rebom-backend-768fd58455-46nwc   0m     89Mi     
15:34:05 rearm-rebom-backend-768fd58455-dp9ps   1m     112Mi    
15:34:05 rearm-rebom-backend-768fd58455-tmqdc   14m    87Mi     
15:34:05 rearm-rebom-backend-768fd58455-vkfb5   0m     85Mi     
15:34:05 rearm-rebom-postgres-0                 40m    155Mi    
15:34:05 rearm-ui-5c9b8ddf9d-krkqk              1m     2Mi      
15:34:05 testreg-66bb8f476c-wt2mf               1m     44Mi     
15:34:05 zottest-ff7cfd65c-xbgvk                2m     680Mi    
15:34:35 rearm-backend-6d79d5dcc8-rj9w4         42m    4675Mi   
15:34:35 rearm-keycloak-0                       2m     719Mi    
15:34:35 rearm-keycloak-postgres-0              1m     34Mi     
15:34:35 rearm-oci-artifact-5c69f5fd94-tvhcg    7m     50Mi     
15:34:35 rearm-postgresql-0                     547m   331Mi    
15:34:35 rearm-rebom-backend-768fd58455-46nwc   1m     89Mi     
15:34:35 rearm-rebom-backend-768fd58455-dp9ps   10m    65Mi     
15:34:35 rearm-rebom-backend-768fd58455-tmqdc   0m     86Mi     
15:34:35 rearm-rebom-backend-768fd58455-vkfb5   1m     85Mi     
15:34:35 rearm-rebom-postgres-0                 24m    155Mi    
15:34:35 rearm-ui-5c9b8ddf9d-krkqk              1m     2Mi      
15:34:35 testreg-66bb8f476c-wt2mf               1m     44Mi     
15:34:35 zottest-ff7cfd65c-xbgvk                2m     680Mi    
15:35:06 rearm-backend-6d79d5dcc8-rj9w4         48m    4675Mi   
15:35:06 rearm-keycloak-0                       2m     719Mi    
15:35:06 rearm-keycloak-postgres-0              1m     34Mi     
15:35:06 rearm-oci-artifact-5c69f5fd94-tvhcg    7m     52Mi     
15:35:06 rearm-postgresql-0                     558m   328Mi    
15:35:06 rearm-rebom-backend-768fd58455-46nwc   1m     89Mi     
15:35:06 rearm-rebom-backend-768fd58455-dp9ps   10m    66Mi     
15:35:06 rearm-rebom-backend-768fd58455-tmqdc   1m     86Mi     
15:35:06 rearm-rebom-backend-768fd58455-vkfb5   0m     85Mi     
15:35:06 rearm-rebom-postgres-0                 25m    155Mi    
15:35:06 rearm-ui-5c9b8ddf9d-krkqk              1m     2Mi      
15:35:06 testreg-66bb8f476c-wt2mf               1m     44Mi     
15:35:06 zottest-ff7cfd65c-xbgvk                2m     680Mi    
15:35:37 rearm-backend-6d79d5dcc8-rj9w4         59m    4675Mi   
15:35:37 rearm-keycloak-0                       2m     719Mi    
15:35:37 rearm-keycloak-postgres-0              1m     34Mi     
15:35:37 rearm-oci-artifact-5c69f5fd94-tvhcg    7m     52Mi     
15:35:37 rearm-postgresql-0                     539m   327Mi    
15:35:37 rearm-rebom-backend-768fd58455-46nwc   0m     89Mi     
15:35:37 rearm-rebom-backend-768fd58455-dp9ps   13m    72Mi     
15:35:37 rearm-rebom-backend-768fd58455-tmqdc   0m     86Mi     
15:35:37 rearm-rebom-backend-768fd58455-vkfb5   1m     85Mi     
15:35:37 rearm-rebom-postgres-0                 22m    155Mi    
15:35:37 rearm-ui-5c9b8ddf9d-krkqk              1m     2Mi      
15:35:37 testreg-66bb8f476c-wt2mf               1m     44Mi     
15:35:37 zottest-ff7cfd65c-xbgvk                2m     680Mi    
15:36:08 rearm-backend-6d79d5dcc8-rj9w4         76m    4675Mi   
15:36:08 rearm-keycloak-0                       2m     719Mi    
15:36:08 rearm-keycloak-postgres-0              1m     34Mi     
15:36:08 rearm-oci-artifact-5c69f5fd94-tvhcg    11m    48Mi     
15:36:08 rearm-postgresql-0                     509m   322Mi    
15:36:08 rearm-rebom-backend-768fd58455-46nwc   1m     89Mi     
15:36:08 rearm-rebom-backend-768fd58455-dp9ps   10m    73Mi     
15:36:08 rearm-rebom-backend-768fd58455-tmqdc   0m     86Mi     
15:36:08 rearm-rebom-backend-768fd58455-vkfb5   0m     85Mi     
15:36:08 rearm-rebom-postgres-0                 24m    155Mi    
15:36:08 rearm-ui-5c9b8ddf9d-krkqk              1m     2Mi      
15:36:08 testreg-66bb8f476c-wt2mf               1m     44Mi     
15:36:08 zottest-ff7cfd65c-xbgvk                2m     680Mi    
15:36:39 rearm-backend-6d79d5dcc8-rj9w4         46m    4404Mi   
15:36:39 rearm-keycloak-0                       2m     719Mi    
15:36:39 rearm-keycloak-postgres-0              1m     34Mi     
15:36:39 rearm-oci-artifact-5c69f5fd94-tvhcg    7m     50Mi     
15:36:39 rearm-postgresql-0                     584m   331Mi    
15:36:39 rearm-rebom-backend-768fd58455-46nwc   0m     89Mi     
15:36:39 rearm-rebom-backend-768fd58455-dp9ps   11m    74Mi     
15:36:39 rearm-rebom-backend-768fd58455-tmqdc   1m     86Mi     
15:36:39 rearm-rebom-backend-768fd58455-vkfb5   1m     85Mi     
15:36:39 rearm-rebom-postgres-0                 27m    164Mi    
15:36:39 rearm-ui-5c9b8ddf9d-krkqk              1m     2Mi      
15:36:39 testreg-66bb8f476c-wt2mf               1m     44Mi     
15:36:39 zottest-ff7cfd65c-xbgvk                2m     680Mi    
15:37:10 rearm-backend-6d79d5dcc8-rj9w4         114m   4133Mi   
15:37:10 rearm-keycloak-0                       2m     719Mi    
15:37:10 rearm-keycloak-postgres-0              1m     34Mi     
15:37:10 rearm-oci-artifact-5c69f5fd94-tvhcg    7m     48Mi     
15:37:10 rearm-postgresql-0                     578m   332Mi    
15:37:10 rearm-rebom-backend-768fd58455-46nwc   1m     89Mi     
15:37:10 rearm-rebom-backend-768fd58455-dp9ps   10m    75Mi     
15:37:10 rearm-rebom-backend-768fd58455-tmqdc   0m     86Mi     
15:37:10 rearm-rebom-backend-768fd58455-vkfb5   1m     85Mi     
15:37:10 rearm-rebom-postgres-0                 24m    155Mi    
15:37:10 rearm-ui-5c9b8ddf9d-krkqk              1m     2Mi      
15:37:10 testreg-66bb8f476c-wt2mf               1m     44Mi     
15:37:10 zottest-ff7cfd65c-xbgvk                2m     680Mi    
15:37:40 rearm-backend-6d79d5dcc8-rj9w4         1031m   7615Mi   
15:37:40 rearm-keycloak-0                       2m      719Mi    
15:37:40 rearm-keycloak-postgres-0              1m      34Mi     
15:37:40 rearm-oci-artifact-5c69f5fd94-tvhcg    7m      47Mi     
15:37:40 rearm-postgresql-0                     964m    348Mi    
15:37:40 rearm-rebom-backend-768fd58455-46nwc   1m      89Mi     
15:37:40 rearm-rebom-backend-768fd58455-dp9ps   10m     90Mi     
15:37:40 rearm-rebom-backend-768fd58455-tmqdc   0m      86Mi     
15:37:40 rearm-rebom-backend-768fd58455-vkfb5   0m      85Mi     
15:37:40 rearm-rebom-postgres-0                 24m     155Mi    
15:37:40 rearm-ui-5c9b8ddf9d-krkqk              1m      2Mi      
15:37:40 testreg-66bb8f476c-wt2mf               1m      44Mi     
15:37:40 zottest-ff7cfd65c-xbgvk                2m      680Mi    
15:38:11 rearm-backend-6d79d5dcc8-rj9w4         908m   7668Mi   
15:38:11 rearm-keycloak-0                       2m     719Mi    
15:38:11 rearm-keycloak-postgres-0              1m     34Mi     
15:38:11 rearm-oci-artifact-5c69f5fd94-tvhcg    13m    47Mi     
15:38:11 rearm-postgresql-0                     993m   353Mi    
15:38:11 rearm-rebom-backend-768fd58455-46nwc   1m     89Mi     
15:38:11 rearm-rebom-backend-768fd58455-dp9ps   10m    92Mi     
15:38:11 rearm-rebom-backend-768fd58455-tmqdc   1m     86Mi     
15:38:11 rearm-rebom-backend-768fd58455-vkfb5   1m     85Mi     
15:38:11 rearm-rebom-postgres-0                 29m    155Mi    
15:38:11 rearm-ui-5c9b8ddf9d-krkqk              1m     2Mi      
15:38:11 testreg-66bb8f476c-wt2mf               1m     44Mi     
15:38:11 zottest-ff7cfd65c-xbgvk                2m     680Mi    
15:38:42 rearm-backend-6d79d5dcc8-rj9w4         46m    7668Mi   
15:38:42 rearm-keycloak-0                       2m     719Mi    
15:38:42 rearm-keycloak-postgres-0              1m     34Mi     
15:38:42 rearm-oci-artifact-5c69f5fd94-tvhcg    7m     50Mi     
15:38:42 rearm-postgresql-0                     553m   355Mi    
15:38:42 rearm-rebom-backend-768fd58455-46nwc   1m     89Mi     
15:38:42 rearm-rebom-backend-768fd58455-dp9ps   16m    91Mi     
15:38:42 rearm-rebom-backend-768fd58455-tmqdc   0m     86Mi     
15:38:42 rearm-rebom-backend-768fd58455-vkfb5   0m     85Mi     
15:38:42 rearm-rebom-postgres-0                 25m    155Mi    
15:38:42 rearm-ui-5c9b8ddf9d-krkqk              1m     2Mi      
15:38:42 testreg-66bb8f476c-wt2mf               1m     44Mi     
15:38:42 zottest-ff7cfd65c-xbgvk                3m     680Mi    
15:39:13 rearm-backend-6d79d5dcc8-rj9w4         65m    7667Mi   
15:39:13 rearm-keycloak-0                       2m     719Mi    
15:39:13 rearm-keycloak-postgres-0              1m     34Mi     
15:39:13 rearm-oci-artifact-5c69f5fd94-tvhcg    7m     49Mi     
15:39:13 rearm-postgresql-0                     557m   354Mi    
15:39:13 rearm-rebom-backend-768fd58455-46nwc   0m     89Mi     
15:39:13 rearm-rebom-backend-768fd58455-dp9ps   5m     92Mi     
15:39:13 rearm-rebom-backend-768fd58455-tmqdc   1m     86Mi     
15:39:13 rearm-rebom-backend-768fd58455-vkfb5   7m     86Mi     
15:39:13 rearm-rebom-postgres-0                 25m    155Mi    
15:39:13 rearm-ui-5c9b8ddf9d-krkqk              1m     2Mi      
15:39:13 testreg-66bb8f476c-wt2mf               1m     44Mi     
15:39:13 zottest-ff7cfd65c-xbgvk                2m     680Mi    
15:39:44 rearm-backend-6d79d5dcc8-rj9w4         45m    7667Mi   
15:39:44 rearm-keycloak-0                       2m     719Mi    
15:39:44 rearm-keycloak-postgres-0              1m     34Mi     
15:39:44 rearm-oci-artifact-5c69f5fd94-tvhcg    8m     46Mi     
15:39:44 rearm-postgresql-0                     590m   351Mi    
15:39:44 rearm-rebom-backend-768fd58455-46nwc   1m     89Mi     
15:39:44 rearm-rebom-backend-768fd58455-dp9ps   1m     92Mi     
15:39:44 rearm-rebom-backend-768fd58455-tmqdc   1m     86Mi     
15:39:44 rearm-rebom-backend-768fd58455-vkfb5   10m    87Mi     
15:39:44 rearm-rebom-postgres-0                 24m    155Mi    
15:39:44 rearm-ui-5c9b8ddf9d-krkqk              1m     2Mi      
15:39:44 testreg-66bb8f476c-wt2mf               1m     44Mi     
15:39:44 zottest-ff7cfd65c-xbgvk                3m     680Mi    
15:40:15 rearm-backend-6d79d5dcc8-rj9w4         85m    7667Mi   
15:40:15 rearm-keycloak-0                       2m     719Mi    
15:40:15 rearm-keycloak-postgres-0              1m     34Mi     
15:40:15 rearm-oci-artifact-5c69f5fd94-tvhcg    13m    47Mi     
15:40:15 rearm-postgresql-0                     492m   352Mi    
15:40:15 rearm-rebom-backend-768fd58455-46nwc   0m     89Mi     
15:40:15 rearm-rebom-backend-768fd58455-dp9ps   1m     92Mi     
15:40:15 rearm-rebom-backend-768fd58455-tmqdc   0m     86Mi     
15:40:15 rearm-rebom-backend-768fd58455-vkfb5   11m    86Mi     
15:40:15 rearm-rebom-postgres-0                 34m    155Mi    
15:40:15 rearm-ui-5c9b8ddf9d-krkqk              1m     2Mi      
15:40:15 testreg-66bb8f476c-wt2mf               1m     44Mi     
15:40:15 zottest-ff7cfd65c-xbgvk                2m     680Mi    
15:40:45 rearm-backend-6d79d5dcc8-rj9w4         44m    7667Mi   
15:40:45 rearm-keycloak-0                       2m     719Mi    
15:40:45 rearm-keycloak-postgres-0              1m     34Mi     
15:40:45 rearm-oci-artifact-5c69f5fd94-tvhcg    7m     49Mi     
15:40:45 rearm-postgresql-0                     609m   354Mi    
15:40:45 rearm-rebom-backend-768fd58455-46nwc   1m     89Mi     
15:40:45 rearm-rebom-backend-768fd58455-dp9ps   1m     92Mi     
15:40:45 rearm-rebom-backend-768fd58455-tmqdc   1m     86Mi     
15:40:45 rearm-rebom-backend-768fd58455-vkfb5   10m    88Mi     
15:40:45 rearm-rebom-postgres-0                 23m    155Mi    
15:40:45 rearm-ui-5c9b8ddf9d-krkqk              1m     2Mi      
15:40:45 testreg-66bb8f476c-wt2mf               1m     44Mi     
15:40:45 zottest-ff7cfd65c-xbgvk                2m     680Mi    
15:41:16 rearm-backend-6d79d5dcc8-rj9w4         71m    7667Mi   
15:41:16 rearm-keycloak-0                       2m     719Mi    
15:41:16 rearm-keycloak-postgres-0              1m     34Mi     
15:41:16 rearm-oci-artifact-5c69f5fd94-tvhcg    7m     48Mi     
15:41:16 rearm-postgresql-0                     689m   418Mi    
15:41:16 rearm-rebom-backend-768fd58455-46nwc   1m     89Mi     
15:41:16 rearm-rebom-backend-768fd58455-dp9ps   1m     92Mi     
15:41:16 rearm-rebom-backend-768fd58455-tmqdc   0m     86Mi     
15:41:16 rearm-rebom-backend-768fd58455-vkfb5   9m     86Mi     
15:41:16 rearm-rebom-postgres-0                 24m    155Mi    
15:41:16 rearm-ui-5c9b8ddf9d-krkqk              1m     2Mi      
15:41:16 testreg-66bb8f476c-wt2mf               1m     44Mi     
15:41:16 zottest-ff7cfd65c-xbgvk                2m     680Mi    
15:41:47 rearm-backend-6d79d5dcc8-rj9w4         44m    7667Mi   
15:41:47 rearm-keycloak-0                       2m     719Mi    
15:41:47 rearm-keycloak-postgres-0              1m     34Mi     
15:41:47 rearm-oci-artifact-5c69f5fd94-tvhcg    7m     50Mi     
15:41:47 rearm-postgresql-0                     612m   355Mi    
15:41:47 rearm-rebom-backend-768fd58455-46nwc   1m     89Mi     
15:41:47 rearm-rebom-backend-768fd58455-dp9ps   1m     92Mi     
15:41:47 rearm-rebom-backend-768fd58455-tmqdc   0m     86Mi     
15:41:47 rearm-rebom-backend-768fd58455-vkfb5   10m    87Mi     
15:41:47 rearm-rebom-postgres-0                 23m    155Mi    
15:41:47 rearm-ui-5c9b8ddf9d-krkqk              1m     2Mi      
15:41:47 testreg-66bb8f476c-wt2mf               1m     44Mi     
15:41:47 zottest-ff7cfd65c-xbgvk                2m     680Mi    
15:42:18 rearm-backend-6d79d5dcc8-rj9w4         72m    7667Mi   
15:42:18 rearm-keycloak-0                       2m     719Mi    
15:42:18 rearm-keycloak-postgres-0              1m     34Mi     
15:42:18 rearm-oci-artifact-5c69f5fd94-tvhcg    11m    51Mi     
15:42:18 rearm-postgresql-0                     589m   351Mi    
15:42:18 rearm-rebom-backend-768fd58455-46nwc   0m     89Mi     
15:42:18 rearm-rebom-backend-768fd58455-dp9ps   1m     92Mi     
15:42:18 rearm-rebom-backend-768fd58455-tmqdc   1m     86Mi     
15:42:18 rearm-rebom-backend-768fd58455-vkfb5   11m    110Mi    
15:42:18 rearm-rebom-postgres-0                 33m    155Mi    
15:42:18 rearm-ui-5c9b8ddf9d-krkqk              1m     2Mi      
15:42:18 testreg-66bb8f476c-wt2mf               1m     44Mi     
15:42:18 zottest-ff7cfd65c-xbgvk                2m     680Mi    
15:42:49 rearm-backend-6d79d5dcc8-rj9w4         65m    7667Mi   
15:42:49 rearm-keycloak-0                       2m     719Mi    
15:42:49 rearm-keycloak-postgres-0              1m     34Mi     
15:42:49 rearm-oci-artifact-5c69f5fd94-tvhcg    6m     52Mi     
15:42:49 rearm-postgresql-0                     546m   350Mi    
15:42:49 rearm-rebom-backend-768fd58455-46nwc   1m     89Mi     
15:42:49 rearm-rebom-backend-768fd58455-dp9ps   0m     92Mi     
15:42:49 rearm-rebom-backend-768fd58455-tmqdc   0m     86Mi     
15:42:49 rearm-rebom-backend-768fd58455-vkfb5   9m     113Mi    
15:42:49 rearm-rebom-postgres-0                 22m    155Mi    
15:42:49 rearm-ui-5c9b8ddf9d-krkqk              1m     2Mi      
15:42:49 testreg-66bb8f476c-wt2mf               1m     44Mi     
15:42:49 zottest-ff7cfd65c-xbgvk                2m     680Mi    
15:43:20 rearm-backend-6d79d5dcc8-rj9w4         61m    7669Mi   
15:43:20 rearm-keycloak-0                       2m     719Mi    
15:43:20 rearm-keycloak-postgres-0              1m     34Mi     
15:43:20 rearm-oci-artifact-5c69f5fd94-tvhcg    7m     52Mi     
15:43:20 rearm-postgresql-0                     575m   328Mi    
15:43:20 rearm-rebom-backend-768fd58455-46nwc   1m     89Mi     
15:43:20 rearm-rebom-backend-768fd58455-dp9ps   1m     92Mi     
15:43:20 rearm-rebom-backend-768fd58455-tmqdc   1m     86Mi     
15:43:20 rearm-rebom-backend-768fd58455-vkfb5   11m    112Mi    
15:43:20 rearm-rebom-postgres-0                 24m    155Mi    
15:43:20 rearm-ui-5c9b8ddf9d-krkqk              1m     2Mi      
15:43:20 testreg-66bb8f476c-wt2mf               1m     44Mi     
15:43:20 zottest-ff7cfd65c-xbgvk                2m     680Mi    
15:43:50 rearm-backend-6d79d5dcc8-rj9w4         46m    7669Mi   
15:43:50 rearm-keycloak-0                       2m     719Mi    
15:43:50 rearm-keycloak-postgres-0              1m     34Mi     
15:43:50 rearm-oci-artifact-5c69f5fd94-tvhcg    7m     49Mi     
15:43:50 rearm-postgresql-0                     548m   327Mi    
15:43:50 rearm-rebom-backend-768fd58455-46nwc   1m     89Mi     
15:43:50 rearm-rebom-backend-768fd58455-dp9ps   0m     92Mi     
15:43:50 rearm-rebom-backend-768fd58455-tmqdc   2m     87Mi     
15:43:50 rearm-rebom-backend-768fd58455-vkfb5   10m    114Mi    
15:43:50 rearm-rebom-postgres-0                 25m    155Mi    
15:43:50 rearm-ui-5c9b8ddf9d-krkqk              1m     2Mi      
15:43:50 testreg-66bb8f476c-wt2mf               1m     44Mi     
15:43:50 zottest-ff7cfd65c-xbgvk                2m     680Mi    
15:44:21 rearm-backend-6d79d5dcc8-rj9w4         89m    7667Mi   
15:44:21 rearm-keycloak-0                       2m     719Mi    
15:44:21 rearm-keycloak-postgres-0              1m     34Mi     
15:44:21 rearm-oci-artifact-5c69f5fd94-tvhcg    8m     47Mi     
15:44:21 rearm-postgresql-0                     522m   333Mi    
15:44:21 rearm-rebom-backend-768fd58455-46nwc   1m     89Mi     
15:44:21 rearm-rebom-backend-768fd58455-dp9ps   1m     92Mi     
15:44:21 rearm-rebom-backend-768fd58455-tmqdc   11m    67Mi     
15:44:21 rearm-rebom-backend-768fd58455-vkfb5   1m     115Mi    
15:44:21 rearm-rebom-postgres-0                 34m    155Mi    
15:44:21 rearm-ui-5c9b8ddf9d-krkqk              1m     2Mi      
15:44:21 testreg-66bb8f476c-wt2mf               1m     44Mi     
15:44:21 zottest-ff7cfd65c-xbgvk                3m     680Mi    
15:44:52 rearm-backend-6d79d5dcc8-rj9w4         63m    7667Mi   
15:44:52 rearm-keycloak-0                       2m     719Mi    
15:44:52 rearm-keycloak-postgres-0              1m     34Mi     
15:44:52 rearm-oci-artifact-5c69f5fd94-tvhcg    7m     49Mi     
15:44:52 rearm-postgresql-0                     546m   334Mi    
15:44:52 rearm-rebom-backend-768fd58455-46nwc   1m     89Mi     
15:44:52 rearm-rebom-backend-768fd58455-dp9ps   0m     92Mi     
15:44:52 rearm-rebom-backend-768fd58455-tmqdc   12m    66Mi     
15:44:52 rearm-rebom-backend-768fd58455-vkfb5   0m     115Mi    
15:44:52 rearm-rebom-postgres-0                 25m    155Mi    
15:44:52 rearm-ui-5c9b8ddf9d-krkqk              1m     2Mi      
15:44:52 testreg-66bb8f476c-wt2mf               1m     44Mi     
15:44:52 zottest-ff7cfd65c-xbgvk                2m     680Mi    
15:45:23 rearm-backend-6d79d5dcc8-rj9w4         54m    7667Mi   
15:45:23 rearm-keycloak-0                       2m     719Mi    
15:45:23 rearm-keycloak-postgres-0              1m     34Mi     
15:45:23 rearm-oci-artifact-5c69f5fd94-tvhcg    7m     50Mi     
15:45:23 rearm-postgresql-0                     596m   329Mi    
15:45:23 rearm-rebom-backend-768fd58455-46nwc   0m     89Mi     
15:45:23 rearm-rebom-backend-768fd58455-dp9ps   0m     92Mi     
15:45:23 rearm-rebom-backend-768fd58455-tmqdc   14m    74Mi     
15:45:23 rearm-rebom-backend-768fd58455-vkfb5   0m     115Mi    
15:45:23 rearm-rebom-postgres-0                 24m    155Mi    
15:45:23 rearm-ui-5c9b8ddf9d-krkqk              1m     2Mi      
15:45:23 testreg-66bb8f476c-wt2mf               1m     44Mi     
15:45:23 zottest-ff7cfd65c-xbgvk                2m     680Mi    
15:45:54 rearm-backend-6d79d5dcc8-rj9w4         66m    7667Mi   
15:45:54 rearm-keycloak-0                       2m     719Mi    
15:45:54 rearm-keycloak-postgres-0              1m     34Mi     
15:45:54 rearm-oci-artifact-5c69f5fd94-tvhcg    8m     48Mi     
15:45:54 rearm-postgresql-0                     578m   324Mi    
15:45:54 rearm-rebom-backend-768fd58455-46nwc   0m     89Mi     
15:45:54 rearm-rebom-backend-768fd58455-dp9ps   1m     92Mi     
15:45:54 rearm-rebom-backend-768fd58455-tmqdc   10m    75Mi     
15:45:54 rearm-rebom-backend-768fd58455-vkfb5   0m     115Mi    
15:45:54 rearm-rebom-postgres-0                 24m    155Mi    
15:45:54 rearm-ui-5c9b8ddf9d-krkqk              1m     2Mi      
15:45:54 testreg-66bb8f476c-wt2mf               1m     44Mi     
15:45:54 zottest-ff7cfd65c-xbgvk                2m     680Mi    
15:46:24 rearm-backend-6d79d5dcc8-rj9w4         119m   7667Mi   
15:46:24 rearm-keycloak-0                       2m     719Mi    
15:46:24 rearm-keycloak-postgres-0              1m     34Mi     
15:46:24 rearm-oci-artifact-5c69f5fd94-tvhcg    7m     51Mi     
15:46:24 rearm-postgresql-0                     541m   334Mi    
15:46:24 rearm-rebom-backend-768fd58455-46nwc   1m     89Mi     
15:46:24 rearm-rebom-backend-768fd58455-dp9ps   0m     92Mi     
15:46:24 rearm-rebom-backend-768fd58455-tmqdc   16m    75Mi     
15:46:24 rearm-rebom-backend-768fd58455-vkfb5   1m     115Mi    
15:46:24 rearm-rebom-postgres-0                 33m    155Mi    
15:46:24 rearm-ui-5c9b8ddf9d-krkqk              1m     2Mi      
15:46:24 testreg-66bb8f476c-wt2mf               1m     44Mi     
15:46:24 zottest-ff7cfd65c-xbgvk                3m     680Mi    
15:46:55 rearm-backend-6d79d5dcc8-rj9w4         46m    7667Mi   
15:46:55 rearm-keycloak-0                       2m     719Mi    
15:46:55 rearm-keycloak-postgres-0              1m     34Mi     
15:46:55 rearm-oci-artifact-5c69f5fd94-tvhcg    7m     47Mi     
15:46:55 rearm-postgresql-0                     587m   334Mi    
15:46:55 rearm-rebom-backend-768fd58455-46nwc   0m     89Mi     
15:46:55 rearm-rebom-backend-768fd58455-dp9ps   1m     92Mi     
15:46:55 rearm-rebom-backend-768fd58455-tmqdc   11m    88Mi     
15:46:55 rearm-rebom-backend-768fd58455-vkfb5   0m     115Mi    
15:46:55 rearm-rebom-postgres-0                 23m    155Mi    
15:46:55 rearm-ui-5c9b8ddf9d-krkqk              1m     2Mi      
15:46:55 testreg-66bb8f476c-wt2mf               1m     44Mi     
15:46:55 zottest-ff7cfd65c-xbgvk                2m     680Mi    
15:47:26 rearm-backend-6d79d5dcc8-rj9w4         65m    7669Mi   
15:47:26 rearm-keycloak-0                       2m     719Mi    
15:47:26 rearm-keycloak-postgres-0              1m     34Mi     
15:47:26 rearm-oci-artifact-5c69f5fd94-tvhcg    7m     49Mi     
15:47:26 rearm-postgresql-0                     594m   332Mi    
15:47:26 rearm-rebom-backend-768fd58455-46nwc   0m     89Mi     
15:47:26 rearm-rebom-backend-768fd58455-dp9ps   0m     92Mi     
15:47:26 rearm-rebom-backend-768fd58455-tmqdc   9m     91Mi     
15:47:26 rearm-rebom-backend-768fd58455-vkfb5   0m     115Mi    
15:47:26 rearm-rebom-postgres-0                 25m    155Mi    
15:47:26 rearm-ui-5c9b8ddf9d-krkqk              1m     2Mi      
15:47:26 testreg-66bb8f476c-wt2mf               1m     44Mi     
15:47:26 zottest-ff7cfd65c-xbgvk                2m     680Mi    
15:47:57 rearm-backend-6d79d5dcc8-rj9w4         46m    7488Mi   
15:47:57 rearm-keycloak-0                       2m     719Mi    
15:47:57 rearm-keycloak-postgres-0              1m     34Mi     
15:47:57 rearm-oci-artifact-5c69f5fd94-tvhcg    7m     49Mi     
15:47:57 rearm-postgresql-0                     580m   332Mi    
15:47:57 rearm-rebom-backend-768fd58455-46nwc   1m     89Mi     
15:47:57 rearm-rebom-backend-768fd58455-dp9ps   0m     92Mi     
15:47:57 rearm-rebom-backend-768fd58455-tmqdc   13m    90Mi     
15:47:57 rearm-rebom-backend-768fd58455-vkfb5   1m     115Mi    
15:47:57 rearm-rebom-postgres-0                 25m    155Mi    
15:47:57 rearm-ui-5c9b8ddf9d-krkqk              1m     2Mi      
15:47:57 testreg-66bb8f476c-wt2mf               1m     44Mi     
15:47:57 zottest-ff7cfd65c-xbgvk                2m     680Mi    
15:48:28 rearm-backend-6d79d5dcc8-rj9w4         129m   7035Mi   
15:48:28 rearm-keycloak-0                       2m     719Mi    
15:48:28 rearm-keycloak-postgres-0              1m     34Mi     
15:48:28 rearm-oci-artifact-5c69f5fd94-tvhcg    11m    48Mi     
15:48:28 rearm-postgresql-0                     517m   335Mi    
15:48:28 rearm-rebom-backend-768fd58455-46nwc   0m     89Mi     
15:48:28 rearm-rebom-backend-768fd58455-dp9ps   1m     92Mi     
15:48:28 rearm-rebom-backend-768fd58455-tmqdc   12m    90Mi     
15:48:28 rearm-rebom-backend-768fd58455-vkfb5   0m     115Mi    
15:48:28 rearm-rebom-postgres-0                 24m    155Mi    
15:48:28 rearm-ui-5c9b8ddf9d-krkqk              1m     2Mi      
15:48:28 testreg-66bb8f476c-wt2mf               1m     44Mi     
15:48:28 zottest-ff7cfd65c-xbgvk                3m     680Mi    
15:48:59 rearm-backend-6d79d5dcc8-rj9w4         71m    6402Mi   
15:48:59 rearm-keycloak-0                       2m     719Mi    
15:48:59 rearm-keycloak-postgres-0              1m     34Mi     
15:48:59 rearm-oci-artifact-5c69f5fd94-tvhcg    8m     51Mi     
15:48:59 rearm-postgresql-0                     582m   335Mi    
15:48:59 rearm-rebom-backend-768fd58455-46nwc   0m     89Mi     
15:48:59 rearm-rebom-backend-768fd58455-dp9ps   0m     92Mi     
15:48:59 rearm-rebom-backend-768fd58455-tmqdc   8m     93Mi     
15:48:59 rearm-rebom-backend-768fd58455-vkfb5   0m     115Mi    
15:48:59 rearm-rebom-postgres-0                 23m    155Mi    
15:48:59 rearm-ui-5c9b8ddf9d-krkqk              1m     2Mi      
15:48:59 testreg-66bb8f476c-wt2mf               1m     44Mi     
15:48:59 zottest-ff7cfd65c-xbgvk                2m     680Mi    
15:49:29 rearm-backend-6d79d5dcc8-rj9w4         56m    6131Mi   
15:49:29 rearm-keycloak-0                       2m     719Mi    
15:49:29 rearm-keycloak-postgres-0              1m     34Mi     
15:49:29 rearm-oci-artifact-5c69f5fd94-tvhcg    7m     54Mi     
15:49:29 rearm-postgresql-0                     594m   335Mi    
15:49:29 rearm-rebom-backend-768fd58455-46nwc   11m    65Mi     
15:49:29 rearm-rebom-backend-768fd58455-dp9ps   0m     92Mi     
15:49:29 rearm-rebom-backend-768fd58455-tmqdc   1m     93Mi     
15:49:29 rearm-rebom-backend-768fd58455-vkfb5   1m     115Mi    
15:49:29 rearm-rebom-postgres-0                 26m    155Mi    
15:49:29 rearm-ui-5c9b8ddf9d-krkqk              1m     2Mi      
15:49:29 testreg-66bb8f476c-wt2mf               1m     44Mi     
15:49:29 zottest-ff7cfd65c-xbgvk                2m     680Mi    
15:50:00 rearm-backend-6d79d5dcc8-rj9w4         67m    5318Mi   
15:50:00 rearm-keycloak-0                       2m     719Mi    
15:50:00 rearm-keycloak-postgres-0              1m     34Mi     
15:50:00 rearm-oci-artifact-5c69f5fd94-tvhcg    7m     50Mi     
15:50:00 rearm-postgresql-0                     582m   335Mi    
15:50:00 rearm-rebom-backend-768fd58455-46nwc   9m     68Mi     
15:50:00 rearm-rebom-backend-768fd58455-dp9ps   1m     92Mi     
15:50:00 rearm-rebom-backend-768fd58455-tmqdc   1m     93Mi     
15:50:00 rearm-rebom-backend-768fd58455-vkfb5   0m     115Mi    
15:50:00 rearm-rebom-postgres-0                 25m    155Mi    
15:50:00 rearm-ui-5c9b8ddf9d-krkqk              1m     2Mi      
15:50:00 testreg-66bb8f476c-wt2mf               1m     44Mi     
15:50:00 zottest-ff7cfd65c-xbgvk                2m     680Mi    
15:50:31 rearm-backend-6d79d5dcc8-rj9w4         100m   5047Mi   
15:50:31 rearm-keycloak-0                       2m     719Mi    
15:50:31 rearm-keycloak-postgres-0              1m     34Mi     
15:50:31 rearm-oci-artifact-5c69f5fd94-tvhcg    9m     49Mi     
15:50:31 rearm-postgresql-0                     451m   334Mi    
15:50:31 rearm-rebom-backend-768fd58455-46nwc   11m    74Mi     
15:50:31 rearm-rebom-backend-768fd58455-dp9ps   0m     92Mi     
15:50:31 rearm-rebom-backend-768fd58455-tmqdc   0m     93Mi     
15:50:31 rearm-rebom-backend-768fd58455-vkfb5   1m     115Mi    
15:50:31 rearm-rebom-postgres-0                 37m    158Mi    
15:50:31 rearm-ui-5c9b8ddf9d-krkqk              1m     2Mi      
15:50:31 testreg-66bb8f476c-wt2mf               1m     44Mi     
15:50:31 zottest-ff7cfd65c-xbgvk                3m     680Mi    
15:51:02 rearm-backend-6d79d5dcc8-rj9w4         54m    4595Mi   
15:51:02 rearm-keycloak-0                       2m     719Mi    
15:51:02 rearm-keycloak-postgres-0              1m     34Mi     
15:51:02 rearm-oci-artifact-5c69f5fd94-tvhcg    9m     48Mi     
15:51:02 rearm-postgresql-0                     488m   334Mi    
15:51:02 rearm-rebom-backend-768fd58455-46nwc   10m    77Mi     
15:51:02 rearm-rebom-backend-768fd58455-dp9ps   0m     92Mi     
15:51:02 rearm-rebom-backend-768fd58455-tmqdc   1m     93Mi     
15:51:02 rearm-rebom-backend-768fd58455-vkfb5   0m     115Mi    
15:51:02 rearm-rebom-postgres-0                 31m    155Mi    
15:51:02 rearm-ui-5c9b8ddf9d-krkqk              1m     2Mi      
15:51:02 testreg-66bb8f476c-wt2mf               1m     44Mi     
15:51:02 zottest-ff7cfd65c-xbgvk                2m     680Mi    
15:51:33 rearm-backend-6d79d5dcc8-rj9w4         58m    4594Mi   
15:51:33 rearm-keycloak-0                       2m     719Mi    
15:51:33 rearm-keycloak-postgres-0              1m     34Mi     
15:51:33 rearm-oci-artifact-5c69f5fd94-tvhcg    9m     49Mi     
15:51:33 rearm-postgresql-0                     519m   333Mi    
15:51:33 rearm-rebom-backend-768fd58455-46nwc   16m    74Mi     
15:51:33 rearm-rebom-backend-768fd58455-dp9ps   1m     92Mi     
15:51:33 rearm-rebom-backend-768fd58455-tmqdc   1m     93Mi     
15:51:33 rearm-rebom-backend-768fd58455-vkfb5   0m     115Mi    
15:51:33 rearm-rebom-postgres-0                 28m    155Mi    
15:51:33 rearm-ui-5c9b8ddf9d-krkqk              1m     2Mi      
15:51:33 testreg-66bb8f476c-wt2mf               1m     44Mi     
15:51:33 zottest-ff7cfd65c-xbgvk                2m     680Mi    
15:52:04 rearm-backend-6d79d5dcc8-rj9w4         96m    4594Mi   
15:52:04 rearm-keycloak-0                       2m     719Mi    
15:52:04 rearm-keycloak-postgres-0              1m     34Mi     
15:52:04 rearm-oci-artifact-5c69f5fd94-tvhcg    15m    50Mi     
15:52:04 rearm-postgresql-0                     447m   327Mi    
15:52:04 rearm-rebom-backend-768fd58455-46nwc   11m    86Mi     
15:52:04 rearm-rebom-backend-768fd58455-dp9ps   0m     92Mi     
15:52:04 rearm-rebom-backend-768fd58455-tmqdc   1m     93Mi     
15:52:04 rearm-rebom-backend-768fd58455-vkfb5   1m     115Mi    
15:52:04 rearm-rebom-postgres-0                 34m    155Mi    
15:52:04 rearm-ui-5c9b8ddf9d-krkqk              1m     2Mi      
15:52:04 testreg-66bb8f476c-wt2mf               1m     44Mi     
15:52:04 zottest-ff7cfd65c-xbgvk                2m     680Mi    
15:52:35 rearm-backend-6d79d5dcc8-rj9w4         56m    4594Mi   
15:52:35 rearm-keycloak-0                       2m     719Mi    
15:52:35 rearm-keycloak-postgres-0              1m     34Mi     
15:52:35 rearm-oci-artifact-5c69f5fd94-tvhcg    8m     48Mi     
15:52:35 rearm-postgresql-0                     490m   331Mi    
15:52:35 rearm-rebom-backend-768fd58455-46nwc   10m    91Mi     
15:52:35 rearm-rebom-backend-768fd58455-dp9ps   0m     92Mi     
15:52:35 rearm-rebom-backend-768fd58455-tmqdc   1m     93Mi     
15:52:35 rearm-rebom-backend-768fd58455-vkfb5   0m     115Mi    
15:52:35 rearm-rebom-postgres-0                 28m    155Mi    
15:52:35 rearm-ui-5c9b8ddf9d-krkqk              1m     2Mi      
15:52:35 testreg-66bb8f476c-wt2mf               1m     44Mi     
15:52:35 zottest-ff7cfd65c-xbgvk                3m     680Mi    
15:53:05 rearm-backend-6d79d5dcc8-rj9w4         51m    4594Mi   
15:53:05 rearm-keycloak-0                       2m     719Mi    
15:53:05 rearm-keycloak-postgres-0              1m     34Mi     
15:53:05 rearm-oci-artifact-5c69f5fd94-tvhcg    8m     49Mi     
15:53:05 rearm-postgresql-0                     494m   328Mi    
15:53:05 rearm-rebom-backend-768fd58455-46nwc   10m    90Mi     
15:53:05 rearm-rebom-backend-768fd58455-dp9ps   1m     92Mi     
15:53:05 rearm-rebom-backend-768fd58455-tmqdc   1m     93Mi     
15:53:05 rearm-rebom-backend-768fd58455-vkfb5   1m     115Mi    
15:53:05 rearm-rebom-postgres-0                 27m    155Mi    
15:53:05 rearm-ui-5c9b8ddf9d-krkqk              1m     2Mi      
15:53:05 testreg-66bb8f476c-wt2mf               1m     44Mi     
15:53:05 zottest-ff7cfd65c-xbgvk                2m     680Mi    
15:53:36 rearm-backend-6d79d5dcc8-rj9w4         52m    4594Mi   
15:53:36 rearm-keycloak-0                       2m     719Mi    
15:53:36 rearm-keycloak-postgres-0              1m     34Mi     
15:53:36 rearm-oci-artifact-5c69f5fd94-tvhcg    14m    50Mi     
15:53:36 rearm-postgresql-0                     409m   327Mi    
15:53:36 rearm-rebom-backend-768fd58455-46nwc   14m    88Mi     
15:53:36 rearm-rebom-backend-768fd58455-dp9ps   1m     92Mi     
15:53:36 rearm-rebom-backend-768fd58455-tmqdc   0m     93Mi     
15:53:36 rearm-rebom-backend-768fd58455-vkfb5   1m     115Mi    
15:53:36 rearm-rebom-postgres-0                 37m    155Mi    
15:53:36 rearm-ui-5c9b8ddf9d-krkqk              1m     2Mi      
15:53:36 testreg-66bb8f476c-wt2mf               1m     44Mi     
15:53:36 zottest-ff7cfd65c-xbgvk                2m     680Mi    
15:54:07 rearm-backend-6d79d5dcc8-rj9w4         56m    4594Mi   
15:54:07 rearm-keycloak-0                       2m     719Mi    
15:54:07 rearm-keycloak-postgres-0              1m     34Mi     
15:54:07 rearm-oci-artifact-5c69f5fd94-tvhcg    8m     50Mi     
15:54:07 rearm-postgresql-0                     462m   328Mi    
15:54:07 rearm-rebom-backend-768fd58455-46nwc   11m    90Mi     
15:54:07 rearm-rebom-backend-768fd58455-dp9ps   1m     92Mi     
15:54:07 rearm-rebom-backend-768fd58455-tmqdc   0m     93Mi     
15:54:07 rearm-rebom-backend-768fd58455-vkfb5   0m     115Mi    
15:54:07 rearm-rebom-postgres-0                 30m    155Mi    
15:54:07 rearm-ui-5c9b8ddf9d-krkqk              1m     2Mi      
15:54:07 testreg-66bb8f476c-wt2mf               1m     44Mi     
15:54:07 zottest-ff7cfd65c-xbgvk                2m     680Mi    
15:54:38 rearm-backend-6d79d5dcc8-rj9w4         53m    4594Mi   
15:54:38 rearm-keycloak-0                       2m     719Mi    
15:54:38 rearm-keycloak-postgres-0              1m     34Mi     
15:54:38 rearm-oci-artifact-5c69f5fd94-tvhcg    9m     49Mi     
15:54:38 rearm-postgresql-0                     503m   331Mi    
15:54:38 rearm-rebom-backend-768fd58455-46nwc   13m    115Mi    
15:54:38 rearm-rebom-backend-768fd58455-dp9ps   1m     92Mi     
15:54:38 rearm-rebom-backend-768fd58455-tmqdc   1m     93Mi     
15:54:38 rearm-rebom-backend-768fd58455-vkfb5   1m     115Mi    
15:54:38 rearm-rebom-postgres-0                 31m    155Mi    
15:54:38 rearm-ui-5c9b8ddf9d-krkqk              1m     2Mi      
15:54:38 testreg-66bb8f476c-wt2mf               1m     44Mi     
15:54:38 zottest-ff7cfd65c-xbgvk                3m     680Mi    
15:55:09 rearm-backend-6d79d5dcc8-rj9w4         76m    4595Mi   
15:55:09 rearm-keycloak-0                       2m     719Mi    
15:55:09 rearm-keycloak-postgres-0              1m     34Mi     
15:55:09 rearm-oci-artifact-5c69f5fd94-tvhcg    8m     49Mi     
15:55:09 rearm-postgresql-0                     516m   328Mi    
15:55:09 rearm-rebom-backend-768fd58455-46nwc   10m    117Mi    
15:55:09 rearm-rebom-backend-768fd58455-dp9ps   0m     92Mi     
15:55:09 rearm-rebom-backend-768fd58455-tmqdc   0m     93Mi     
15:55:09 rearm-rebom-backend-768fd58455-vkfb5   1m     115Mi    
15:55:09 rearm-rebom-postgres-0                 28m    155Mi    
15:55:09 rearm-ui-5c9b8ddf9d-krkqk              1m     2Mi      
15:55:09 testreg-66bb8f476c-wt2mf               1m     44Mi     
15:55:09 zottest-ff7cfd65c-xbgvk                2m     680Mi    
15:55:40 rearm-backend-6d79d5dcc8-rj9w4         50m    4595Mi   
15:55:40 rearm-keycloak-0                       2m     719Mi    
15:55:40 rearm-keycloak-postgres-0              1m     34Mi     
15:55:40 rearm-oci-artifact-5c69f5fd94-tvhcg    10m    51Mi     
15:55:40 rearm-postgresql-0                     505m   329Mi    
15:55:40 rearm-rebom-backend-768fd58455-46nwc   13m    115Mi    
15:55:40 rearm-rebom-backend-768fd58455-dp9ps   1m     92Mi     
15:55:40 rearm-rebom-backend-768fd58455-tmqdc   0m     93Mi     
15:55:40 rearm-rebom-backend-768fd58455-vkfb5   1m     115Mi    
15:55:40 rearm-rebom-postgres-0                 28m    155Mi    
15:55:40 rearm-ui-5c9b8ddf9d-krkqk              1m     2Mi      
15:55:40 testreg-66bb8f476c-wt2mf               1m     44Mi     
15:55:40 zottest-ff7cfd65c-xbgvk                2m     680Mi    
15:56:10 rearm-backend-6d79d5dcc8-rj9w4         54m    4414Mi   
15:56:10 rearm-keycloak-0                       2m     719Mi    
15:56:10 rearm-keycloak-postgres-0              1m     34Mi     
15:56:10 rearm-oci-artifact-5c69f5fd94-tvhcg    8m     51Mi     
15:56:10 rearm-postgresql-0                     504m   333Mi    
15:56:10 rearm-rebom-backend-768fd58455-46nwc   10m    117Mi    
15:56:10 rearm-rebom-backend-768fd58455-dp9ps   1m     92Mi     
15:56:10 rearm-rebom-backend-768fd58455-tmqdc   1m     93Mi     
15:56:10 rearm-rebom-backend-768fd58455-vkfb5   1m     115Mi    
15:56:10 rearm-rebom-postgres-0                 27m    155Mi    
15:56:10 rearm-ui-5c9b8ddf9d-krkqk              1m     2Mi      
15:56:10 testreg-66bb8f476c-wt2mf               1m     44Mi     
15:56:10 zottest-ff7cfd65c-xbgvk                2m     680Mi    
15:56:41 rearm-backend-6d79d5dcc8-rj9w4         80m    4142Mi   
15:56:41 rearm-keycloak-0                       2m     719Mi    
15:56:41 rearm-keycloak-postgres-0              1m     34Mi     
15:56:41 rearm-oci-artifact-5c69f5fd94-tvhcg    8m     51Mi     
15:56:41 rearm-postgresql-0                     515m   332Mi    
15:56:41 rearm-rebom-backend-768fd58455-46nwc   12m    115Mi    
15:56:41 rearm-rebom-backend-768fd58455-dp9ps   0m     92Mi     
15:56:41 rearm-rebom-backend-768fd58455-tmqdc   0m     93Mi     
15:56:41 rearm-rebom-backend-768fd58455-vkfb5   0m     115Mi    
15:56:41 rearm-rebom-postgres-0                 26m    155Mi    
15:56:41 rearm-ui-5c9b8ddf9d-krkqk              1m     2Mi      
15:56:41 testreg-66bb8f476c-wt2mf               1m     44Mi     
15:56:41 zottest-ff7cfd65c-xbgvk                2m     680Mi    
15:57:12 rearm-backend-6d79d5dcc8-rj9w4         127m   3962Mi   
15:57:12 rearm-keycloak-0                       2m     719Mi    
15:57:12 rearm-keycloak-postgres-0              1m     34Mi     
15:57:12 rearm-oci-artifact-5c69f5fd94-tvhcg    8m     48Mi     
15:57:12 rearm-postgresql-0                     470m   333Mi    
15:57:12 rearm-rebom-backend-768fd58455-46nwc   10m    116Mi    
15:57:12 rearm-rebom-backend-768fd58455-dp9ps   1m     92Mi     
15:57:12 rearm-rebom-backend-768fd58455-tmqdc   0m     93Mi     
15:57:12 rearm-rebom-backend-768fd58455-vkfb5   1m     115Mi    
15:57:12 rearm-rebom-postgres-0                 40m    155Mi    
15:57:12 rearm-ui-5c9b8ddf9d-krkqk              1m     2Mi      
15:57:12 testreg-66bb8f476c-wt2mf               1m     44Mi     
15:57:12 zottest-ff7cfd65c-xbgvk                2m     680Mi    
15:57:43 rearm-backend-6d79d5dcc8-rj9w4         1033m   7511Mi   
15:57:43 rearm-keycloak-0                       2m      719Mi    
15:57:43 rearm-keycloak-postgres-0              1m      34Mi     
15:57:43 rearm-oci-artifact-5c69f5fd94-tvhcg    7m      51Mi     
15:57:43 rearm-postgresql-0                     984m    360Mi    
15:57:43 rearm-rebom-backend-768fd58455-46nwc   9m      117Mi    
15:57:43 rearm-rebom-backend-768fd58455-dp9ps   0m      92Mi     
15:57:43 rearm-rebom-backend-768fd58455-tmqdc   0m      93Mi     
15:57:43 rearm-rebom-backend-768fd58455-vkfb5   1m      115Mi    
15:57:43 rearm-rebom-postgres-0                 25m     155Mi    
15:57:43 rearm-ui-5c9b8ddf9d-krkqk              1m      2Mi      
15:57:43 testreg-66bb8f476c-wt2mf               1m      44Mi     
15:57:43 zottest-ff7cfd65c-xbgvk                2m      680Mi    
15:58:14 rearm-backend-6d79d5dcc8-rj9w4         964m    7614Mi   
15:58:14 rearm-keycloak-0                       2m      719Mi    
15:58:14 rearm-keycloak-postgres-0              1m      34Mi     
15:58:14 rearm-oci-artifact-5c69f5fd94-tvhcg    7m      49Mi     
15:58:14 rearm-postgresql-0                     1029m   362Mi    
15:58:14 rearm-rebom-backend-768fd58455-46nwc   12m     115Mi    
15:58:14 rearm-rebom-backend-768fd58455-dp9ps   1m      92Mi     
15:58:14 rearm-rebom-backend-768fd58455-tmqdc   0m      93Mi     
15:58:14 rearm-rebom-backend-768fd58455-vkfb5   1m      115Mi    
15:58:14 rearm-rebom-postgres-0                 26m     155Mi    
15:58:14 rearm-ui-5c9b8ddf9d-krkqk              1m      2Mi      
15:58:14 testreg-66bb8f476c-wt2mf               1m      44Mi     
15:58:14 zottest-ff7cfd65c-xbgvk                3m      680Mi    
15:58:45 rearm-backend-6d79d5dcc8-rj9w4         50m    7613Mi   
15:58:45 rearm-keycloak-0                       2m     719Mi    
15:58:45 rearm-keycloak-postgres-0              1m     34Mi     
15:58:45 rearm-oci-artifact-5c69f5fd94-tvhcg    8m     50Mi     
15:58:45 rearm-postgresql-0                     530m   363Mi    
15:58:45 rearm-rebom-backend-768fd58455-46nwc   10m    117Mi    
15:58:45 rearm-rebom-backend-768fd58455-dp9ps   1m     92Mi     
15:58:45 rearm-rebom-backend-768fd58455-tmqdc   1m     93Mi     
15:58:45 rearm-rebom-backend-768fd58455-vkfb5   0m     115Mi    
15:58:45 rearm-rebom-postgres-0                 27m    155Mi    
15:58:45 rearm-ui-5c9b8ddf9d-krkqk              1m     2Mi      
15:58:45 testreg-66bb8f476c-wt2mf               1m     44Mi     
15:58:45 zottest-ff7cfd65c-xbgvk                2m     680Mi    
15:59:15 rearm-backend-6d79d5dcc8-rj9w4         43m    7613Mi   
15:59:15 rearm-keycloak-0                       2m     719Mi    
15:59:15 rearm-keycloak-postgres-0              1m     34Mi     
15:59:15 rearm-oci-artifact-5c69f5fd94-tvhcg    16m    50Mi     
15:59:15 rearm-postgresql-0                     356m   363Mi    
15:59:15 rearm-rebom-backend-768fd58455-46nwc   6m     118Mi    
15:59:15 rearm-rebom-backend-768fd58455-dp9ps   1m     92Mi     
15:59:15 rearm-rebom-backend-768fd58455-tmqdc   13m    90Mi     
15:59:15 rearm-rebom-backend-768fd58455-vkfb5   1m     115Mi    
15:59:15 rearm-rebom-postgres-0                 34m    155Mi    
15:59:15 rearm-ui-5c9b8ddf9d-krkqk              1m     2Mi      
15:59:15 testreg-66bb8f476c-wt2mf               1m     44Mi     
15:59:15 zottest-ff7cfd65c-xbgvk                3m     680Mi    
15:59:46 rearm-backend-6d79d5dcc8-rj9w4         85m    7613Mi   
15:59:46 rearm-keycloak-0                       2m     719Mi    
15:59:46 rearm-keycloak-postgres-0              1m     34Mi     
15:59:46 rearm-oci-artifact-5c69f5fd94-tvhcg    8m     50Mi     
15:59:46 rearm-postgresql-0                     533m   364Mi    
15:59:46 rearm-rebom-backend-768fd58455-46nwc   1m     118Mi    
15:59:46 rearm-rebom-backend-768fd58455-dp9ps   1m     92Mi     
15:59:46 rearm-rebom-backend-768fd58455-tmqdc   13m    65Mi     
15:59:46 rearm-rebom-backend-768fd58455-vkfb5   0m     115Mi    
15:59:46 rearm-rebom-postgres-0                 27m    155Mi    
15:59:46 rearm-ui-5c9b8ddf9d-krkqk              1m     2Mi      
15:59:46 testreg-66bb8f476c-wt2mf               1m     44Mi     
15:59:46 zottest-ff7cfd65c-xbgvk                2m     680Mi    
16:00:17 rearm-backend-6d79d5dcc8-rj9w4         65m    7613Mi   
16:00:17 rearm-keycloak-0                       2m     719Mi    
16:00:17 rearm-keycloak-postgres-0              1m     34Mi     
16:00:17 rearm-oci-artifact-5c69f5fd94-tvhcg    8m     49Mi     
16:00:17 rearm-postgresql-0                     519m   364Mi    
16:00:17 rearm-rebom-backend-768fd58455-46nwc   1m     118Mi    
16:00:17 rearm-rebom-backend-768fd58455-dp9ps   0m     92Mi     
16:00:17 rearm-rebom-backend-768fd58455-tmqdc   14m    72Mi     
16:00:17 rearm-rebom-backend-768fd58455-vkfb5   1m     115Mi    
16:00:17 rearm-rebom-postgres-0                 25m    155Mi    
16:00:17 rearm-ui-5c9b8ddf9d-krkqk              1m     2Mi      
16:00:17 testreg-66bb8f476c-wt2mf               1m     44Mi     
16:00:17 zottest-ff7cfd65c-xbgvk                2m     680Mi    
16:00:48 rearm-backend-6d79d5dcc8-rj9w4         49m    7613Mi   
16:00:48 rearm-keycloak-0                       2m     719Mi    
16:00:48 rearm-keycloak-postgres-0              1m     34Mi     
16:00:48 rearm-oci-artifact-5c69f5fd94-tvhcg    8m     50Mi     
16:00:48 rearm-postgresql-0                     545m   355Mi    
16:00:48 rearm-rebom-backend-768fd58455-46nwc   1m     118Mi    
16:00:48 rearm-rebom-backend-768fd58455-dp9ps   1m     92Mi     
16:00:48 rearm-rebom-backend-768fd58455-tmqdc   10m    74Mi     
16:00:48 rearm-rebom-backend-768fd58455-vkfb5   1m     115Mi    
16:00:48 rearm-rebom-postgres-0                 28m    155Mi    
16:00:48 rearm-ui-5c9b8ddf9d-krkqk              1m     2Mi      
16:00:48 testreg-66bb8f476c-wt2mf               1m     44Mi     
16:00:48 zottest-ff7cfd65c-xbgvk                2m     680Mi    
16:01:19 rearm-backend-6d79d5dcc8-rj9w4         78m    7613Mi   
16:01:19 rearm-keycloak-0                       2m     719Mi    
16:01:19 rearm-keycloak-postgres-0              1m     34Mi     
16:01:19 rearm-oci-artifact-5c69f5fd94-tvhcg    12m    49Mi     
16:01:19 rearm-postgresql-0                     468m   356Mi    
16:01:19 rearm-rebom-backend-768fd58455-46nwc   1m     118Mi    
16:01:19 rearm-rebom-backend-768fd58455-dp9ps   1m     92Mi     
16:01:19 rearm-rebom-backend-768fd58455-tmqdc   11m    77Mi     
16:01:19 rearm-rebom-backend-768fd58455-vkfb5   0m     115Mi    
16:01:19 rearm-rebom-postgres-0                 25m    155Mi    
16:01:19 rearm-ui-5c9b8ddf9d-krkqk              1m     2Mi      
16:01:19 testreg-66bb8f476c-wt2mf               1m     44Mi     
16:01:19 zottest-ff7cfd65c-xbgvk                2m     680Mi    
16:01:50 rearm-backend-6d79d5dcc8-rj9w4         50m    7613Mi   
16:01:50 rearm-keycloak-0                       2m     719Mi    
16:01:50 rearm-keycloak-postgres-0              1m     34Mi     
16:01:50 rearm-oci-artifact-5c69f5fd94-tvhcg    7m     50Mi     
16:01:50 rearm-postgresql-0                     529m   353Mi    
16:01:50 rearm-rebom-backend-768fd58455-46nwc   0m     118Mi    
16:01:50 rearm-rebom-backend-768fd58455-dp9ps   0m     92Mi     
16:01:50 rearm-rebom-backend-768fd58455-tmqdc   11m    87Mi     
16:01:50 rearm-rebom-backend-768fd58455-vkfb5   1m     115Mi    
16:01:50 rearm-rebom-postgres-0                 26m    155Mi    
16:01:50 rearm-ui-5c9b8ddf9d-krkqk              1m     2Mi      
16:01:50 testreg-66bb8f476c-wt2mf               1m     44Mi     
16:01:50 zottest-ff7cfd65c-xbgvk                2m     680Mi    
16:02:21 rearm-backend-6d79d5dcc8-rj9w4         56m    7613Mi   
16:02:21 rearm-keycloak-0                       2m     719Mi    
16:02:21 rearm-keycloak-postgres-0              1m     34Mi     
16:02:21 rearm-oci-artifact-5c69f5fd94-tvhcg    8m     52Mi     
16:02:21 rearm-postgresql-0                     545m   337Mi    
16:02:21 rearm-rebom-backend-768fd58455-46nwc   0m     118Mi    
16:02:21 rearm-rebom-backend-768fd58455-dp9ps   1m     92Mi     
16:02:21 rearm-rebom-backend-768fd58455-tmqdc   14m    87Mi     
16:02:21 rearm-rebom-backend-768fd58455-vkfb5   0m     115Mi    
16:02:21 rearm-rebom-postgres-0                 26m    155Mi    
16:02:21 rearm-ui-5c9b8ddf9d-krkqk              1m     2Mi      
16:02:21 testreg-66bb8f476c-wt2mf               1m     44Mi     
16:02:21 zottest-ff7cfd65c-xbgvk                3m     680Mi    
16:02:51 rearm-backend-6d79d5dcc8-rj9w4         101m   7613Mi   
16:02:51 rearm-keycloak-0                       2m     719Mi    
16:02:51 rearm-keycloak-postgres-0              1m     34Mi     
16:02:51 rearm-oci-artifact-5c69f5fd94-tvhcg    14m    52Mi     
16:02:51 rearm-postgresql-0                     440m   328Mi    
16:02:51 rearm-rebom-backend-768fd58455-46nwc   1m     118Mi    
16:02:51 rearm-rebom-backend-768fd58455-dp9ps   0m     92Mi     
16:02:51 rearm-rebom-backend-768fd58455-tmqdc   12m    89Mi     
16:02:51 rearm-rebom-backend-768fd58455-vkfb5   1m     115Mi    
16:02:51 rearm-rebom-postgres-0                 36m    155Mi    
16:02:51 rearm-ui-5c9b8ddf9d-krkqk              1m     2Mi      
16:02:51 testreg-66bb8f476c-wt2mf               1m     44Mi     
16:02:51 zottest-ff7cfd65c-xbgvk                2m     680Mi    
16:03:22 rearm-backend-6d79d5dcc8-rj9w4         56m    7613Mi   
16:03:22 rearm-keycloak-0                       2m     719Mi    
16:03:22 rearm-keycloak-postgres-0              1m     34Mi     
16:03:22 rearm-oci-artifact-5c69f5fd94-tvhcg    7m     49Mi     
16:03:22 rearm-postgresql-0                     526m   330Mi    
16:03:22 rearm-rebom-backend-768fd58455-46nwc   1m     118Mi    
16:03:22 rearm-rebom-backend-768fd58455-dp9ps   1m     92Mi     
16:03:22 rearm-rebom-backend-768fd58455-tmqdc   10m    90Mi     
16:03:22 rearm-rebom-backend-768fd58455-vkfb5   0m     115Mi    
16:03:22 rearm-rebom-postgres-0                 27m    155Mi    
16:03:22 rearm-ui-5c9b8ddf9d-krkqk              1m     2Mi      
16:03:22 testreg-66bb8f476c-wt2mf               1m     44Mi     
16:03:22 zottest-ff7cfd65c-xbgvk                2m     680Mi    
16:03:53 rearm-backend-6d79d5dcc8-rj9w4         49m    7614Mi   
16:03:53 rearm-keycloak-0                       2m     719Mi    
16:03:53 rearm-keycloak-postgres-0              1m     34Mi     
16:03:53 rearm-oci-artifact-5c69f5fd94-tvhcg    8m     48Mi     
16:03:53 rearm-postgresql-0                     501m   334Mi    
16:03:53 rearm-rebom-backend-768fd58455-46nwc   0m     118Mi    
16:03:53 rearm-rebom-backend-768fd58455-dp9ps   0m     92Mi     
16:03:53 rearm-rebom-backend-768fd58455-tmqdc   13m    86Mi     
16:03:53 rearm-rebom-backend-768fd58455-vkfb5   0m     115Mi    
16:03:53 rearm-rebom-postgres-0                 27m    157Mi    
16:03:53 rearm-ui-5c9b8ddf9d-krkqk              1m     2Mi      
16:03:53 testreg-66bb8f476c-wt2mf               1m     44Mi     
16:03:53 zottest-ff7cfd65c-xbgvk                2m     680Mi    
16:04:24 rearm-backend-6d79d5dcc8-rj9w4         73m    7613Mi   
16:04:24 rearm-keycloak-0                       2m     719Mi    
16:04:24 rearm-keycloak-postgres-0              1m     34Mi     
16:04:24 rearm-oci-artifact-5c69f5fd94-tvhcg    8m     50Mi     
16:04:24 rearm-postgresql-0                     524m   331Mi    
16:04:24 rearm-rebom-backend-768fd58455-46nwc   10m    68Mi     
16:04:24 rearm-rebom-backend-768fd58455-dp9ps   0m     92Mi     
16:04:24 rearm-rebom-backend-768fd58455-tmqdc   1m     99Mi     
16:04:24 rearm-rebom-backend-768fd58455-vkfb5   1m     115Mi    
16:04:24 rearm-rebom-postgres-0                 27m    155Mi    
16:04:24 rearm-ui-5c9b8ddf9d-krkqk              1m     2Mi      
16:04:24 testreg-66bb8f476c-wt2mf               1m     44Mi     
16:04:24 zottest-ff7cfd65c-xbgvk                3m     680Mi    
16:04:55 rearm-backend-6d79d5dcc8-rj9w4         92m    7613Mi   
16:04:55 rearm-keycloak-0                       2m     719Mi    
16:04:55 rearm-keycloak-postgres-0              1m     34Mi     
16:04:55 rearm-oci-artifact-5c69f5fd94-tvhcg    8m     47Mi     
16:04:55 rearm-postgresql-0                     501m   327Mi    
16:04:55 rearm-rebom-backend-768fd58455-46nwc   11m    69Mi     
16:04:55 rearm-rebom-backend-768fd58455-dp9ps   0m     92Mi     
16:04:55 rearm-rebom-backend-768fd58455-tmqdc   1m     99Mi     
16:04:55 rearm-rebom-backend-768fd58455-vkfb5   0m     115Mi    
16:04:55 rearm-rebom-postgres-0                 38m    155Mi    
16:04:55 rearm-ui-5c9b8ddf9d-krkqk              1m     2Mi      
16:04:55 testreg-66bb8f476c-wt2mf               1m     44Mi     
16:04:55 zottest-ff7cfd65c-xbgvk                2m     680Mi    
16:05:25 rearm-backend-6d79d5dcc8-rj9w4         58m    7613Mi   
16:05:25 rearm-keycloak-0                       2m     719Mi    
16:05:25 rearm-keycloak-postgres-0              1m     34Mi     
16:05:25 rearm-oci-artifact-5c69f5fd94-tvhcg    8m     49Mi     
16:05:25 rearm-postgresql-0                     512m   333Mi    
16:05:25 rearm-rebom-backend-768fd58455-46nwc   11m    73Mi     
16:05:25 rearm-rebom-backend-768fd58455-dp9ps   1m     92Mi     
16:05:25 rearm-rebom-backend-768fd58455-tmqdc   0m     99Mi     
16:05:25 rearm-rebom-backend-768fd58455-vkfb5   0m     115Mi    
16:05:25 rearm-rebom-postgres-0                 26m    155Mi    
16:05:25 rearm-ui-5c9b8ddf9d-krkqk              1m     2Mi      
16:05:25 testreg-66bb8f476c-wt2mf               1m     44Mi     
16:05:25 zottest-ff7cfd65c-xbgvk                2m     680Mi    
16:05:56 rearm-backend-6d79d5dcc8-rj9w4         60m    7613Mi   
16:05:56 rearm-keycloak-0                       2m     719Mi    
16:05:56 rearm-keycloak-postgres-0              1m     34Mi     
16:05:56 rearm-oci-artifact-5c69f5fd94-tvhcg    7m     49Mi     
16:05:56 rearm-postgresql-0                     499m   333Mi    
16:05:56 rearm-rebom-backend-768fd58455-46nwc   10m    73Mi     
16:05:56 rearm-rebom-backend-768fd58455-dp9ps   0m     92Mi     
16:05:56 rearm-rebom-backend-768fd58455-tmqdc   1m     99Mi     
16:05:56 rearm-rebom-backend-768fd58455-vkfb5   0m     115Mi    
16:05:56 rearm-rebom-postgres-0                 27m    155Mi    
16:05:56 rearm-ui-5c9b8ddf9d-krkqk              1m     2Mi      
16:05:56 testreg-66bb8f476c-wt2mf               1m     44Mi     
16:05:56 zottest-ff7cfd65c-xbgvk                2m     680Mi    
16:06:27 rearm-backend-6d79d5dcc8-rj9w4         54m    7613Mi   
16:06:27 rearm-keycloak-0                       2m     719Mi    
16:06:27 rearm-keycloak-postgres-0              1m     34Mi     
16:06:27 rearm-oci-artifact-5c69f5fd94-tvhcg    7m     51Mi     
16:06:27 rearm-postgresql-0                     446m   335Mi    
16:06:27 rearm-rebom-backend-768fd58455-46nwc   9m     75Mi     
16:06:27 rearm-rebom-backend-768fd58455-dp9ps   1m     92Mi     
16:06:27 rearm-rebom-backend-768fd58455-tmqdc   1m     99Mi     
16:06:27 rearm-rebom-backend-768fd58455-vkfb5   0m     115Mi    
16:06:27 rearm-rebom-postgres-0                 26m    155Mi    
16:06:27 rearm-ui-5c9b8ddf9d-krkqk              1m     2Mi      
16:06:27 testreg-66bb8f476c-wt2mf               1m     44Mi     
16:06:27 zottest-ff7cfd65c-xbgvk                3m     680Mi    
16:06:58 rearm-backend-6d79d5dcc8-rj9w4         47m    7613Mi   
16:06:58 rearm-keycloak-0                       2m     719Mi    
16:06:58 rearm-keycloak-postgres-0              1m     34Mi     
16:06:58 rearm-oci-artifact-5c69f5fd94-tvhcg    8m     50Mi     
16:06:58 rearm-postgresql-0                     498m   335Mi    
16:06:58 rearm-rebom-backend-768fd58455-46nwc   12m    87Mi     
16:06:58 rearm-rebom-backend-768fd58455-dp9ps   1m     92Mi     
16:06:58 rearm-rebom-backend-768fd58455-tmqdc   0m     99Mi     
16:06:58 rearm-rebom-backend-768fd58455-vkfb5   1m     115Mi    
16:06:58 rearm-rebom-postgres-0                 28m    155Mi    
16:06:58 rearm-ui-5c9b8ddf9d-krkqk              1m     2Mi      
16:06:58 testreg-66bb8f476c-wt2mf               1m     44Mi     
16:06:58 zottest-ff7cfd65c-xbgvk                2m     680Mi    
16:07:29 rearm-backend-6d79d5dcc8-rj9w4         60m    7613Mi   
16:07:29 rearm-keycloak-0                       2m     719Mi    
16:07:29 rearm-keycloak-postgres-0              1m     34Mi     
16:07:29 rearm-oci-artifact-5c69f5fd94-tvhcg    8m     51Mi     
16:07:29 rearm-postgresql-0                     564m   334Mi    
16:07:29 rearm-rebom-backend-768fd58455-46nwc   9m     89Mi     
16:07:29 rearm-rebom-backend-768fd58455-dp9ps   0m     92Mi     
16:07:29 rearm-rebom-backend-768fd58455-tmqdc   1m     99Mi     
16:07:29 rearm-rebom-backend-768fd58455-vkfb5   1m     115Mi    
16:07:29 rearm-rebom-postgres-0                 29m    155Mi    
16:07:29 rearm-ui-5c9b8ddf9d-krkqk              1m     2Mi      
16:07:29 testreg-66bb8f476c-wt2mf               1m     44Mi     
16:07:29 zottest-ff7cfd65c-xbgvk                2m     680Mi    
16:08:00 rearm-backend-6d79d5dcc8-rj9w4         49m    7613Mi   
16:08:00 rearm-keycloak-0                       2m     719Mi    
16:08:00 rearm-keycloak-postgres-0              1m     34Mi     
16:08:00 rearm-oci-artifact-5c69f5fd94-tvhcg    8m     53Mi     
16:08:00 rearm-postgresql-0                     551m   334Mi    
16:08:00 rearm-rebom-backend-768fd58455-46nwc   13m    89Mi     
16:08:00 rearm-rebom-backend-768fd58455-dp9ps   1m     92Mi     
16:08:00 rearm-rebom-backend-768fd58455-tmqdc   1m     99Mi     
16:08:00 rearm-rebom-backend-768fd58455-vkfb5   0m     115Mi    
16:08:00 rearm-rebom-postgres-0                 27m    155Mi    
16:08:00 rearm-ui-5c9b8ddf9d-krkqk              1m     2Mi      
16:08:00 testreg-66bb8f476c-wt2mf               1m     44Mi     
16:08:00 zottest-ff7cfd65c-xbgvk                2m     680Mi    
16:08:30 rearm-backend-6d79d5dcc8-rj9w4         106m   7161Mi   
16:08:30 rearm-keycloak-0                       2m     719Mi    
16:08:30 rearm-keycloak-postgres-0              1m     34Mi     
16:08:30 rearm-oci-artifact-5c69f5fd94-tvhcg    14m    51Mi     
16:08:30 rearm-postgresql-0                     686m   336Mi    
16:08:30 rearm-rebom-backend-768fd58455-46nwc   10m    91Mi     
16:08:30 rearm-rebom-backend-768fd58455-dp9ps   0m     92Mi     
16:08:30 rearm-rebom-backend-768fd58455-tmqdc   1m     99Mi     
16:08:30 rearm-rebom-backend-768fd58455-vkfb5   1m     115Mi    
16:08:30 rearm-rebom-postgres-0                 25m    155Mi    
16:08:30 rearm-ui-5c9b8ddf9d-krkqk              1m     2Mi      
16:08:30 testreg-66bb8f476c-wt2mf               1m     44Mi     
16:08:30 zottest-ff7cfd65c-xbgvk                2m     680Mi    
16:09:01 rearm-backend-6d79d5dcc8-rj9w4         50m    6619Mi   
16:09:01 rearm-keycloak-0                       2m     719Mi    
16:09:01 rearm-keycloak-postgres-0              1m     34Mi     
16:09:01 rearm-oci-artifact-5c69f5fd94-tvhcg    8m     51Mi     
16:09:01 rearm-postgresql-0                     540m   332Mi    
16:09:01 rearm-rebom-backend-768fd58455-46nwc   9m     93Mi     
16:09:01 rearm-rebom-backend-768fd58455-dp9ps   1m     92Mi     
16:09:01 rearm-rebom-backend-768fd58455-tmqdc   2m     99Mi     
16:09:01 rearm-rebom-backend-768fd58455-vkfb5   0m     115Mi    
16:09:01 rearm-rebom-postgres-0                 26m    155Mi    
16:09:01 rearm-ui-5c9b8ddf9d-krkqk              1m     2Mi      
16:09:01 testreg-66bb8f476c-wt2mf               1m     44Mi     
16:09:01 zottest-ff7cfd65c-xbgvk                2m     680Mi    
16:09:32 rearm-backend-6d79d5dcc8-rj9w4         58m    6348Mi   
16:09:32 rearm-keycloak-0                       2m     719Mi    
16:09:32 rearm-keycloak-postgres-0              1m     34Mi     
16:09:32 rearm-oci-artifact-5c69f5fd94-tvhcg    7m     49Mi     
16:09:32 rearm-postgresql-0                     614m   427Mi    
16:09:32 rearm-rebom-backend-768fd58455-46nwc   1m     88Mi     
16:09:32 rearm-rebom-backend-768fd58455-dp9ps   1m     92Mi     
16:09:32 rearm-rebom-backend-768fd58455-tmqdc   13m    66Mi     
16:09:32 rearm-rebom-backend-768fd58455-vkfb5   1m     115Mi    
16:09:32 rearm-rebom-postgres-0                 24m    155Mi    
16:09:32 rearm-ui-5c9b8ddf9d-krkqk              1m     2Mi      
16:09:32 testreg-66bb8f476c-wt2mf               1m     44Mi     
16:09:32 zottest-ff7cfd65c-xbgvk                2m     680Mi    
16:10:03 rearm-backend-6d79d5dcc8-rj9w4         49m    5806Mi   
16:10:03 rearm-keycloak-0                       2m     719Mi    
16:10:03 rearm-keycloak-postgres-0              1m     34Mi     
16:10:03 rearm-oci-artifact-5c69f5fd94-tvhcg    7m     50Mi     
16:10:03 rearm-postgresql-0                     527m   429Mi    
16:10:03 rearm-rebom-backend-768fd58455-46nwc   0m     88Mi     
16:10:03 rearm-rebom-backend-768fd58455-dp9ps   0m     92Mi     
16:10:03 rearm-rebom-backend-768fd58455-tmqdc   10m    67Mi     
16:10:03 rearm-rebom-backend-768fd58455-vkfb5   0m     115Mi    
16:10:03 rearm-rebom-postgres-0                 26m    155Mi    
16:10:03 rearm-ui-5c9b8ddf9d-krkqk              1m     2Mi      
16:10:03 testreg-66bb8f476c-wt2mf               1m     44Mi     
16:10:03 zottest-ff7cfd65c-xbgvk                2m     680Mi    
16:10:34 rearm-backend-6d79d5dcc8-rj9w4         50m    5174Mi   
16:10:34 rearm-keycloak-0                       2m     719Mi    
16:10:34 rearm-keycloak-postgres-0              1m     34Mi     
16:10:34 rearm-oci-artifact-5c69f5fd94-tvhcg    13m    51Mi     
16:10:34 rearm-postgresql-0                     480m   431Mi    
16:10:34 rearm-rebom-backend-768fd58455-46nwc   0m     88Mi     
16:10:34 rearm-rebom-backend-768fd58455-dp9ps   0m     92Mi     
16:10:34 rearm-rebom-backend-768fd58455-tmqdc   16m    75Mi     
16:10:34 rearm-rebom-backend-768fd58455-vkfb5   1m     115Mi    
16:10:34 rearm-rebom-postgres-0                 35m    155Mi    
16:10:34 rearm-ui-5c9b8ddf9d-krkqk              1m     2Mi      
16:10:34 testreg-66bb8f476c-wt2mf               1m     44Mi     
16:10:34 zottest-ff7cfd65c-xbgvk                3m     680Mi    
16:11:05 rearm-backend-6d79d5dcc8-rj9w4         53m    4721Mi   
16:11:05 rearm-keycloak-0                       2m     719Mi    
16:11:05 rearm-keycloak-postgres-0              1m     34Mi     
16:11:05 rearm-oci-artifact-5c69f5fd94-tvhcg    7m     50Mi     
16:11:05 rearm-postgresql-0                     524m   432Mi    
16:11:05 rearm-rebom-backend-768fd58455-46nwc   0m     88Mi     
16:11:05 rearm-rebom-backend-768fd58455-dp9ps   0m     92Mi     
16:11:05 rearm-rebom-backend-768fd58455-tmqdc   10m    76Mi     
16:11:05 rearm-rebom-backend-768fd58455-vkfb5   0m     115Mi    
16:11:05 rearm-rebom-postgres-0                 26m    155Mi    
16:11:05 rearm-ui-5c9b8ddf9d-krkqk              1m     2Mi      
16:11:05 testreg-66bb8f476c-wt2mf               1m     44Mi     
16:11:05 zottest-ff7cfd65c-xbgvk                2m     680Mi    
16:11:35 rearm-backend-6d79d5dcc8-rj9w4         70m    4504Mi   
16:11:35 rearm-keycloak-0                       2m     719Mi    
16:11:35 rearm-keycloak-postgres-0              1m     34Mi     
16:11:35 rearm-oci-artifact-5c69f5fd94-tvhcg    8m     50Mi     
16:11:35 rearm-postgresql-0                     567m   430Mi    
16:11:35 rearm-rebom-backend-768fd58455-46nwc   1m     88Mi     
16:11:35 rearm-rebom-backend-768fd58455-dp9ps   1m     92Mi     
16:11:35 rearm-rebom-backend-768fd58455-tmqdc   13m    76Mi     
16:11:35 rearm-rebom-backend-768fd58455-vkfb5   1m     115Mi    
16:11:35 rearm-rebom-postgres-0                 25m    155Mi    
16:11:35 rearm-ui-5c9b8ddf9d-krkqk              1m     2Mi      
16:11:35 testreg-66bb8f476c-wt2mf               1m     44Mi     
16:11:35 zottest-ff7cfd65c-xbgvk                2m     680Mi    
16:12:06 rearm-backend-6d79d5dcc8-rj9w4         106m   4504Mi   
16:12:06 rearm-keycloak-0                       2m     719Mi    
16:12:06 rearm-keycloak-postgres-0              1m     34Mi     
16:12:06 rearm-oci-artifact-5c69f5fd94-tvhcg    13m    52Mi     
16:12:06 rearm-postgresql-0                     531m   432Mi    
16:12:06 rearm-rebom-backend-768fd58455-46nwc   1m     88Mi     
16:12:06 rearm-rebom-backend-768fd58455-dp9ps   1m     92Mi     
16:12:06 rearm-rebom-backend-768fd58455-tmqdc   16m    82Mi     
16:12:06 rearm-rebom-backend-768fd58455-vkfb5   1m     115Mi    
16:12:06 rearm-rebom-postgres-0                 25m    155Mi    
16:12:06 rearm-ui-5c9b8ddf9d-krkqk              1m     2Mi      
16:12:06 testreg-66bb8f476c-wt2mf               1m     44Mi     
16:12:06 zottest-ff7cfd65c-xbgvk                2m     680Mi    
16:12:37 rearm-backend-6d79d5dcc8-rj9w4         46m    4504Mi   
16:12:37 rearm-keycloak-0                       2m     719Mi    
16:12:37 rearm-keycloak-postgres-0              1m     34Mi     
16:12:37 rearm-oci-artifact-5c69f5fd94-tvhcg    8m     52Mi     
16:12:37 rearm-postgresql-0                     524m   431Mi    
16:12:37 rearm-rebom-backend-768fd58455-46nwc   0m     88Mi     
16:12:37 rearm-rebom-backend-768fd58455-dp9ps   0m     92Mi     
16:12:37 rearm-rebom-backend-768fd58455-tmqdc   11m    93Mi     
16:12:37 rearm-rebom-backend-768fd58455-vkfb5   0m     115Mi    
16:12:37 rearm-rebom-postgres-0                 27m    155Mi    
16:12:37 rearm-ui-5c9b8ddf9d-krkqk              1m     2Mi      
16:12:37 testreg-66bb8f476c-wt2mf               1m     44Mi     
16:12:37 zottest-ff7cfd65c-xbgvk                2m     680Mi    
16:13:08 rearm-backend-6d79d5dcc8-rj9w4         69m    4504Mi   
16:13:08 rearm-keycloak-0                       2m     719Mi    
16:13:08 rearm-keycloak-postgres-0              1m     34Mi     
16:13:08 rearm-oci-artifact-5c69f5fd94-tvhcg    8m     51Mi     
16:13:08 rearm-postgresql-0                     525m   430Mi    
16:13:08 rearm-rebom-backend-768fd58455-46nwc   1m     88Mi     
16:13:08 rearm-rebom-backend-768fd58455-dp9ps   1m     92Mi     
16:13:08 rearm-rebom-backend-768fd58455-tmqdc   10m    96Mi     
16:13:08 rearm-rebom-backend-768fd58455-vkfb5   1m     115Mi    
16:13:08 rearm-rebom-postgres-0                 26m    155Mi    
16:13:08 rearm-ui-5c9b8ddf9d-krkqk              1m     2Mi      
16:13:08 testreg-66bb8f476c-wt2mf               1m     44Mi     
16:13:08 zottest-ff7cfd65c-xbgvk                2m     680Mi    
16:13:39 rearm-backend-6d79d5dcc8-rj9w4         51m    4504Mi   
16:13:39 rearm-keycloak-0                       2m     719Mi    
16:13:39 rearm-keycloak-postgres-0              1m     34Mi     
16:13:39 rearm-oci-artifact-5c69f5fd94-tvhcg    8m     53Mi     
16:13:39 rearm-postgresql-0                     548m   427Mi    
16:13:39 rearm-rebom-backend-768fd58455-46nwc   1m     88Mi     
16:13:39 rearm-rebom-backend-768fd58455-dp9ps   1m     92Mi     
16:13:39 rearm-rebom-backend-768fd58455-tmqdc   11m    94Mi     
16:13:39 rearm-rebom-backend-768fd58455-vkfb5   1m     115Mi    
16:13:39 rearm-rebom-postgres-0                 25m    155Mi    
16:13:39 rearm-ui-5c9b8ddf9d-krkqk              1m     2Mi      
16:13:39 testreg-66bb8f476c-wt2mf               1m     44Mi     
16:13:39 zottest-ff7cfd65c-xbgvk                2m     680Mi    
16:14:09 rearm-backend-6d79d5dcc8-rj9w4         82m    4504Mi   
16:14:09 rearm-keycloak-0                       2m     719Mi    
16:14:09 rearm-keycloak-postgres-0              1m     34Mi     
16:14:09 rearm-oci-artifact-5c69f5fd94-tvhcg    13m    48Mi     
16:14:09 rearm-postgresql-0                     417m   442Mi    
16:14:09 rearm-rebom-backend-768fd58455-46nwc   0m     88Mi     
16:14:09 rearm-rebom-backend-768fd58455-dp9ps   0m     92Mi     
16:14:09 rearm-rebom-backend-768fd58455-tmqdc   10m    96Mi     
16:14:09 rearm-rebom-backend-768fd58455-vkfb5   0m     115Mi    
16:14:09 rearm-rebom-postgres-0                 32m    155Mi    
16:14:09 rearm-ui-5c9b8ddf9d-krkqk              1m     2Mi      
16:14:09 testreg-66bb8f476c-wt2mf               1m     44Mi     
16:14:09 zottest-ff7cfd65c-xbgvk                2m     725Mi    
16:14:40 rearm-backend-6d79d5dcc8-rj9w4         46m    4504Mi   
16:14:40 rearm-keycloak-0                       2m     719Mi    
16:14:40 rearm-keycloak-postgres-0              1m     34Mi     
16:14:40 rearm-oci-artifact-5c69f5fd94-tvhcg    10m    54Mi     
16:14:40 rearm-postgresql-0                     507m   498Mi    
16:14:40 rearm-rebom-backend-768fd58455-46nwc   1m     88Mi     
16:14:40 rearm-rebom-backend-768fd58455-dp9ps   1m     92Mi     
16:14:40 rearm-rebom-backend-768fd58455-tmqdc   12m    94Mi     
16:14:40 rearm-rebom-backend-768fd58455-vkfb5   1m     115Mi    
16:14:40 rearm-rebom-postgres-0                 24m    155Mi    
16:14:40 rearm-ui-5c9b8ddf9d-krkqk              1m     2Mi      
16:14:40 testreg-66bb8f476c-wt2mf               1m     44Mi     
16:14:40 zottest-ff7cfd65c-xbgvk                3m     725Mi    
16:15:11 rearm-backend-6d79d5dcc8-rj9w4         44m    4504Mi   
16:15:11 rearm-keycloak-0                       2m     719Mi    
16:15:11 rearm-keycloak-postgres-0              1m     34Mi     
16:15:11 rearm-oci-artifact-5c69f5fd94-tvhcg    7m     53Mi     
16:15:11 rearm-postgresql-0                     526m   1208Mi   
16:15:11 rearm-rebom-backend-768fd58455-46nwc   1m     88Mi     
16:15:11 rearm-rebom-backend-768fd58455-dp9ps   1m     92Mi     
16:15:11 rearm-rebom-backend-768fd58455-tmqdc   9m     96Mi     
16:15:11 rearm-rebom-backend-768fd58455-vkfb5   0m     115Mi    
16:15:11 rearm-rebom-postgres-0                 24m    155Mi    
16:15:11 rearm-ui-5c9b8ddf9d-krkqk              1m     2Mi      
16:15:11 testreg-66bb8f476c-wt2mf               1m     44Mi     
16:15:11 zottest-ff7cfd65c-xbgvk                2m     725Mi    
16:15:42 rearm-backend-6d79d5dcc8-rj9w4         47m    4504Mi   
16:15:42 rearm-keycloak-0                       2m     719Mi    
16:15:42 rearm-keycloak-postgres-0              1m     34Mi     
16:15:42 rearm-oci-artifact-5c69f5fd94-tvhcg    8m     50Mi     
16:15:42 rearm-postgresql-0                     560m   1231Mi   
16:15:42 rearm-rebom-backend-768fd58455-46nwc   1m     88Mi     
16:15:42 rearm-rebom-backend-768fd58455-dp9ps   0m     92Mi     
16:15:42 rearm-rebom-backend-768fd58455-tmqdc   14m    103Mi    
16:15:42 rearm-rebom-backend-768fd58455-vkfb5   1m     115Mi    
16:15:42 rearm-rebom-postgres-0                 26m    155Mi    
16:15:42 rearm-ui-5c9b8ddf9d-krkqk              1m     2Mi      
16:15:42 testreg-66bb8f476c-wt2mf               1m     44Mi     
16:15:42 zottest-ff7cfd65c-xbgvk                3m     725Mi    
16:16:13 rearm-backend-6d79d5dcc8-rj9w4         82m    4414Mi   
16:16:13 rearm-keycloak-0                       2m     719Mi    
16:16:13 rearm-keycloak-postgres-0              1m     34Mi     
16:16:13 rearm-oci-artifact-5c69f5fd94-tvhcg    13m    50Mi     
16:16:13 rearm-postgresql-0                     501m   1256Mi   
16:16:13 rearm-rebom-backend-768fd58455-46nwc   1m     88Mi     
16:16:13 rearm-rebom-backend-768fd58455-dp9ps   1m     92Mi     
16:16:13 rearm-rebom-backend-768fd58455-tmqdc   11m    114Mi    
16:16:13 rearm-rebom-backend-768fd58455-vkfb5   0m     115Mi    
16:16:13 rearm-rebom-postgres-0                 32m    155Mi    
16:16:13 rearm-ui-5c9b8ddf9d-krkqk              1m     2Mi      
16:16:13 testreg-66bb8f476c-wt2mf               1m     44Mi     
16:16:13 zottest-ff7cfd65c-xbgvk                2m     706Mi    
16:16:44 rearm-backend-6d79d5dcc8-rj9w4         48m    4233Mi   
16:16:44 rearm-keycloak-0                       2m     719Mi    
16:16:44 rearm-keycloak-postgres-0              1m     34Mi     
16:16:44 rearm-oci-artifact-5c69f5fd94-tvhcg    7m     48Mi     
16:16:44 rearm-postgresql-0                     567m   1264Mi   
16:16:44 rearm-rebom-backend-768fd58455-46nwc   0m     88Mi     
16:16:44 rearm-rebom-backend-768fd58455-dp9ps   1m     92Mi     
16:16:44 rearm-rebom-backend-768fd58455-tmqdc   13m    113Mi    
16:16:44 rearm-rebom-backend-768fd58455-vkfb5   1m     115Mi    
16:16:44 rearm-rebom-postgres-0                 24m    155Mi    
16:16:44 rearm-ui-5c9b8ddf9d-krkqk              1m     2Mi      
16:16:44 testreg-66bb8f476c-wt2mf               1m     44Mi     
16:16:44 zottest-ff7cfd65c-xbgvk                3m     706Mi    
16:17:14 rearm-backend-6d79d5dcc8-rj9w4         146m   4053Mi   
16:17:14 rearm-keycloak-0                       2m     719Mi    
16:17:14 rearm-keycloak-postgres-0              1m     34Mi     
16:17:14 rearm-oci-artifact-5c69f5fd94-tvhcg    8m     51Mi     
16:17:14 rearm-postgresql-0                     590m   1287Mi   
16:17:14 rearm-rebom-backend-768fd58455-46nwc   1m     88Mi     
16:17:14 rearm-rebom-backend-768fd58455-dp9ps   0m     92Mi     
16:17:14 rearm-rebom-backend-768fd58455-tmqdc   9m     115Mi    
16:17:14 rearm-rebom-backend-768fd58455-vkfb5   1m     115Mi    
16:17:14 rearm-rebom-postgres-0                 24m    155Mi    
16:17:14 rearm-ui-5c9b8ddf9d-krkqk              1m     2Mi      
16:17:14 testreg-66bb8f476c-wt2mf               1m     44Mi     
16:17:14 zottest-ff7cfd65c-xbgvk                2m     706Mi    
16:17:45 rearm-backend-6d79d5dcc8-rj9w4         990m   7671Mi   
16:17:45 rearm-keycloak-0                       2m     719Mi    
16:17:45 rearm-keycloak-postgres-0              1m     34Mi     
16:17:45 rearm-oci-artifact-5c69f5fd94-tvhcg    7m     52Mi     
16:17:45 rearm-postgresql-0                     987m   1391Mi   
16:17:45 rearm-rebom-backend-768fd58455-46nwc   1m     88Mi     
16:17:45 rearm-rebom-backend-768fd58455-dp9ps   1m     92Mi     
16:17:45 rearm-rebom-backend-768fd58455-tmqdc   9m     117Mi    
16:17:45 rearm-rebom-backend-768fd58455-vkfb5   0m     115Mi    
16:17:45 rearm-rebom-postgres-0                 24m    155Mi    
16:17:45 rearm-ui-5c9b8ddf9d-krkqk              1m     2Mi      
16:17:45 testreg-66bb8f476c-wt2mf               1m     44Mi     
16:17:45 zottest-ff7cfd65c-xbgvk                2m     706Mi    
16:18:16 rearm-backend-6d79d5dcc8-rj9w4         984m   7672Mi   
16:18:16 rearm-keycloak-0                       2m     719Mi    
16:18:16 rearm-keycloak-postgres-0              1m     34Mi     
16:18:16 rearm-oci-artifact-5c69f5fd94-tvhcg    11m    51Mi     
16:18:16 rearm-postgresql-0                     862m   1399Mi   
16:18:16 rearm-rebom-backend-768fd58455-46nwc   0m     88Mi     
16:18:16 rearm-rebom-backend-768fd58455-dp9ps   0m     92Mi     
16:18:16 rearm-rebom-backend-768fd58455-tmqdc   13m    114Mi    
16:18:16 rearm-rebom-backend-768fd58455-vkfb5   1m     115Mi    
16:18:16 rearm-rebom-postgres-0                 24m    155Mi    
16:18:16 rearm-ui-5c9b8ddf9d-krkqk              1m     2Mi      
16:18:16 testreg-66bb8f476c-wt2mf               1m     44Mi     
16:18:16 zottest-ff7cfd65c-xbgvk                3m     682Mi    
16:18:47 rearm-backend-6d79d5dcc8-rj9w4         63m    7671Mi   
16:18:47 rearm-keycloak-0                       2m     719Mi    
16:18:47 rearm-keycloak-postgres-0              1m     34Mi     
16:18:47 rearm-oci-artifact-5c69f5fd94-tvhcg    8m     52Mi     
16:18:47 rearm-postgresql-0                     569m   1404Mi   
16:18:47 rearm-rebom-backend-768fd58455-46nwc   0m     88Mi     
16:18:47 rearm-rebom-backend-768fd58455-dp9ps   1m     92Mi     
16:18:47 rearm-rebom-backend-768fd58455-tmqdc   9m     117Mi    
16:18:47 rearm-rebom-backend-768fd58455-vkfb5   0m     115Mi    
16:18:47 rearm-rebom-postgres-0                 24m    155Mi    
16:18:47 rearm-ui-5c9b8ddf9d-krkqk              1m     2Mi      
16:18:47 testreg-66bb8f476c-wt2mf               1m     44Mi     
16:18:47 zottest-ff7cfd65c-xbgvk                2m     682Mi    
16:19:18 rearm-backend-6d79d5dcc8-rj9w4         45m    7671Mi   
16:19:18 rearm-keycloak-0                       2m     719Mi    
16:19:18 rearm-keycloak-postgres-0              1m     34Mi     
16:19:18 rearm-oci-artifact-5c69f5fd94-tvhcg    7m     49Mi     
16:19:18 rearm-postgresql-0                     564m   1407Mi   
16:19:18 rearm-rebom-backend-768fd58455-46nwc   8m     64Mi     
16:19:18 rearm-rebom-backend-768fd58455-dp9ps   0m     92Mi     
16:19:18 rearm-rebom-backend-768fd58455-tmqdc   9m     117Mi    
16:19:18 rearm-rebom-backend-768fd58455-vkfb5   1m     115Mi    
16:19:18 rearm-rebom-postgres-0                 25m    157Mi    
16:19:18 rearm-ui-5c9b8ddf9d-krkqk              1m     2Mi      
16:19:18 testreg-66bb8f476c-wt2mf               1m     44Mi     
16:19:18 zottest-ff7cfd65c-xbgvk                2m     682Mi    
16:19:49 rearm-backend-6d79d5dcc8-rj9w4         46m    7671Mi   
16:19:49 rearm-keycloak-0                       2m     719Mi    
16:19:49 rearm-keycloak-postgres-0              1m     34Mi     
16:19:49 rearm-oci-artifact-5c69f5fd94-tvhcg    7m     51Mi     
16:19:49 rearm-postgresql-0                     570m   1408Mi   
16:19:49 rearm-rebom-backend-768fd58455-46nwc   9m     69Mi     
16:19:49 rearm-rebom-backend-768fd58455-dp9ps   1m     92Mi     
16:19:49 rearm-rebom-backend-768fd58455-tmqdc   0m     117Mi    
16:19:49 rearm-rebom-backend-768fd58455-vkfb5   1m     115Mi    
16:19:49 rearm-rebom-postgres-0                 24m    155Mi    
16:19:49 rearm-ui-5c9b8ddf9d-krkqk              1m     2Mi      
16:19:49 testreg-66bb8f476c-wt2mf               1m     44Mi     
16:19:49 zottest-ff7cfd65c-xbgvk                2m     682Mi    
16:20:20 rearm-backend-6d79d5dcc8-rj9w4         87m    7671Mi   
16:20:20 rearm-keycloak-0                       2m     719Mi    
16:20:20 rearm-keycloak-postgres-0              1m     34Mi     
16:20:20 rearm-oci-artifact-5c69f5fd94-tvhcg    11m    54Mi     
16:20:20 rearm-postgresql-0                     499m   1409Mi   
16:20:20 rearm-rebom-backend-768fd58455-46nwc   13m    73Mi     
16:20:20 rearm-rebom-backend-768fd58455-dp9ps   1m     92Mi     
16:20:20 rearm-rebom-backend-768fd58455-tmqdc   1m     117Mi    
16:20:20 rearm-rebom-backend-768fd58455-vkfb5   1m     115Mi    
16:20:20 rearm-rebom-postgres-0                 31m    155Mi    
16:20:20 rearm-ui-5c9b8ddf9d-krkqk              1m     2Mi      
16:20:20 testreg-66bb8f476c-wt2mf               1m     44Mi     
16:20:20 zottest-ff7cfd65c-xbgvk                3m     681Mi    
16:20:50 rearm-backend-6d79d5dcc8-rj9w4         71m    7671Mi   
16:20:50 rearm-keycloak-0                       2m     719Mi    
16:20:50 rearm-keycloak-postgres-0              1m     34Mi     
16:20:50 rearm-oci-artifact-5c69f5fd94-tvhcg    7m     51Mi     
16:20:50 rearm-postgresql-0                     538m   1412Mi   
16:20:50 rearm-rebom-backend-768fd58455-46nwc   8m     76Mi     
16:20:50 rearm-rebom-backend-768fd58455-dp9ps   1m     92Mi     
16:20:50 rearm-rebom-backend-768fd58455-tmqdc   1m     117Mi    
16:20:50 rearm-rebom-backend-768fd58455-vkfb5   0m     115Mi    
16:20:50 rearm-rebom-postgres-0                 24m    155Mi    
16:20:50 rearm-ui-5c9b8ddf9d-krkqk              1m     2Mi      
16:20:50 testreg-66bb8f476c-wt2mf               1m     44Mi     
16:20:50 zottest-ff7cfd65c-xbgvk                2m     681Mi    
16:21:21 rearm-backend-6d79d5dcc8-rj9w4         49m    7671Mi   
16:21:21 rearm-keycloak-0                       2m     719Mi    
16:21:21 rearm-keycloak-postgres-0              1m     34Mi     
16:21:21 rearm-oci-artifact-5c69f5fd94-tvhcg    7m     52Mi     
16:21:21 rearm-postgresql-0                     559m   1407Mi   
16:21:21 rearm-rebom-backend-768fd58455-46nwc   10m    74Mi     
16:21:21 rearm-rebom-backend-768fd58455-dp9ps   0m     92Mi     
16:21:21 rearm-rebom-backend-768fd58455-tmqdc   1m     117Mi    
16:21:21 rearm-rebom-backend-768fd58455-vkfb5   1m     115Mi    
16:21:21 rearm-rebom-postgres-0                 24m    155Mi    
16:21:21 rearm-ui-5c9b8ddf9d-krkqk              1m     2Mi      
16:21:21 testreg-66bb8f476c-wt2mf               1m     44Mi     
16:21:21 zottest-ff7cfd65c-xbgvk                2m     681Mi    
16:21:52 rearm-backend-6d79d5dcc8-rj9w4         68m    7671Mi   
16:21:52 rearm-keycloak-0                       2m     719Mi    
16:21:52 rearm-keycloak-postgres-0              1m     34Mi     
16:21:52 rearm-oci-artifact-5c69f5fd94-tvhcg    7m     50Mi     
16:21:52 rearm-postgresql-0                     535m   1396Mi   
16:21:52 rearm-rebom-backend-768fd58455-46nwc   9m     86Mi     
16:21:52 rearm-rebom-backend-768fd58455-dp9ps   1m     92Mi     
16:21:52 rearm-rebom-backend-768fd58455-tmqdc   1m     117Mi    
16:21:52 rearm-rebom-backend-768fd58455-vkfb5   1m     115Mi    
16:21:52 rearm-rebom-postgres-0                 25m    155Mi    
16:21:52 rearm-ui-5c9b8ddf9d-krkqk              1m     2Mi      
16:21:52 testreg-66bb8f476c-wt2mf               1m     44Mi     
16:21:52 zottest-ff7cfd65c-xbgvk                3m     681Mi    
16:22:23 rearm-backend-6d79d5dcc8-rj9w4         80m    7671Mi   
16:22:23 rearm-keycloak-0                       2m     719Mi    
16:22:23 rearm-keycloak-postgres-0              1m     34Mi     
16:22:23 rearm-oci-artifact-5c69f5fd94-tvhcg    7m     49Mi     
16:22:23 rearm-postgresql-0                     545m   1392Mi   
16:22:23 rearm-rebom-backend-768fd58455-46nwc   10m    87Mi     
16:22:23 rearm-rebom-backend-768fd58455-dp9ps   1m     92Mi     
16:22:23 rearm-rebom-backend-768fd58455-tmqdc   1m     117Mi    
16:22:23 rearm-rebom-backend-768fd58455-vkfb5   0m     115Mi    
16:22:23 rearm-rebom-postgres-0                 31m    155Mi    
16:22:23 rearm-ui-5c9b8ddf9d-krkqk              1m     2Mi      
16:22:23 testreg-66bb8f476c-wt2mf               1m     44Mi     
16:22:23 zottest-ff7cfd65c-xbgvk                2m     681Mi    
16:22:54 rearm-backend-6d79d5dcc8-rj9w4         44m    7671Mi   
16:22:54 rearm-keycloak-0                       2m     719Mi    
16:22:54 rearm-keycloak-postgres-0              1m     34Mi     
16:22:54 rearm-oci-artifact-5c69f5fd94-tvhcg    7m     48Mi     
16:22:54 rearm-postgresql-0                     548m   1392Mi   
16:22:54 rearm-rebom-backend-768fd58455-46nwc   12m    88Mi     
16:22:54 rearm-rebom-backend-768fd58455-dp9ps   0m     92Mi     
16:22:54 rearm-rebom-backend-768fd58455-tmqdc   0m     117Mi    
16:22:54 rearm-rebom-backend-768fd58455-vkfb5   1m     115Mi    
16:22:54 rearm-rebom-postgres-0                 26m    155Mi    
16:22:54 rearm-ui-5c9b8ddf9d-krkqk              1m     2Mi      
16:22:54 testreg-66bb8f476c-wt2mf               1m     44Mi     
16:22:54 zottest-ff7cfd65c-xbgvk                2m     681Mi    
16:23:24 rearm-backend-6d79d5dcc8-rj9w4         42m    7671Mi   
16:23:24 rearm-keycloak-0                       2m     719Mi    
16:23:24 rearm-keycloak-postgres-0              1m     34Mi     
16:23:24 rearm-oci-artifact-5c69f5fd94-tvhcg    7m     50Mi     
16:23:24 rearm-postgresql-0                     554m   1386Mi   
16:23:24 rearm-rebom-backend-768fd58455-46nwc   9m     88Mi     
16:23:24 rearm-rebom-backend-768fd58455-dp9ps   1m     92Mi     
16:23:24 rearm-rebom-backend-768fd58455-tmqdc   1m     117Mi    
16:23:24 rearm-rebom-backend-768fd58455-vkfb5   0m     115Mi    
16:23:24 rearm-rebom-postgres-0                 25m    155Mi    
16:23:24 rearm-ui-5c9b8ddf9d-krkqk              1m     2Mi      
16:23:24 testreg-66bb8f476c-wt2mf               1m     44Mi     
16:23:24 zottest-ff7cfd65c-xbgvk                2m     681Mi    
16:23:55 rearm-backend-6d79d5dcc8-rj9w4         41m    7671Mi   
16:23:55 rearm-keycloak-0                       2m     719Mi    
16:23:55 rearm-keycloak-postgres-0              1m     34Mi     
16:23:55 rearm-oci-artifact-5c69f5fd94-tvhcg    7m     53Mi     
16:23:55 rearm-postgresql-0                     535m   1381Mi   
16:23:55 rearm-rebom-backend-768fd58455-46nwc   8m     90Mi     
16:23:55 rearm-rebom-backend-768fd58455-dp9ps   0m     92Mi     
16:23:55 rearm-rebom-backend-768fd58455-tmqdc   0m     117Mi    
16:23:55 rearm-rebom-backend-768fd58455-vkfb5   0m     115Mi    
16:23:55 rearm-rebom-postgres-0                 23m    155Mi    
16:23:55 rearm-ui-5c9b8ddf9d-krkqk              1m     2Mi      
16:23:55 testreg-66bb8f476c-wt2mf               1m     44Mi     
16:23:55 zottest-ff7cfd65c-xbgvk                3m     681Mi    
16:24:26 rearm-backend-6d79d5dcc8-rj9w4         53m    7671Mi   
16:24:26 rearm-keycloak-0                       2m     719Mi    
16:24:26 rearm-keycloak-postgres-0              1m     34Mi     
16:24:26 rearm-oci-artifact-5c69f5fd94-tvhcg    8m     51Mi     
16:24:26 rearm-postgresql-0                     560m   1392Mi   
16:24:26 rearm-rebom-backend-768fd58455-46nwc   1m     90Mi     
16:24:26 rearm-rebom-backend-768fd58455-dp9ps   1m     92Mi     
16:24:26 rearm-rebom-backend-768fd58455-tmqdc   7m     63Mi     
16:24:26 rearm-rebom-backend-768fd58455-vkfb5   0m     115Mi    
16:24:26 rearm-rebom-postgres-0                 24m    155Mi    
16:24:26 rearm-ui-5c9b8ddf9d-krkqk              1m     2Mi      
16:24:26 testreg-66bb8f476c-wt2mf               1m     44Mi     
16:24:26 zottest-ff7cfd65c-xbgvk                2m     681Mi    
16:24:57 rearm-backend-6d79d5dcc8-rj9w4         63m    7672Mi   
16:24:57 rearm-keycloak-0                       2m     719Mi    
16:24:57 rearm-keycloak-postgres-0              1m     34Mi     
16:24:57 rearm-oci-artifact-5c69f5fd94-tvhcg    7m     53Mi     
16:24:57 rearm-postgresql-0                     528m   1392Mi   
16:24:57 rearm-rebom-backend-768fd58455-46nwc   0m     90Mi     
16:24:57 rearm-rebom-backend-768fd58455-dp9ps   0m     92Mi     
16:24:57 rearm-rebom-backend-768fd58455-tmqdc   12m    66Mi     
16:24:57 rearm-rebom-backend-768fd58455-vkfb5   1m     115Mi    
16:24:57 rearm-rebom-postgres-0                 24m    155Mi    
16:24:57 rearm-ui-5c9b8ddf9d-krkqk              1m     2Mi      
16:24:57 testreg-66bb8f476c-wt2mf               1m     44Mi     
16:24:57 zottest-ff7cfd65c-xbgvk                2m     681Mi    
16:25:28 rearm-backend-6d79d5dcc8-rj9w4         49m    7671Mi   
16:25:28 rearm-keycloak-0                       2m     719Mi    
16:25:28 rearm-keycloak-postgres-0              1m     34Mi     
16:25:28 rearm-oci-artifact-5c69f5fd94-tvhcg    8m     49Mi     
16:25:28 rearm-postgresql-0                     539m   1608Mi   
16:25:28 rearm-rebom-backend-768fd58455-46nwc   1m     90Mi     
16:25:28 rearm-rebom-backend-768fd58455-dp9ps   1m     92Mi     
16:25:28 rearm-rebom-backend-768fd58455-tmqdc   14m    75Mi     
16:25:28 rearm-rebom-backend-768fd58455-vkfb5   0m     115Mi    
16:25:28 rearm-rebom-postgres-0                 25m    155Mi    
16:25:28 rearm-ui-5c9b8ddf9d-krkqk              1m     2Mi      
16:25:28 testreg-66bb8f476c-wt2mf               1m     44Mi     
16:25:28 zottest-ff7cfd65c-xbgvk                2m     681Mi    
16:25:59 rearm-backend-6d79d5dcc8-rj9w4         56m    7671Mi   
16:25:59 rearm-keycloak-0                       2m     719Mi    
16:25:59 rearm-keycloak-postgres-0              1m     34Mi     
16:25:59 rearm-oci-artifact-5c69f5fd94-tvhcg    8m     51Mi     
16:25:59 rearm-postgresql-0                     557m   1604Mi   
16:25:59 rearm-rebom-backend-768fd58455-46nwc   0m     90Mi     
16:25:59 rearm-rebom-backend-768fd58455-dp9ps   0m     92Mi     
16:25:59 rearm-rebom-backend-768fd58455-tmqdc   9m     76Mi     
16:25:59 rearm-rebom-backend-768fd58455-vkfb5   0m     115Mi    
16:25:59 rearm-rebom-postgres-0                 24m    155Mi    
16:25:59 rearm-ui-5c9b8ddf9d-krkqk              1m     2Mi      
16:25:59 testreg-66bb8f476c-wt2mf               1m     44Mi     
16:25:59 zottest-ff7cfd65c-xbgvk                2m     681Mi    
16:26:29 rearm-backend-6d79d5dcc8-rj9w4         53m    7671Mi   
16:26:29 rearm-keycloak-0                       2m     719Mi    
16:26:29 rearm-keycloak-postgres-0              1m     34Mi     
16:26:29 rearm-oci-artifact-5c69f5fd94-tvhcg    7m     49Mi     
16:26:29 rearm-postgresql-0                     540m   1606Mi   
16:26:29 rearm-rebom-backend-768fd58455-46nwc   0m     90Mi     
16:26:29 rearm-rebom-backend-768fd58455-dp9ps   1m     92Mi     
16:26:29 rearm-rebom-backend-768fd58455-tmqdc   10m    80Mi     
16:26:29 rearm-rebom-backend-768fd58455-vkfb5   0m     115Mi    
16:26:29 rearm-rebom-postgres-0                 24m    155Mi    
16:26:29 rearm-ui-5c9b8ddf9d-krkqk              1m     2Mi      
16:26:29 testreg-66bb8f476c-wt2mf               1m     44Mi     
16:26:29 zottest-ff7cfd65c-xbgvk                3m     681Mi    
16:27:00 rearm-backend-6d79d5dcc8-rj9w4         43m    7672Mi   
16:27:00 rearm-keycloak-0                       2m     719Mi    
16:27:00 rearm-keycloak-postgres-0              1m     34Mi     
16:27:00 rearm-oci-artifact-5c69f5fd94-tvhcg    7m     49Mi     
16:27:00 rearm-postgresql-0                     565m   1607Mi   
16:27:00 rearm-rebom-backend-768fd58455-46nwc   0m     90Mi     
16:27:00 rearm-rebom-backend-768fd58455-dp9ps   0m     92Mi     
16:27:00 rearm-rebom-backend-768fd58455-tmqdc   12m    76Mi     
16:27:00 rearm-rebom-backend-768fd58455-vkfb5   1m     115Mi    
16:27:00 rearm-rebom-postgres-0                 24m    155Mi    
16:27:00 rearm-ui-5c9b8ddf9d-krkqk              1m     2Mi      
16:27:00 testreg-66bb8f476c-wt2mf               1m     44Mi     
16:27:00 zottest-ff7cfd65c-xbgvk                2m     681Mi    
16:27:31 rearm-backend-6d79d5dcc8-rj9w4         56m    7672Mi   
16:27:31 rearm-keycloak-0                       2m     719Mi    
16:27:31 rearm-keycloak-postgres-0              1m     34Mi     
16:27:31 rearm-oci-artifact-5c69f5fd94-tvhcg    7m     50Mi     
16:27:31 rearm-postgresql-0                     650m   1616Mi   
16:27:31 rearm-rebom-backend-768fd58455-46nwc   1m     90Mi     
16:27:31 rearm-rebom-backend-768fd58455-dp9ps   0m     92Mi     
16:27:31 rearm-rebom-backend-768fd58455-tmqdc   10m    94Mi     
16:27:31 rearm-rebom-backend-768fd58455-vkfb5   1m     115Mi    
16:27:31 rearm-rebom-postgres-0                 25m    155Mi    
16:27:31 rearm-ui-5c9b8ddf9d-krkqk              1m     2Mi      
16:27:31 testreg-66bb8f476c-wt2mf               1m     44Mi     
16:27:31 zottest-ff7cfd65c-xbgvk                2m     681Mi    
16:28:02 rearm-backend-6d79d5dcc8-rj9w4         48m    7311Mi   
16:28:02 rearm-keycloak-0                       2m     719Mi    
16:28:02 rearm-keycloak-postgres-0              1m     34Mi     
16:28:02 rearm-oci-artifact-5c69f5fd94-tvhcg    7m     49Mi     
16:28:02 rearm-postgresql-0                     544m   1619Mi   
16:28:02 rearm-rebom-backend-768fd58455-46nwc   1m     90Mi     
16:28:02 rearm-rebom-backend-768fd58455-dp9ps   0m     92Mi     
16:28:02 rearm-rebom-backend-768fd58455-tmqdc   9m     95Mi     
16:28:02 rearm-rebom-backend-768fd58455-vkfb5   0m     115Mi    
16:28:02 rearm-rebom-postgres-0                 24m    155Mi    
16:28:02 rearm-ui-5c9b8ddf9d-krkqk              1m     2Mi      
16:28:02 testreg-66bb8f476c-wt2mf               1m     44Mi     
16:28:02 zottest-ff7cfd65c-xbgvk                2m     681Mi    
16:28:33 rearm-backend-6d79d5dcc8-rj9w4         96m    6948Mi   
16:28:33 rearm-keycloak-0                       2m     719Mi    
16:28:33 rearm-keycloak-postgres-0              1m     34Mi     
16:28:33 rearm-oci-artifact-5c69f5fd94-tvhcg    10m    50Mi     
16:28:33 rearm-postgresql-0                     542m   1619Mi   
16:28:33 rearm-rebom-backend-768fd58455-46nwc   0m     90Mi     
16:28:33 rearm-rebom-backend-768fd58455-dp9ps   1m     92Mi     
16:28:33 rearm-rebom-backend-768fd58455-tmqdc   14m    93Mi     
16:28:33 rearm-rebom-backend-768fd58455-vkfb5   0m     115Mi    
16:28:33 rearm-rebom-postgres-0                 24m    155Mi    
16:28:33 rearm-ui-5c9b8ddf9d-krkqk              1m     2Mi      
16:28:33 testreg-66bb8f476c-wt2mf               1m     44Mi     
16:28:33 zottest-ff7cfd65c-xbgvk                2m     681Mi    
16:29:04 rearm-backend-6d79d5dcc8-rj9w4         49m    6406Mi   
16:29:04 rearm-keycloak-0                       2m     719Mi    
16:29:04 rearm-keycloak-postgres-0              1m     34Mi     
16:29:04 rearm-oci-artifact-5c69f5fd94-tvhcg    7m     49Mi     
16:29:04 rearm-postgresql-0                     567m   1622Mi   
16:29:04 rearm-rebom-backend-768fd58455-46nwc   0m     90Mi     
16:29:04 rearm-rebom-backend-768fd58455-dp9ps   1m     92Mi     
16:29:04 rearm-rebom-backend-768fd58455-tmqdc   9m     95Mi     
16:29:04 rearm-rebom-backend-768fd58455-vkfb5   1m     115Mi    
16:29:04 rearm-rebom-postgres-0                 24m    155Mi    
16:29:04 rearm-ui-5c9b8ddf9d-krkqk              1m     2Mi      
16:29:04 testreg-66bb8f476c-wt2mf               1m     44Mi     
16:29:04 zottest-ff7cfd65c-xbgvk                2m     681Mi    
16:29:34 rearm-backend-6d79d5dcc8-rj9w4         57m    5863Mi   
16:29:34 rearm-keycloak-0                       2m     719Mi    
16:29:34 rearm-keycloak-postgres-0              1m     34Mi     
16:29:34 rearm-oci-artifact-5c69f5fd94-tvhcg    6m     51Mi     
16:29:34 rearm-postgresql-0                     596m   1684Mi   
16:29:34 rearm-rebom-backend-768fd58455-46nwc   1m     90Mi     
16:29:34 rearm-rebom-backend-768fd58455-dp9ps   15m    62Mi     
16:29:34 rearm-rebom-backend-768fd58455-tmqdc   3m     96Mi     
16:29:34 rearm-rebom-backend-768fd58455-vkfb5   0m     115Mi    
16:29:34 rearm-rebom-postgres-0                 24m    155Mi    
16:29:34 rearm-ui-5c9b8ddf9d-krkqk              1m     2Mi      
16:29:34 testreg-66bb8f476c-wt2mf               1m     44Mi     
16:29:34 zottest-ff7cfd65c-xbgvk                2m     681Mi    
16:30:05 rearm-backend-6d79d5dcc8-rj9w4         47m    5140Mi   
16:30:05 rearm-keycloak-0                       2m     719Mi    
16:30:05 rearm-keycloak-postgres-0              1m     34Mi     
16:30:05 rearm-oci-artifact-5c69f5fd94-tvhcg    13m    56Mi     
16:30:05 rearm-postgresql-0                     511m   1688Mi   
16:30:05 rearm-rebom-backend-768fd58455-46nwc   1m     90Mi     
16:30:05 rearm-rebom-backend-768fd58455-dp9ps   11m    70Mi     
16:30:05 rearm-rebom-backend-768fd58455-tmqdc   0m     96Mi     
16:30:05 rearm-rebom-backend-768fd58455-vkfb5   1m     115Mi    
16:30:05 rearm-rebom-postgres-0                 31m    155Mi    
16:30:05 rearm-ui-5c9b8ddf9d-krkqk              1m     2Mi      
16:30:05 testreg-66bb8f476c-wt2mf               1m     44Mi     
16:30:05 zottest-ff7cfd65c-xbgvk                3m     681Mi    
16:30:36 rearm-backend-6d79d5dcc8-rj9w4         48m    4689Mi   
16:30:36 rearm-keycloak-0                       2m     719Mi    
16:30:36 rearm-keycloak-postgres-0              1m     34Mi     
16:30:36 rearm-oci-artifact-5c69f5fd94-tvhcg    7m     50Mi     
16:30:36 rearm-postgresql-0                     567m   1682Mi   
16:30:36 rearm-rebom-backend-768fd58455-46nwc   1m     90Mi     
16:30:36 rearm-rebom-backend-768fd58455-dp9ps   10m    71Mi     
16:30:36 rearm-rebom-backend-768fd58455-tmqdc   0m     96Mi     
16:30:36 rearm-rebom-backend-768fd58455-vkfb5   1m     115Mi    
16:30:36 rearm-rebom-postgres-0                 23m    155Mi    
16:30:36 rearm-ui-5c9b8ddf9d-krkqk              1m     2Mi      
16:30:36 testreg-66bb8f476c-wt2mf               1m     44Mi     
16:30:36 zottest-ff7cfd65c-xbgvk                2m     681Mi    
16:31:07 rearm-backend-6d79d5dcc8-rj9w4         68m    4617Mi   
16:31:07 rearm-keycloak-0                       2m     719Mi    
16:31:07 rearm-keycloak-postgres-0              1m     34Mi     
16:31:07 rearm-oci-artifact-5c69f5fd94-tvhcg    7m     50Mi     
16:31:07 rearm-postgresql-0                     555m   1678Mi   
16:31:07 rearm-rebom-backend-768fd58455-46nwc   0m     90Mi     
16:31:07 rearm-rebom-backend-768fd58455-dp9ps   9m     73Mi     
16:31:07 rearm-rebom-backend-768fd58455-tmqdc   1m     96Mi     
16:31:07 rearm-rebom-backend-768fd58455-vkfb5   0m     115Mi    
16:31:07 rearm-rebom-postgres-0                 25m    155Mi    
16:31:07 rearm-ui-5c9b8ddf9d-krkqk              1m     2Mi      
16:31:07 testreg-66bb8f476c-wt2mf               1m     44Mi     
16:31:07 zottest-ff7cfd65c-xbgvk                2m     681Mi    
16:31:38 rearm-backend-6d79d5dcc8-rj9w4         45m    4617Mi   
16:31:38 rearm-keycloak-0                       2m     719Mi    
16:31:38 rearm-keycloak-postgres-0              1m     34Mi     
16:31:38 rearm-oci-artifact-5c69f5fd94-tvhcg    7m     49Mi     
16:31:38 rearm-postgresql-0                     547m   1681Mi   
16:31:38 rearm-rebom-backend-768fd58455-46nwc   1m     90Mi     
16:31:38 rearm-rebom-backend-768fd58455-dp9ps   10m    82Mi     
16:31:38 rearm-rebom-backend-768fd58455-tmqdc   0m     96Mi     
16:31:38 rearm-rebom-backend-768fd58455-vkfb5   1m     115Mi    
16:31:38 rearm-rebom-postgres-0                 25m    155Mi    
16:31:38 rearm-ui-5c9b8ddf9d-krkqk              1m     2Mi      
16:31:38 testreg-66bb8f476c-wt2mf               1m     44Mi     
16:31:38 zottest-ff7cfd65c-xbgvk                2m     681Mi    
16:32:09 rearm-backend-6d79d5dcc8-rj9w4         60m    4616Mi   
16:32:09 rearm-keycloak-0                       2m     719Mi    
16:32:09 rearm-keycloak-postgres-0              1m     34Mi     
16:32:09 rearm-oci-artifact-5c69f5fd94-tvhcg    12m    51Mi     
16:32:09 rearm-postgresql-0                     506m   1677Mi   
16:32:09 rearm-rebom-backend-768fd58455-46nwc   0m     90Mi     
16:32:09 rearm-rebom-backend-768fd58455-dp9ps   9m     85Mi     
16:32:09 rearm-rebom-backend-768fd58455-tmqdc   1m     96Mi     
16:32:09 rearm-rebom-backend-768fd58455-vkfb5   0m     115Mi    
16:32:09 rearm-rebom-postgres-0                 34m    155Mi    
16:32:09 rearm-ui-5c9b8ddf9d-krkqk              1m     2Mi      
16:32:09 testreg-66bb8f476c-wt2mf               1m     44Mi     
16:32:09 zottest-ff7cfd65c-xbgvk                3m     681Mi    
16:32:39 rearm-backend-6d79d5dcc8-rj9w4         45m    4616Mi   
16:32:39 rearm-keycloak-0                       2m     719Mi    
16:32:39 rearm-keycloak-postgres-0              1m     34Mi     
16:32:39 rearm-oci-artifact-5c69f5fd94-tvhcg    7m     50Mi     
16:32:39 rearm-postgresql-0                     543m   1681Mi   
16:32:39 rearm-rebom-backend-768fd58455-46nwc   1m     90Mi     
16:32:39 rearm-rebom-backend-768fd58455-dp9ps   12m    85Mi     
16:32:39 rearm-rebom-backend-768fd58455-tmqdc   0m     96Mi     
16:32:39 rearm-rebom-backend-768fd58455-vkfb5   1m     115Mi    
16:32:39 rearm-rebom-postgres-0                 25m    155Mi    
16:32:39 rearm-ui-5c9b8ddf9d-krkqk              1m     2Mi      
16:32:39 testreg-66bb8f476c-wt2mf               1m     44Mi     
16:32:39 zottest-ff7cfd65c-xbgvk                2m     681Mi    
16:33:10 rearm-backend-6d79d5dcc8-rj9w4         46m    4616Mi   
16:33:10 rearm-keycloak-0                       2m     719Mi    
16:33:10 rearm-keycloak-postgres-0              1m     34Mi     
16:33:10 rearm-oci-artifact-5c69f5fd94-tvhcg    7m     53Mi     
16:33:10 rearm-postgresql-0                     553m   1685Mi   
16:33:10 rearm-rebom-backend-768fd58455-46nwc   1m     90Mi     
16:33:10 rearm-rebom-backend-768fd58455-dp9ps   10m    86Mi     
16:33:10 rearm-rebom-backend-768fd58455-tmqdc   1m     96Mi     
16:33:10 rearm-rebom-backend-768fd58455-vkfb5   0m     115Mi    
16:33:10 rearm-rebom-postgres-0                 24m    155Mi    
16:33:10 rearm-ui-5c9b8ddf9d-krkqk              1m     2Mi      
16:33:10 testreg-66bb8f476c-wt2mf               1m     44Mi     
16:33:10 zottest-ff7cfd65c-xbgvk                2m     681Mi    
16:33:41 rearm-backend-6d79d5dcc8-rj9w4         46m    4617Mi   
16:33:41 rearm-keycloak-0                       2m     719Mi    
16:33:41 rearm-keycloak-postgres-0              1m     34Mi     
16:33:41 rearm-oci-artifact-5c69f5fd94-tvhcg    7m     51Mi     
16:33:41 rearm-postgresql-0                     547m   1680Mi   
16:33:41 rearm-rebom-backend-768fd58455-46nwc   1m     90Mi     
16:33:41 rearm-rebom-backend-768fd58455-dp9ps   9m     87Mi     
16:33:41 rearm-rebom-backend-768fd58455-tmqdc   0m     96Mi     
16:33:41 rearm-rebom-backend-768fd58455-vkfb5   1m     115Mi    
16:33:41 rearm-rebom-postgres-0                 24m    155Mi    
16:33:41 rearm-ui-5c9b8ddf9d-krkqk              1m     2Mi      
16:33:41 testreg-66bb8f476c-wt2mf               1m     44Mi     
16:33:41 zottest-ff7cfd65c-xbgvk                2m     681Mi    
16:34:12 rearm-backend-6d79d5dcc8-rj9w4         83m    4617Mi   
16:34:12 rearm-keycloak-0                       2m     719Mi    
16:34:12 rearm-keycloak-postgres-0              1m     34Mi     
16:34:12 rearm-oci-artifact-5c69f5fd94-tvhcg    12m    48Mi     
16:34:12 rearm-postgresql-0                     498m   1684Mi   
16:34:12 rearm-rebom-backend-768fd58455-46nwc   10m    79Mi     
16:34:12 rearm-rebom-backend-768fd58455-dp9ps   1m     85Mi     
16:34:12 rearm-rebom-backend-768fd58455-tmqdc   1m     96Mi     
16:34:12 rearm-rebom-backend-768fd58455-vkfb5   0m     115Mi    
16:34:12 rearm-rebom-postgres-0                 40m    155Mi    
16:34:12 rearm-ui-5c9b8ddf9d-krkqk              1m     2Mi      
16:34:12 testreg-66bb8f476c-wt2mf               1m     44Mi     
16:34:12 zottest-ff7cfd65c-xbgvk                3m     681Mi    
16:34:43 rearm-backend-6d79d5dcc8-rj9w4         45m    4617Mi   
16:34:43 rearm-keycloak-0                       2m     719Mi    
16:34:43 rearm-keycloak-postgres-0              1m     34Mi     
16:34:43 rearm-oci-artifact-5c69f5fd94-tvhcg    7m     53Mi     
16:34:43 rearm-postgresql-0                     550m   1686Mi   
16:34:43 rearm-rebom-backend-768fd58455-46nwc   10m    68Mi     
16:34:43 rearm-rebom-backend-768fd58455-dp9ps   0m     85Mi     
16:34:43 rearm-rebom-backend-768fd58455-tmqdc   0m     96Mi     
16:34:43 rearm-rebom-backend-768fd58455-vkfb5   1m     115Mi    
16:34:43 rearm-rebom-postgres-0                 25m    155Mi    
16:34:43 rearm-ui-5c9b8ddf9d-krkqk              1m     2Mi      
16:34:43 testreg-66bb8f476c-wt2mf               1m     44Mi     
16:34:43 zottest-ff7cfd65c-xbgvk                2m     681Mi    
16:35:13 rearm-backend-6d79d5dcc8-rj9w4         47m    4617Mi   
16:35:13 rearm-keycloak-0                       2m     719Mi    
16:35:13 rearm-keycloak-postgres-0              1m     34Mi     
16:35:13 rearm-oci-artifact-5c69f5fd94-tvhcg    7m     53Mi     
16:35:13 rearm-postgresql-0                     556m   1685Mi   
16:35:13 rearm-rebom-backend-768fd58455-46nwc   10m    74Mi     
16:35:13 rearm-rebom-backend-768fd58455-dp9ps   1m     85Mi     
16:35:13 rearm-rebom-backend-768fd58455-tmqdc   1m     96Mi     
16:35:13 rearm-rebom-backend-768fd58455-vkfb5   1m     115Mi    
16:35:13 rearm-rebom-postgres-0                 24m    155Mi    
16:35:13 rearm-ui-5c9b8ddf9d-krkqk              1m     2Mi      
16:35:13 testreg-66bb8f476c-wt2mf               1m     44Mi     
16:35:13 zottest-ff7cfd65c-xbgvk                2m     681Mi    
16:35:44 rearm-backend-6d79d5dcc8-rj9w4         44m    4617Mi   
16:35:44 rearm-keycloak-0                       2m     719Mi    
16:35:44 rearm-keycloak-postgres-0              1m     34Mi     
16:35:44 rearm-oci-artifact-5c69f5fd94-tvhcg    7m     52Mi     
16:35:44 rearm-postgresql-0                     578m   1685Mi   
16:35:44 rearm-rebom-backend-768fd58455-46nwc   9m     73Mi     
16:35:44 rearm-rebom-backend-768fd58455-dp9ps   1m     85Mi     
16:35:44 rearm-rebom-backend-768fd58455-tmqdc   0m     96Mi     
16:35:44 rearm-rebom-backend-768fd58455-vkfb5   1m     115Mi    
16:35:44 rearm-rebom-postgres-0                 24m    155Mi    
16:35:44 rearm-ui-5c9b8ddf9d-krkqk              1m     2Mi      
16:35:44 testreg-66bb8f476c-wt2mf               1m     44Mi     
16:35:44 zottest-ff7cfd65c-xbgvk                2m     681Mi    
16:36:15 rearm-backend-6d79d5dcc8-rj9w4         49m    4436Mi   
16:36:15 rearm-keycloak-0                       2m     719Mi    
16:36:15 rearm-keycloak-postgres-0              1m     34Mi     
16:36:15 rearm-oci-artifact-5c69f5fd94-tvhcg    14m    49Mi     
16:36:15 rearm-postgresql-0                     491m   1690Mi   
16:36:15 rearm-rebom-backend-768fd58455-46nwc   9m     74Mi     
16:36:15 rearm-rebom-backend-768fd58455-dp9ps   0m     85Mi     
16:36:15 rearm-rebom-backend-768fd58455-tmqdc   1m     96Mi     
16:36:15 rearm-rebom-backend-768fd58455-vkfb5   1m     115Mi    
16:36:15 rearm-rebom-postgres-0                 38m    155Mi    
16:36:15 rearm-ui-5c9b8ddf9d-krkqk              1m     2Mi      
16:36:15 testreg-66bb8f476c-wt2mf               1m     44Mi     
16:36:15 zottest-ff7cfd65c-xbgvk                3m     681Mi    
16:36:46 rearm-backend-6d79d5dcc8-rj9w4         47m    4165Mi   
16:36:46 rearm-keycloak-0                       2m     719Mi    
16:36:46 rearm-keycloak-postgres-0              1m     34Mi     
16:36:46 rearm-oci-artifact-5c69f5fd94-tvhcg    7m     50Mi     
16:36:46 rearm-postgresql-0                     607m   1687Mi   
16:36:46 rearm-rebom-backend-768fd58455-46nwc   12m    78Mi     
16:36:46 rearm-rebom-backend-768fd58455-dp9ps   1m     85Mi     
16:36:46 rearm-rebom-backend-768fd58455-tmqdc   0m     96Mi     
16:36:46 rearm-rebom-backend-768fd58455-vkfb5   0m     115Mi    
16:36:46 rearm-rebom-postgres-0                 24m    155Mi    
16:36:46 rearm-ui-5c9b8ddf9d-krkqk              1m     2Mi      
16:36:46 testreg-66bb8f476c-wt2mf               1m     44Mi     
16:36:46 zottest-ff7cfd65c-xbgvk                2m     681Mi    
16:37:17 rearm-backend-6d79d5dcc8-rj9w4         235m   3895Mi   
16:37:17 rearm-keycloak-0                       2m     719Mi    
16:37:17 rearm-keycloak-postgres-0              1m     34Mi     
16:37:17 rearm-oci-artifact-5c69f5fd94-tvhcg    7m     52Mi     
16:37:17 rearm-postgresql-0                     596m   1691Mi   
16:37:17 rearm-rebom-backend-768fd58455-46nwc   9m     89Mi     
16:37:17 rearm-rebom-backend-768fd58455-dp9ps   1m     85Mi     
16:37:17 rearm-rebom-backend-768fd58455-tmqdc   1m     96Mi     
16:37:17 rearm-rebom-backend-768fd58455-vkfb5   1m     115Mi    
16:37:17 rearm-rebom-postgres-0                 24m    155Mi    
16:37:17 rearm-ui-5c9b8ddf9d-krkqk              1m     2Mi      
16:37:17 testreg-66bb8f476c-wt2mf               1m     44Mi     
16:37:17 zottest-ff7cfd65c-xbgvk                2m     681Mi    
16:37:48 rearm-backend-6d79d5dcc8-rj9w4         981m   7477Mi   
16:37:48 rearm-keycloak-0                       2m     719Mi    
16:37:48 rearm-keycloak-postgres-0              1m     34Mi     
16:37:48 rearm-oci-artifact-5c69f5fd94-tvhcg    7m     52Mi     
16:37:48 rearm-postgresql-0                     956m   1708Mi   
16:37:48 rearm-rebom-backend-768fd58455-46nwc   8m     90Mi     
16:37:48 rearm-rebom-backend-768fd58455-dp9ps   0m     85Mi     
16:37:48 rearm-rebom-backend-768fd58455-tmqdc   0m     96Mi     
16:37:48 rearm-rebom-backend-768fd58455-vkfb5   0m     115Mi    
16:37:48 rearm-rebom-postgres-0                 24m    155Mi    
16:37:48 rearm-ui-5c9b8ddf9d-krkqk              1m     2Mi      
16:37:48 testreg-66bb8f476c-wt2mf               1m     44Mi     
16:37:48 zottest-ff7cfd65c-xbgvk                2m     681Mi    
16:38:19 rearm-backend-6d79d5dcc8-rj9w4         693m   7613Mi   
16:38:19 rearm-keycloak-0                       2m     719Mi    
16:38:19 rearm-keycloak-postgres-0              1m     34Mi     
16:38:19 rearm-oci-artifact-5c69f5fd94-tvhcg    13m    50Mi     
16:38:19 rearm-postgresql-0                     988m   1803Mi   
16:38:19 rearm-rebom-backend-768fd58455-46nwc   13m    88Mi     
16:38:19 rearm-rebom-backend-768fd58455-dp9ps   1m     85Mi     
16:38:19 rearm-rebom-backend-768fd58455-tmqdc   0m     96Mi     
16:38:19 rearm-rebom-backend-768fd58455-vkfb5   1m     115Mi    
16:38:19 rearm-rebom-postgres-0                 24m    155Mi    
16:38:19 rearm-ui-5c9b8ddf9d-krkqk              1m     2Mi      
16:38:19 testreg-66bb8f476c-wt2mf               1m     44Mi     
16:38:19 zottest-ff7cfd65c-xbgvk                3m     681Mi    
16:38:49 rearm-backend-6d79d5dcc8-rj9w4         62m    7613Mi   
16:38:49 rearm-keycloak-0                       2m     719Mi    
16:38:49 rearm-keycloak-postgres-0              1m     34Mi     
16:38:49 rearm-oci-artifact-5c69f5fd94-tvhcg    6m     52Mi     
16:38:49 rearm-postgresql-0                     576m   1738Mi   
16:38:49 rearm-rebom-backend-768fd58455-46nwc   8m     89Mi     
16:38:49 rearm-rebom-backend-768fd58455-dp9ps   1m     85Mi     
16:38:49 rearm-rebom-backend-768fd58455-tmqdc   1m     96Mi     
16:38:49 rearm-rebom-backend-768fd58455-vkfb5   0m     115Mi    
16:38:49 rearm-rebom-postgres-0                 24m    155Mi    
16:38:49 rearm-ui-5c9b8ddf9d-krkqk              1m     2Mi      
16:38:49 testreg-66bb8f476c-wt2mf               1m     44Mi     
16:38:49 zottest-ff7cfd65c-xbgvk                2m     681Mi    
16:39:20 rearm-backend-6d79d5dcc8-rj9w4         70m    7613Mi   
16:39:20 rearm-keycloak-0                       2m     719Mi    
16:39:20 rearm-keycloak-postgres-0              1m     34Mi     
16:39:20 rearm-oci-artifact-5c69f5fd94-tvhcg    7m     51Mi     
16:39:20 rearm-postgresql-0                     555m   1739Mi   
16:39:20 rearm-rebom-backend-768fd58455-46nwc   0m     91Mi     
16:39:20 rearm-rebom-backend-768fd58455-dp9ps   13m    62Mi     
16:39:20 rearm-rebom-backend-768fd58455-tmqdc   0m     96Mi     
16:39:20 rearm-rebom-backend-768fd58455-vkfb5   0m     115Mi    
16:39:20 rearm-rebom-postgres-0                 24m    155Mi    
16:39:20 rearm-ui-5c9b8ddf9d-krkqk              1m     2Mi      
16:39:20 testreg-66bb8f476c-wt2mf               1m     44Mi     
16:39:20 zottest-ff7cfd65c-xbgvk                2m     681Mi    
16:39:51 rearm-backend-6d79d5dcc8-rj9w4         44m    7613Mi   
16:39:51 rearm-keycloak-0                       2m     719Mi    
16:39:51 rearm-keycloak-postgres-0              1m     34Mi     
16:39:51 rearm-oci-artifact-5c69f5fd94-tvhcg    7m     52Mi     
16:39:51 rearm-postgresql-0                     550m   1736Mi   
16:39:51 rearm-rebom-backend-768fd58455-46nwc   0m     91Mi     
16:39:51 rearm-rebom-backend-768fd58455-dp9ps   11m    69Mi     
16:39:51 rearm-rebom-backend-768fd58455-tmqdc   1m     96Mi     
16:39:51 rearm-rebom-backend-768fd58455-vkfb5   0m     115Mi    
16:39:51 rearm-rebom-postgres-0                 24m    155Mi    
16:39:51 rearm-ui-5c9b8ddf9d-krkqk              1m     2Mi      
16:39:51 testreg-66bb8f476c-wt2mf               1m     44Mi     
16:39:51 zottest-ff7cfd65c-xbgvk                3m     681Mi    
16:40:22 rearm-backend-6d79d5dcc8-rj9w4         45m    7613Mi   
16:40:22 rearm-keycloak-0                       2m     719Mi    
16:40:22 rearm-keycloak-postgres-0              1m     34Mi     
16:40:22 rearm-oci-artifact-5c69f5fd94-tvhcg    10m    51Mi     
16:40:22 rearm-postgresql-0                     473m   1732Mi   
16:40:22 rearm-rebom-backend-768fd58455-46nwc   1m     91Mi     
16:40:22 rearm-rebom-backend-768fd58455-dp9ps   12m    70Mi     
16:40:22 rearm-rebom-backend-768fd58455-tmqdc   1m     96Mi     
16:40:22 rearm-rebom-backend-768fd58455-vkfb5   1m     115Mi    
16:40:22 rearm-rebom-postgres-0                 23m    155Mi    
16:40:22 rearm-ui-5c9b8ddf9d-krkqk              1m     2Mi      
16:40:22 testreg-66bb8f476c-wt2mf               1m     44Mi     
16:40:22 zottest-ff7cfd65c-xbgvk                2m     681Mi    
16:40:53 rearm-backend-6d79d5dcc8-rj9w4         45m    7613Mi   
16:40:53 rearm-keycloak-0                       2m     719Mi    
16:40:53 rearm-keycloak-postgres-0              1m     34Mi     
16:40:53 rearm-oci-artifact-5c69f5fd94-tvhcg    7m     51Mi     
16:40:53 rearm-postgresql-0                     556m   1724Mi   
16:40:53 rearm-rebom-backend-768fd58455-46nwc   0m     91Mi     
16:40:53 rearm-rebom-backend-768fd58455-dp9ps   9m     72Mi     
16:40:53 rearm-rebom-backend-768fd58455-tmqdc   1m     96Mi     
16:40:53 rearm-rebom-backend-768fd58455-vkfb5   0m     115Mi    
16:40:53 rearm-rebom-postgres-0                 24m    155Mi    
16:40:53 rearm-ui-5c9b8ddf9d-krkqk              1m     2Mi      
16:40:53 testreg-66bb8f476c-wt2mf               1m     44Mi     
16:40:53 zottest-ff7cfd65c-xbgvk                2m     681Mi    
16:41:24 rearm-backend-6d79d5dcc8-rj9w4         50m    7613Mi   
16:41:24 rearm-keycloak-0                       2m     719Mi    
16:41:24 rearm-keycloak-postgres-0              1m     34Mi     
16:41:24 rearm-oci-artifact-5c69f5fd94-tvhcg    7m     54Mi     
16:41:24 rearm-postgresql-0                     548m   1723Mi   
16:41:24 rearm-rebom-backend-768fd58455-46nwc   0m     91Mi     
16:41:24 rearm-rebom-backend-768fd58455-dp9ps   13m    79Mi     
16:41:24 rearm-rebom-backend-768fd58455-tmqdc   0m     96Mi     
16:41:24 rearm-rebom-backend-768fd58455-vkfb5   1m     115Mi    
16:41:24 rearm-rebom-postgres-0                 23m    155Mi    
16:41:24 rearm-ui-5c9b8ddf9d-krkqk              1m     2Mi      
16:41:24 testreg-66bb8f476c-wt2mf               1m     44Mi     
16:41:24 zottest-ff7cfd65c-xbgvk                2m     681Mi    
16:41:54 rearm-backend-6d79d5dcc8-rj9w4         62m    7613Mi   
16:41:54 rearm-keycloak-0                       2m     719Mi    
16:41:54 rearm-keycloak-postgres-0              1m     34Mi     
16:41:54 rearm-oci-artifact-5c69f5fd94-tvhcg    7m     53Mi     
16:41:54 rearm-postgresql-0                     556m   1723Mi   
16:41:54 rearm-rebom-backend-768fd58455-46nwc   1m     91Mi     
16:41:54 rearm-rebom-backend-768fd58455-dp9ps   10m    85Mi     
16:41:54 rearm-rebom-backend-768fd58455-tmqdc   1m     96Mi     
16:41:54 rearm-rebom-backend-768fd58455-vkfb5   0m     115Mi    
16:41:54 rearm-rebom-postgres-0                 24m    155Mi    
16:41:54 rearm-ui-5c9b8ddf9d-krkqk              1m     2Mi      
16:41:54 testreg-66bb8f476c-wt2mf               1m     44Mi     
16:41:54 zottest-ff7cfd65c-xbgvk                3m     681Mi    
16:42:25 rearm-backend-6d79d5dcc8-rj9w4         47m    7613Mi   
16:42:25 rearm-keycloak-0                       2m     719Mi    
16:42:25 rearm-keycloak-postgres-0              1m     34Mi     
16:42:25 rearm-oci-artifact-5c69f5fd94-tvhcg    14m    53Mi     
16:42:25 rearm-postgresql-0                     633m   1729Mi   
16:42:25 rearm-rebom-backend-768fd58455-46nwc   0m     91Mi     
16:42:25 rearm-rebom-backend-768fd58455-dp9ps   9m     88Mi     
16:42:25 rearm-rebom-backend-768fd58455-tmqdc   1m     96Mi     
16:42:25 rearm-rebom-backend-768fd58455-vkfb5   0m     115Mi    
16:42:25 rearm-rebom-postgres-0                 24m    155Mi    
16:42:25 rearm-ui-5c9b8ddf9d-krkqk              1m     2Mi      
16:42:25 testreg-66bb8f476c-wt2mf               1m     44Mi     
16:42:25 zottest-ff7cfd65c-xbgvk                2m     681Mi    
16:42:56 rearm-backend-6d79d5dcc8-rj9w4         44m    7613Mi   
16:42:56 rearm-keycloak-0                       2m     719Mi    
16:42:56 rearm-keycloak-postgres-0              1m     34Mi     
16:42:56 rearm-oci-artifact-5c69f5fd94-tvhcg    7m     52Mi     
16:42:56 rearm-postgresql-0                     579m   1730Mi   
16:42:56 rearm-rebom-backend-768fd58455-46nwc   0m     91Mi     
16:42:56 rearm-rebom-backend-768fd58455-dp9ps   10m    86Mi     
16:42:56 rearm-rebom-backend-768fd58455-tmqdc   0m     96Mi     
16:42:56 rearm-rebom-backend-768fd58455-vkfb5   1m     115Mi    
16:42:56 rearm-rebom-postgres-0                 25m    155Mi    
16:42:56 rearm-ui-5c9b8ddf9d-krkqk              1m     2Mi      
16:42:56 testreg-66bb8f476c-wt2mf               1m     44Mi     
16:42:56 zottest-ff7cfd65c-xbgvk                2m     681Mi    
16:43:27 rearm-backend-6d79d5dcc8-rj9w4         73m    7613Mi   
16:43:27 rearm-keycloak-0                       2m     719Mi    
16:43:27 rearm-keycloak-postgres-0              1m     34Mi     
16:43:27 rearm-oci-artifact-5c69f5fd94-tvhcg    7m     52Mi     
16:43:27 rearm-postgresql-0                     591m   1715Mi   
16:43:27 rearm-rebom-backend-768fd58455-46nwc   1m     91Mi     
16:43:27 rearm-rebom-backend-768fd58455-dp9ps   9m     88Mi     
16:43:27 rearm-rebom-backend-768fd58455-tmqdc   1m     96Mi     
16:43:27 rearm-rebom-backend-768fd58455-vkfb5   0m     115Mi    
16:43:27 rearm-rebom-postgres-0                 24m    155Mi    
16:43:27 rearm-ui-5c9b8ddf9d-krkqk              1m     2Mi      
16:43:27 testreg-66bb8f476c-wt2mf               1m     44Mi     
16:43:27 zottest-ff7cfd65c-xbgvk                2m     681Mi    
16:43:58 rearm-backend-6d79d5dcc8-rj9w4         43m    7613Mi   
16:43:58 rearm-keycloak-0                       2m     719Mi    
16:43:58 rearm-keycloak-postgres-0              1m     34Mi     
16:43:58 rearm-oci-artifact-5c69f5fd94-tvhcg    7m     54Mi     
16:43:58 rearm-postgresql-0                     575m   1716Mi   
16:43:58 rearm-rebom-backend-768fd58455-46nwc   0m     91Mi     
16:43:58 rearm-rebom-backend-768fd58455-dp9ps   9m     85Mi     
16:43:58 rearm-rebom-backend-768fd58455-tmqdc   0m     96Mi     
16:43:58 rearm-rebom-backend-768fd58455-vkfb5   0m     115Mi    
16:43:58 rearm-rebom-postgres-0                 23m    155Mi    
16:43:58 rearm-ui-5c9b8ddf9d-krkqk              1m     2Mi      
16:43:58 testreg-66bb8f476c-wt2mf               1m     44Mi     
16:43:58 zottest-ff7cfd65c-xbgvk                3m     681Mi    
16:44:28 rearm-backend-6d79d5dcc8-rj9w4         90m    7613Mi   
16:44:28 rearm-keycloak-0                       2m     719Mi    
16:44:28 rearm-keycloak-postgres-0              1m     34Mi     
16:44:28 rearm-oci-artifact-5c69f5fd94-tvhcg    8m     50Mi     
16:44:28 rearm-postgresql-0                     553m   1719Mi   
16:44:28 rearm-rebom-backend-768fd58455-46nwc   1m     91Mi     
16:44:28 rearm-rebom-backend-768fd58455-dp9ps   0m     85Mi     
16:44:28 rearm-rebom-backend-768fd58455-tmqdc   12m    67Mi     
16:44:28 rearm-rebom-backend-768fd58455-vkfb5   0m     115Mi    
16:44:28 rearm-rebom-postgres-0                 25m    155Mi    
16:44:28 rearm-ui-5c9b8ddf9d-krkqk              1m     2Mi      
16:44:28 testreg-66bb8f476c-wt2mf               1m     44Mi     
16:44:28 zottest-ff7cfd65c-xbgvk                2m     681Mi    
16:44:59 rearm-backend-6d79d5dcc8-rj9w4         46m    7613Mi   
16:44:59 rearm-keycloak-0                       2m     719Mi    
16:44:59 rearm-keycloak-postgres-0              1m     34Mi     
16:44:59 rearm-oci-artifact-5c69f5fd94-tvhcg    8m     51Mi     
16:44:59 rearm-postgresql-0                     550m   1720Mi   
16:44:59 rearm-rebom-backend-768fd58455-46nwc   1m     91Mi     
16:44:59 rearm-rebom-backend-768fd58455-dp9ps   1m     85Mi     
16:44:59 rearm-rebom-backend-768fd58455-tmqdc   15m    72Mi     
16:44:59 rearm-rebom-backend-768fd58455-vkfb5   1m     115Mi    
16:44:59 rearm-rebom-postgres-0                 24m    155Mi    
16:44:59 rearm-ui-5c9b8ddf9d-krkqk              1m     2Mi      
16:44:59 testreg-66bb8f476c-wt2mf               1m     44Mi     
16:44:59 zottest-ff7cfd65c-xbgvk                2m     681Mi    
16:45:30 rearm-backend-6d79d5dcc8-rj9w4         53m    7613Mi   
16:45:30 rearm-keycloak-0                       2m     719Mi    
16:45:30 rearm-keycloak-postgres-0              1m     34Mi     
16:45:30 rearm-oci-artifact-5c69f5fd94-tvhcg    7m     52Mi     
16:45:30 rearm-postgresql-0                     541m   1721Mi   
16:45:30 rearm-rebom-backend-768fd58455-46nwc   0m     91Mi     
16:45:30 rearm-rebom-backend-768fd58455-dp9ps   1m     85Mi     
16:45:30 rearm-rebom-backend-768fd58455-tmqdc   9m     74Mi     
16:45:30 rearm-rebom-backend-768fd58455-vkfb5   0m     115Mi    
16:45:30 rearm-rebom-postgres-0                 25m    155Mi    
16:45:30 rearm-ui-5c9b8ddf9d-krkqk              1m     2Mi      
16:45:30 testreg-66bb8f476c-wt2mf               1m     44Mi     
16:45:30 zottest-ff7cfd65c-xbgvk                2m     681Mi    
16:46:01 rearm-backend-6d79d5dcc8-rj9w4         59m    7613Mi   
16:46:01 rearm-keycloak-0                       2m     719Mi    
16:46:01 rearm-keycloak-postgres-0              1m     34Mi     
16:46:01 rearm-oci-artifact-5c69f5fd94-tvhcg    7m     51Mi     
16:46:01 rearm-postgresql-0                     546m   1722Mi   
16:46:01 rearm-rebom-backend-768fd58455-46nwc   0m     91Mi     
16:46:01 rearm-rebom-backend-768fd58455-dp9ps   1m     85Mi     
16:46:01 rearm-rebom-backend-768fd58455-tmqdc   12m    73Mi     
16:46:01 rearm-rebom-backend-768fd58455-vkfb5   1m     115Mi    
16:46:01 rearm-rebom-postgres-0                 24m    155Mi    
16:46:01 rearm-ui-5c9b8ddf9d-krkqk              1m     2Mi      
16:46:01 testreg-66bb8f476c-wt2mf               1m     44Mi     
16:46:01 zottest-ff7cfd65c-xbgvk                2m     681Mi    
16:46:32 rearm-backend-6d79d5dcc8-rj9w4         78m    7613Mi   
16:46:32 rearm-keycloak-0                       2m     719Mi    
16:46:32 rearm-keycloak-postgres-0              1m     34Mi     
16:46:32 rearm-oci-artifact-5c69f5fd94-tvhcg    13m    51Mi     
16:46:32 rearm-postgresql-0                     601m   1719Mi   
16:46:32 rearm-rebom-backend-768fd58455-46nwc   1m     91Mi     
16:46:32 rearm-rebom-backend-768fd58455-dp9ps   1m     85Mi     
16:46:32 rearm-rebom-backend-768fd58455-tmqdc   11m    84Mi     
16:46:32 rearm-rebom-backend-768fd58455-vkfb5   1m     115Mi    
16:46:32 rearm-rebom-postgres-0                 31m    155Mi    
16:46:32 rearm-ui-5c9b8ddf9d-krkqk              1m     2Mi      
16:46:32 testreg-66bb8f476c-wt2mf               1m     44Mi     
16:46:32 zottest-ff7cfd65c-xbgvk                2m     681Mi    
16:47:03 rearm-backend-6d79d5dcc8-rj9w4         45m    7613Mi   
16:47:03 rearm-keycloak-0                       2m     719Mi    
16:47:03 rearm-keycloak-postgres-0              1m     34Mi     
16:47:03 rearm-oci-artifact-5c69f5fd94-tvhcg    7m     53Mi     
16:47:03 rearm-postgresql-0                     578m   1717Mi   
16:47:03 rearm-rebom-backend-768fd58455-46nwc   0m     91Mi     
16:47:03 rearm-rebom-backend-768fd58455-dp9ps   0m     85Mi     
16:47:03 rearm-rebom-backend-768fd58455-tmqdc   9m     87Mi     
16:47:03 rearm-rebom-backend-768fd58455-vkfb5   0m     115Mi    
16:47:03 rearm-rebom-postgres-0                 23m    155Mi    
16:47:03 rearm-ui-5c9b8ddf9d-krkqk              1m     2Mi      
16:47:03 testreg-66bb8f476c-wt2mf               1m     44Mi     
16:47:03 zottest-ff7cfd65c-xbgvk                2m     681Mi    
16:47:33 rearm-backend-6d79d5dcc8-rj9w4         51m    7613Mi   
16:47:33 rearm-keycloak-0                       2m     719Mi    
16:47:33 rearm-keycloak-postgres-0              1m     34Mi     
16:47:33 rearm-oci-artifact-5c69f5fd94-tvhcg    7m     50Mi     
16:47:33 rearm-postgresql-0                     541m   1718Mi   
16:47:33 rearm-rebom-backend-768fd58455-46nwc   0m     91Mi     
16:47:33 rearm-rebom-backend-768fd58455-dp9ps   0m     85Mi     
16:47:33 rearm-rebom-backend-768fd58455-tmqdc   14m    87Mi     
16:47:33 rearm-rebom-backend-768fd58455-vkfb5   0m     115Mi    
16:47:33 rearm-rebom-postgres-0                 28m    155Mi    
16:47:33 rearm-ui-5c9b8ddf9d-krkqk              1m     2Mi      
16:47:33 testreg-66bb8f476c-wt2mf               1m     44Mi     
16:47:33 zottest-ff7cfd65c-xbgvk                2m     681Mi    
16:48:04 rearm-backend-6d79d5dcc8-rj9w4         63m    7342Mi   
16:48:04 rearm-keycloak-0                       2m     719Mi    
16:48:04 rearm-keycloak-postgres-0              1m     34Mi     
16:48:04 rearm-oci-artifact-5c69f5fd94-tvhcg    8m     53Mi     
16:48:04 rearm-postgresql-0                     506m   1715Mi   
16:48:04 rearm-rebom-backend-768fd58455-46nwc   1m     91Mi     
16:48:04 rearm-rebom-backend-768fd58455-dp9ps   1m     85Mi     
16:48:04 rearm-rebom-backend-768fd58455-tmqdc   11m    88Mi     
16:48:04 rearm-rebom-backend-768fd58455-vkfb5   1m     115Mi    
16:48:04 rearm-rebom-postgres-0                 29m    155Mi    
16:48:04 rearm-ui-5c9b8ddf9d-krkqk              1m     2Mi      
16:48:04 testreg-66bb8f476c-wt2mf               1m     44Mi     
16:48:04 zottest-ff7cfd65c-xbgvk                3m     681Mi    
16:48:35 rearm-backend-6d79d5dcc8-rj9w4         54m    6709Mi   
16:48:35 rearm-keycloak-0                       2m     719Mi    
16:48:35 rearm-keycloak-postgres-0              1m     34Mi     
16:48:35 rearm-oci-artifact-5c69f5fd94-tvhcg    8m     52Mi     
16:48:35 rearm-postgresql-0                     488m   1719Mi   
16:48:35 rearm-rebom-backend-768fd58455-46nwc   1m     91Mi     
16:48:35 rearm-rebom-backend-768fd58455-dp9ps   1m     85Mi     
16:48:35 rearm-rebom-backend-768fd58455-tmqdc   14m    87Mi     
16:48:35 rearm-rebom-backend-768fd58455-vkfb5   0m     115Mi    
16:48:35 rearm-rebom-postgres-0                 27m    155Mi    
16:48:35 rearm-ui-5c9b8ddf9d-krkqk              1m     2Mi      
16:48:35 testreg-66bb8f476c-wt2mf               1m     44Mi     
16:48:35 zottest-ff7cfd65c-xbgvk                2m     681Mi    
16:49:06 rearm-backend-6d79d5dcc8-rj9w4         73m    6168Mi   
16:49:06 rearm-keycloak-0                       2m     719Mi    
16:49:06 rearm-keycloak-postgres-0              1m     34Mi     
16:49:06 rearm-oci-artifact-5c69f5fd94-tvhcg    7m     50Mi     
16:49:06 rearm-postgresql-0                     495m   1719Mi   
16:49:06 rearm-rebom-backend-768fd58455-46nwc   11m    86Mi     
16:49:06 rearm-rebom-backend-768fd58455-dp9ps   1m     85Mi     
16:49:06 rearm-rebom-backend-768fd58455-tmqdc   1m     112Mi    
16:49:06 rearm-rebom-backend-768fd58455-vkfb5   1m     115Mi    
16:49:06 rearm-rebom-postgres-0                 28m    157Mi    
16:49:06 rearm-ui-5c9b8ddf9d-krkqk              1m     2Mi      
16:49:06 testreg-66bb8f476c-wt2mf               1m     44Mi     
16:49:06 zottest-ff7cfd65c-xbgvk                2m     681Mi    
16:49:37 rearm-backend-6d79d5dcc8-rj9w4         56m    5716Mi   
16:49:37 rearm-keycloak-0                       2m     719Mi    
16:49:37 rearm-keycloak-postgres-0              1m     34Mi     
16:49:37 rearm-oci-artifact-5c69f5fd94-tvhcg    8m     51Mi     
16:49:37 rearm-postgresql-0                     491m   1719Mi   
16:49:37 rearm-rebom-backend-768fd58455-46nwc   13m    66Mi     
16:49:37 rearm-rebom-backend-768fd58455-dp9ps   0m     85Mi     
16:49:37 rearm-rebom-backend-768fd58455-tmqdc   1m     112Mi    
16:49:37 rearm-rebom-backend-768fd58455-vkfb5   1m     115Mi    
16:49:37 rearm-rebom-postgres-0                 26m    155Mi    
16:49:37 rearm-ui-5c9b8ddf9d-krkqk              1m     2Mi      
16:49:37 testreg-66bb8f476c-wt2mf               1m     44Mi     
16:49:37 zottest-ff7cfd65c-xbgvk                2m     681Mi    
16:50:07 rearm-backend-6d79d5dcc8-rj9w4         82m    5083Mi   
16:50:07 rearm-keycloak-0                       2m     719Mi    
16:50:07 rearm-keycloak-postgres-0              1m     34Mi     
16:50:07 rearm-oci-artifact-5c69f5fd94-tvhcg    8m     54Mi     
16:50:07 rearm-postgresql-0                     460m   1719Mi   
16:50:07 rearm-rebom-backend-768fd58455-46nwc   11m    73Mi     
16:50:07 rearm-rebom-backend-768fd58455-dp9ps   0m     85Mi     
16:50:07 rearm-rebom-backend-768fd58455-tmqdc   0m     112Mi    
16:50:07 rearm-rebom-backend-768fd58455-vkfb5   1m     115Mi    
16:50:07 rearm-rebom-postgres-0                 26m    155Mi    
16:50:07 rearm-ui-5c9b8ddf9d-krkqk              1m     2Mi      
16:50:07 testreg-66bb8f476c-wt2mf               1m     44Mi     
16:50:07 zottest-ff7cfd65c-xbgvk                2m     681Mi    
16:50:38 rearm-backend-6d79d5dcc8-rj9w4         62m    4812Mi   
16:50:38 rearm-keycloak-0                       2m     719Mi    
16:50:38 rearm-keycloak-postgres-0              1m     34Mi     
16:50:38 rearm-oci-artifact-5c69f5fd94-tvhcg    8m     52Mi     
16:50:38 rearm-postgresql-0                     488m   1715Mi   
16:50:38 rearm-rebom-backend-768fd58455-46nwc   11m    74Mi     
16:50:38 rearm-rebom-backend-768fd58455-dp9ps   1m     85Mi     
16:50:38 rearm-rebom-backend-768fd58455-tmqdc   0m     112Mi    
16:50:38 rearm-rebom-backend-768fd58455-vkfb5   1m     115Mi    
16:50:38 rearm-rebom-postgres-0                 27m    155Mi    
16:50:38 rearm-ui-5c9b8ddf9d-krkqk              1m     2Mi      
16:50:38 testreg-66bb8f476c-wt2mf               1m     44Mi     
16:50:38 zottest-ff7cfd65c-xbgvk                2m     681Mi    
16:51:09 rearm-backend-6d79d5dcc8-rj9w4         51m    4812Mi   
16:51:09 rearm-keycloak-0                       2m     719Mi    
16:51:09 rearm-keycloak-postgres-0              1m     34Mi     
16:51:09 rearm-oci-artifact-5c69f5fd94-tvhcg    9m     52Mi     
16:51:09 rearm-postgresql-0                     519m   1715Mi   
16:51:09 rearm-rebom-backend-768fd58455-46nwc   10m    76Mi     
16:51:09 rearm-rebom-backend-768fd58455-dp9ps   1m     85Mi     
16:51:09 rearm-rebom-backend-768fd58455-tmqdc   1m     112Mi    
16:51:09 rearm-rebom-backend-768fd58455-vkfb5   1m     115Mi    
16:51:09 rearm-rebom-postgres-0                 27m    155Mi    
16:51:09 rearm-ui-5c9b8ddf9d-krkqk              1m     2Mi      
16:51:09 testreg-66bb8f476c-wt2mf               1m     44Mi     
16:51:09 zottest-ff7cfd65c-xbgvk                2m     681Mi    
16:51:40 rearm-backend-6d79d5dcc8-rj9w4         67m    4812Mi   
16:51:40 rearm-keycloak-0                       2m     719Mi    
16:51:40 rearm-keycloak-postgres-0              1m     34Mi     
16:51:40 rearm-oci-artifact-5c69f5fd94-tvhcg    7m     52Mi     
16:51:40 rearm-postgresql-0                     535m   1717Mi   
16:51:40 rearm-rebom-backend-768fd58455-46nwc   11m    88Mi     
16:51:40 rearm-rebom-backend-768fd58455-dp9ps   0m     85Mi     
16:51:40 rearm-rebom-backend-768fd58455-tmqdc   0m     112Mi    
16:51:40 rearm-rebom-backend-768fd58455-vkfb5   1m     115Mi    
16:51:40 rearm-rebom-postgres-0                 37m    155Mi    
16:51:40 rearm-ui-5c9b8ddf9d-krkqk              1m     2Mi      
16:51:40 testreg-66bb8f476c-wt2mf               1m     44Mi     
16:51:40 zottest-ff7cfd65c-xbgvk                2m     681Mi    
16:52:11 rearm-backend-6d79d5dcc8-rj9w4         54m    4812Mi   
16:52:11 rearm-keycloak-0                       2m     719Mi    
16:52:11 rearm-keycloak-postgres-0              1m     34Mi     
16:52:11 rearm-oci-artifact-5c69f5fd94-tvhcg    8m     52Mi     
16:52:11 rearm-postgresql-0                     545m   1716Mi   
16:52:11 rearm-rebom-backend-768fd58455-46nwc   10m    90Mi     
16:52:11 rearm-rebom-backend-768fd58455-dp9ps   0m     85Mi     
16:52:11 rearm-rebom-backend-768fd58455-tmqdc   0m     112Mi    
16:52:11 rearm-rebom-backend-768fd58455-vkfb5   1m     115Mi    
16:52:11 rearm-rebom-postgres-0                 29m    155Mi    
16:52:11 rearm-ui-5c9b8ddf9d-krkqk              1m     2Mi      
16:52:11 testreg-66bb8f476c-wt2mf               1m     44Mi     
16:52:11 zottest-ff7cfd65c-xbgvk                2m     681Mi    
16:52:42 rearm-backend-6d79d5dcc8-rj9w4         81m    4812Mi   
16:52:42 rearm-keycloak-0                       2m     719Mi    
16:52:42 rearm-keycloak-postgres-0              1m     34Mi     
16:52:42 rearm-oci-artifact-5c69f5fd94-tvhcg    8m     55Mi     
16:52:42 rearm-postgresql-0                     561m   1721Mi   
16:52:42 rearm-rebom-backend-768fd58455-46nwc   13m    87Mi     
16:52:42 rearm-rebom-backend-768fd58455-dp9ps   1m     85Mi     
16:52:42 rearm-rebom-backend-768fd58455-tmqdc   1m     112Mi    
16:52:42 rearm-rebom-backend-768fd58455-vkfb5   1m     115Mi    
16:52:42 rearm-rebom-postgres-0                 26m    155Mi    
16:52:42 rearm-ui-5c9b8ddf9d-krkqk              1m     2Mi      
16:52:42 testreg-66bb8f476c-wt2mf               1m     44Mi     
16:52:42 zottest-ff7cfd65c-xbgvk                2m     681Mi    
16:53:13 rearm-backend-6d79d5dcc8-rj9w4         50m    4812Mi   
16:53:13 rearm-keycloak-0                       2m     719Mi    
16:53:13 rearm-keycloak-postgres-0              1m     34Mi     
16:53:13 rearm-oci-artifact-5c69f5fd94-tvhcg    8m     52Mi     
16:53:13 rearm-postgresql-0                     552m   1722Mi   
16:53:13 rearm-rebom-backend-768fd58455-46nwc   9m     90Mi     
16:53:13 rearm-rebom-backend-768fd58455-dp9ps   1m     85Mi     
16:53:13 rearm-rebom-backend-768fd58455-tmqdc   0m     112Mi    
16:53:13 rearm-rebom-backend-768fd58455-vkfb5   1m     115Mi    
16:53:13 rearm-rebom-postgres-0                 27m    155Mi    
16:53:13 rearm-ui-5c9b8ddf9d-krkqk              1m     2Mi      
16:53:13 testreg-66bb8f476c-wt2mf               1m     44Mi     
16:53:13 zottest-ff7cfd65c-xbgvk                2m     681Mi    
16:53:43 rearm-backend-6d79d5dcc8-rj9w4         109m   4812Mi   
16:53:43 rearm-keycloak-0                       2m     719Mi    
16:53:43 rearm-keycloak-postgres-0              1m     34Mi     
16:53:43 rearm-oci-artifact-5c69f5fd94-tvhcg    18m    50Mi     
16:53:43 rearm-postgresql-0                     351m   1722Mi   
16:53:43 rearm-rebom-backend-768fd58455-46nwc   13m    90Mi     
16:53:43 rearm-rebom-backend-768fd58455-dp9ps   0m     85Mi     
16:53:43 rearm-rebom-backend-768fd58455-tmqdc   0m     112Mi    
16:53:43 rearm-rebom-backend-768fd58455-vkfb5   0m     115Mi    
16:53:43 rearm-rebom-postgres-0                 58m    155Mi    
16:53:43 rearm-ui-5c9b8ddf9d-krkqk              1m     2Mi      
16:53:43 testreg-66bb8f476c-wt2mf               1m     44Mi     
16:53:43 zottest-ff7cfd65c-xbgvk                2m     681Mi    
16:54:14 rearm-backend-6d79d5dcc8-rj9w4         225m   4812Mi   
16:54:14 rearm-keycloak-0                       2m     719Mi    
16:54:14 rearm-keycloak-postgres-0              1m     34Mi     
16:54:14 rearm-oci-artifact-5c69f5fd94-tvhcg    31m    49Mi     
16:54:14 rearm-postgresql-0                     238m   1713Mi   
16:54:14 rearm-rebom-backend-768fd58455-46nwc   13m    91Mi     
16:54:14 rearm-rebom-backend-768fd58455-dp9ps   1m     85Mi     
16:54:14 rearm-rebom-backend-768fd58455-tmqdc   1m     112Mi    
16:54:14 rearm-rebom-backend-768fd58455-vkfb5   1m     115Mi    
16:54:14 rearm-rebom-postgres-0                 76m    155Mi    
16:54:14 rearm-ui-5c9b8ddf9d-krkqk              1m     2Mi      
16:54:14 testreg-66bb8f476c-wt2mf               1m     44Mi     
16:54:14 zottest-ff7cfd65c-xbgvk                3m     681Mi    
16:54:45 rearm-backend-6d79d5dcc8-rj9w4         213m   4812Mi   
16:54:45 rearm-keycloak-0                       2m     719Mi    
16:54:45 rearm-keycloak-postgres-0              1m     34Mi     
16:54:45 rearm-oci-artifact-5c69f5fd94-tvhcg    31m    48Mi     
16:54:45 rearm-postgresql-0                     245m   1716Mi   
16:54:45 rearm-rebom-backend-768fd58455-46nwc   14m    69Mi     
16:54:45 rearm-rebom-backend-768fd58455-dp9ps   1m     85Mi     
16:54:45 rearm-rebom-backend-768fd58455-tmqdc   0m     112Mi    
16:54:45 rearm-rebom-backend-768fd58455-vkfb5   0m     115Mi    
16:54:45 rearm-rebom-postgres-0                 70m    155Mi    
16:54:45 rearm-ui-5c9b8ddf9d-krkqk              1m     2Mi      
16:54:45 testreg-66bb8f476c-wt2mf               1m     44Mi     
16:54:45 zottest-ff7cfd65c-xbgvk                2m     681Mi    
16:55:16 rearm-backend-6d79d5dcc8-rj9w4         52m    4812Mi   
16:55:16 rearm-keycloak-0                       2m     719Mi    
16:55:16 rearm-keycloak-postgres-0              1m     34Mi     
16:55:16 rearm-oci-artifact-5c69f5fd94-tvhcg    42m    44Mi     
16:55:16 rearm-postgresql-0                     259m   1713Mi   
16:55:16 rearm-rebom-backend-768fd58455-46nwc   23m    65Mi     
16:55:16 rearm-rebom-backend-768fd58455-dp9ps   0m     85Mi     
16:55:16 rearm-rebom-backend-768fd58455-tmqdc   0m     112Mi    
16:55:16 rearm-rebom-backend-768fd58455-vkfb5   1m     115Mi    
16:55:16 rearm-rebom-postgres-0                 101m   155Mi    
16:55:16 rearm-ui-5c9b8ddf9d-krkqk              1m     2Mi      
16:55:16 testreg-66bb8f476c-wt2mf               1m     44Mi     
16:55:16 zottest-ff7cfd65c-xbgvk                3m     681Mi    
16:55:47 rearm-backend-6d79d5dcc8-rj9w4         48m    4812Mi   
16:55:47 rearm-keycloak-0                       2m     719Mi    
16:55:47 rearm-keycloak-postgres-0              1m     34Mi     
16:55:47 rearm-oci-artifact-5c69f5fd94-tvhcg    43m    44Mi     
16:55:47 rearm-postgresql-0                     197m   1713Mi   
16:55:47 rearm-rebom-backend-768fd58455-46nwc   19m    72Mi     
16:55:47 rearm-rebom-backend-768fd58455-dp9ps   1m     85Mi     
16:55:47 rearm-rebom-backend-768fd58455-tmqdc   0m     112Mi    
16:55:47 rearm-rebom-backend-768fd58455-vkfb5   1m     115Mi    
16:55:47 rearm-rebom-postgres-0                 95m    155Mi    
16:55:47 rearm-ui-5c9b8ddf9d-krkqk              1m     2Mi      
16:55:47 testreg-66bb8f476c-wt2mf               1m     44Mi     
16:55:47 zottest-ff7cfd65c-xbgvk                2m     681Mi    
16:56:18 rearm-backend-6d79d5dcc8-rj9w4         61m    4721Mi   
16:56:18 rearm-keycloak-0                       2m     719Mi    
16:56:18 rearm-keycloak-postgres-0              1m     34Mi     
16:56:18 rearm-oci-artifact-5c69f5fd94-tvhcg    43m    44Mi     
16:56:18 rearm-postgresql-0                     242m   1713Mi   
16:56:18 rearm-rebom-backend-768fd58455-46nwc   21m    78Mi     
16:56:18 rearm-rebom-backend-768fd58455-dp9ps   0m     85Mi     
16:56:18 rearm-rebom-backend-768fd58455-tmqdc   0m     112Mi    
16:56:18 rearm-rebom-backend-768fd58455-vkfb5   1m     115Mi    
16:56:18 rearm-rebom-postgres-0                 93m    155Mi    
16:56:18 rearm-ui-5c9b8ddf9d-krkqk              1m     2Mi      
16:56:18 testreg-66bb8f476c-wt2mf               1m     44Mi     
16:56:18 zottest-ff7cfd65c-xbgvk                3m     681Mi    
16:56:49 rearm-backend-6d79d5dcc8-rj9w4         41m    4631Mi   
16:56:49 rearm-keycloak-0                       2m     719Mi    
16:56:49 rearm-keycloak-postgres-0              1m     34Mi     
16:56:49 rearm-oci-artifact-5c69f5fd94-tvhcg    39m    44Mi     
16:56:49 rearm-postgresql-0                     212m   1710Mi   
16:56:49 rearm-rebom-backend-768fd58455-46nwc   17m    63Mi     
16:56:49 rearm-rebom-backend-768fd58455-dp9ps   1m     85Mi     
16:56:49 rearm-rebom-backend-768fd58455-tmqdc   1m     112Mi    
16:56:49 rearm-rebom-backend-768fd58455-vkfb5   1m     115Mi    
16:56:49 rearm-rebom-postgres-0                 92m    155Mi    
16:56:49 rearm-ui-5c9b8ddf9d-krkqk              1m     2Mi      
16:56:49 testreg-66bb8f476c-wt2mf               1m     44Mi     
16:56:49 zottest-ff7cfd65c-xbgvk                2m     681Mi    
